OBJECTID,INDEX,ACCNUM,DATE,TIME,STREET1,STREET2,OFFSET,ROAD_CLASS,DISTRICT,LATITUDE,LONGITUDE,ACCLOC,TRAFFCTL,VISIBILITY,LIGHT,RDSFCOND,ACCLASS,IMPACTYPE,INVTYPE,INVAGE,INJURY,FATAL_NO,INITDIR,VEHTYPE,MANOEUVER,DRIVACT,DRIVCOND,PEDTYPE,PEDACT,PEDCOND,CYCLISTYPE,CYCACT,CYCCOND,PEDESTRIAN,CYCLIST,AUTOMOBILE,MOTORCYCLE,TRUCK,TRSN_CITY_VEH,EMERG_VEH,PASSENGER,SPEEDING,AG_DRIV,REDLIGHT,ALCOHOL,DISABILITY,HOOD_158,NEIGHBOURHOOD_158,HOOD_140,NEIGHBOURHOOD_140,DIVISION,x,y
117,3492924,931773,10/5/2006 4:00:00 AM,1940,QUEEN ST E,LOGAN AVE,,Minor Arterial,Toronto and East York,43.660545,-79.34249,At Intersection,Traffic Signal,Clear,Dark,Dry,Non-Fatal Injury,Cyclist Collisions,Driver,35 to 39,Minimal,,South,"Automobile, Station Wagon",Going Ahead,Driving Properly,Normal,,,,,,,,Yes,Yes,,,,,Yes,,Yes,Yes,,,70,South Riverdale,70,South Riverdale (70),D55,633645.882562262,4835505.28322278
118,3492925,931773,10/5/2006 4:00:00 AM,1940,QUEEN ST E,LOGAN AVE,,Minor Arterial,Toronto and East York,43.660545,-79.34249,At Intersection,Traffic Signal,Clear,Dark,Dry,Non-Fatal Injury,Cyclist Collisions,Passenger,35 to 39,Minimal,,,Other,,,,,,,,,,,Yes,Yes,,,,,Yes,,Yes,Yes,,,70,South Riverdale,70,South Riverdale (70),D55,633645.882562262,4835505.28322278
119,3492926,931773,10/5/2006 4:00:00 AM,1940,QUEEN ST E,LOGAN AVE,,Minor Arterial,Toronto and East York,43.660545,-79.34249,At Intersection,Traffic Signal,Clear,Dark,Dry,Non-Fatal Injury,Cyclist Collisions,Vehicle Owner,unknown,,,,Other,,,,,,,,,,,Yes,Yes,,,,,Yes,,Yes,Yes,,,70,South Riverdale,70,South Riverdale (70),D55,633645.882562262,4835505.28322278
120,3492927,931773,10/5/2006 4:00:00 AM,1940,QUEEN ST E,LOGAN AVE,,Minor Arterial,Toronto and East York,43.660545,-79.34249,At Intersection,Traffic Signal,Clear,Dark,Dry,Non-Fatal Injury,Cyclist Collisions,Driver,25 to 29,Minimal,,East,Taxi,Going Ahead,Disobeyed Traffic Control,Inattentive,,,,,,,,Yes,Yes,,,,,Yes,,Yes,Yes,,,70,South Riverdale,70,South Riverdale (70),D55,633645.882562262,4835505.28322278
121,3492928,931773,10/5/2006 4:00:00 AM,1940,QUEEN ST E,LOGAN AVE,,Minor Arterial,Toronto and East York,43.660545,-79.34249,At Intersection,Traffic Signal,Clear,Dark,Dry,Non-Fatal Injury,Cyclist Collisions,Cyclist,30 to 34,Major,,North,Bicycle,Going Ahead,,,,,,"Motorist without ROW drives into path of cyclist at inter, lnwy, dwy-Driver not turn.",Driving Properly,Normal,,Yes,Yes,,,,,Yes,,Yes,Yes,,,70,South Riverdale,70,South Riverdale (70),D55,633645.882562262,4835505.28322278
122,3497661,933527,10/6/2006 4:00:00 AM,1830,ROGERS RD,GLENHOLME AVE,,Minor Arterial,Toronto and East York,43.686545,-79.441592,At Intersection,Traffic Signal,Clear,"Dusk, artificial",Dry,Non-Fatal Injury,Cyclist Collisions,Driver,75 to 79,None,,West,"Automobile, Station Wagon",Going Ahead,Driving Properly,Normal,,,,,,,,Yes,Yes,,,,,,,,,,,107,Oakwood Village,107,Oakwood Village (107),D13,625600.906631552,4838238.06944803
123,3497662,933527,10/6/2006 4:00:00 AM,1830,ROGERS RD,GLENHOLME AVE,,Minor Arterial,Toronto and East York,43.686545,-79.441592,At Intersection,Traffic Signal,Clear,"Dusk, artificial",Dry,Non-Fatal Injury,Cyclist Collisions,Cyclist,40 to 44,Major,,South,Bicycle,Going Ahead,,,,,,"Cyclist without ROW rides into path of motorist at inter, lnwy, dwy-Cyclist not turn.",Disobeyed Traffic Control,Normal,,Yes,Yes,,,,,,,,,,,107,Oakwood Village,107,Oakwood Village (107),D13,625600.906631552,4838238.06944803
124,3493593,932028,10/9/2006 4:00:00 AM,1002,PARLIAMENT ST,GERRARD ST E,,Minor Arterial,Toronto and East York,43.661945,-79.36699,At Intersection,Traffic Signal,Clear,Daylight,Dry,Non-Fatal Injury,Cyclist Collisions,Driver,25 to 29,None,,South,"Automobile, Station Wagon",Going Ahead,Driving Properly,Normal,,,,,,,,Yes,Yes,,,,,,,,,,,72,Regent Park,72,Regent Park (72),D51,631667.35298879,4835621.59838907
125,3493594,932028,10/9/2006 4:00:00 AM,1002,PARLIAMENT ST,GERRARD ST E,,Minor Arterial,Toronto and East York,43.661945,-79.36699,At Intersection,Traffic Signal,Clear,Daylight,Dry,Non-Fatal Injury,Cyclist Collisions,Cyclist,35 to 39,Major,,East,Bicycle,Turning Left,,,,,,Cyclist turned left across motorists path.,Improper Turn,Normal,,Yes,Yes,,,,,,,,,,,72,Regent Park,72,Regent Park (72),D51,631667.35298879,4835621.59838907
126,3493632,932044,10/10/2006 4:00:00 AM,743,CARSLAKE CRES,DANFORTH RD,,Major Arterial,Scarborough,43.747145,-79.24459,At Intersection,Stop Sign,Clear,Daylight,Dry,Non-Fatal Injury,Cyclist Collisions,Driver,50 to 54,None,,West,"Automobile, Station Wagon",Turning Right,Failed to Yield Right of Way,Normal,,,,,,,,Yes,Yes,,,,,,,Yes,,,,157,Bendale South,127,Bendale (127),D43,641336.041514091,4845285.82438059
127,3493633,932044,10/10/2006 4:00:00 AM,743,CARSLAKE CRES,DANFORTH RD,,Major Arterial,Scarborough,43.747145,-79.24459,At Intersection,Stop Sign,Clear,Daylight,Dry,Non-Fatal Injury,Cyclist Collisions,Cyclist,10 to 14,Major,,South,Bicycle,Going Ahead,,,,,,"Motorist turns right at non-signal Inter.(stop, yield, no cont.,and dwy) and strikes cyclist.",Driving Properly,Normal,,Yes,Yes,,,,,,,Yes,,,,157,Bendale South,127,Bendale (127),D43,641336.041514091,4845285.82438059
128,3502288,935297,10/13/2006 4:00:00 AM,2325,ADELAIDE ST E,YONGE ST,,Major Arterial,Toronto and East York,43.650445,-79.37849,At Intersection,Traffic Signal,Clear,Dark,Dry,Non-Fatal Injury,Cyclist Collisions,Vehicle Owner,unknown,,,,Other,,,,,,,,,,,Yes,Yes,,,,,,,Yes,,,,170,Yonge-Bay Corridor,76,Bay Street Corridor (76),D52,630765.073515609,4834326.18493577
129,3502289,935297,10/13/2006 4:00:00 AM,2325,ADELAIDE ST E,YONGE ST,,Major Arterial,Toronto and East York,43.650445,-79.37849,At Intersection,Traffic Signal,Clear,Dark,Dry,Non-Fatal Injury,Cyclist Collisions,Driver,45 to 49,None,,East,Other,Going Ahead,Failed to Yield Right of Way,Inattentive,,,,,,,,Yes,Yes,,,,,,,Yes,,,,170,Yonge-Bay Corridor,76,Bay Street Corridor (76),D52,630765.073515609,4834326.18493577
130,3502290,935297,10/13/2006 4:00:00 AM,2325,ADELAIDE ST E,YONGE ST,,Major Arterial,Toronto and East York,43.650445,-79.37849,At Intersection,Traffic Signal,Clear,Dark,Dry,Non-Fatal Injury,Cyclist Collisions,Vehicle Owner,unknown,,,,Other,,,,,,,,,,,Yes,Yes,,,,,,,Yes,,,,170,Yonge-Bay Corridor,76,Bay Street Corridor (76),D52,630765.073515609,4834326.18493577
131,3502291,935297,10/13/2006 4:00:00 AM,2325,ADELAIDE ST E,YONGE ST,,Major Arterial,Toronto and East York,43.650445,-79.37849,At Intersection,Traffic Signal,Clear,Dark,Dry,Non-Fatal Injury,Cyclist Collisions,Driver,20 to 24,Minimal,,North,"Automobile, Station Wagon",Going Ahead,Other,Had Been Drinking,,,,,,,,Yes,Yes,,,,,,,Yes,,,,170,Yonge-Bay Corridor,76,Bay Street Corridor (76),D52,630765.073515609,4834326.18493577
132,3502292,935297,10/13/2006 4:00:00 AM,2325,ADELAIDE ST E,YONGE ST,,Major Arterial,Toronto and East York,43.650445,-79.37849,At Intersection,Traffic Signal,Clear,Dark,Dry,Non-Fatal Injury,Cyclist Collisions,Other Property Owner,unknown,,,,Other,,,,,,,,,,,Yes,Yes,,,,,,,Yes,,,,170,Yonge-Bay Corridor,76,Bay Street Corridor (76),D52,630765.073515609,4834326.18493577
133,3502293,935297,10/13/2006 4:00:00 AM,2325,ADELAIDE ST E,YONGE ST,,Major Arterial,Toronto and East York,43.650445,-79.37849,At Intersection,Traffic Signal,Clear,Dark,Dry,Non-Fatal Injury,Cyclist Collisions,Cyclist,40 to 44,Major,,South,Bicycle,Stopped,,,,,,Insufficient information (to determine cyclist crash type).,Driving Properly,Normal,,Yes,Yes,,,,,,,Yes,,,,170,Yonge-Bay Corridor,76,Bay Street Corridor (76),D52,630765.073515609,4834326.18493577
134,3514741,939973,10/14/2006 4:00:00 AM,1348,OSSINGTON AVE,DEWSON ST,,Minor Arterial,Toronto and East York,43.657045,-79.42379,,Pedestrian Crossover,Clear,Daylight,Dry,Non-Fatal Injury,Rear End,Moped Driver,70 to 74,Major,,North,Moped,Going Ahead,Other,Normal,,,,,,,,Yes,Yes,,,,,,,,,,,80,Palmerston-Little Italy,80,Palmerston-Little Italy (80),D14,627097.939036834,4834988.81519813
135,3514742,939973,10/14/2006 4:00:00 AM,1348,OSSINGTON AVE,DEWSON ST,,Minor Arterial,Toronto and East York,43.657045,-79.42379,,Pedestrian Crossover,Clear,Daylight,Dry,Non-Fatal Injury,Rear End,Driver,35 to 39,None,,North,"Automobile, Station Wagon",Going Ahead,Driving Properly,Normal,,,,,,,,Yes,Yes,,,,,,,,,,,80,Palmerston-Little Italy,80,Palmerston-Little Italy (80),D14,627097.939036834,4834988.81519813
136,3494853,932486,10/15/2006 4:00:00 AM,1912,2650 FINCH AVE W,,,Major Arterial,Etobicoke York,43.746645,-79.56669,,No Control,Clear,Dark,Dry,Non-Fatal Injury,Cyclist Collisions,Cyclist,45 to 49,Major,,East,Bicycle,Going Ahead,,,,,,"Motorist without ROW drives into path of cyclist at inter, lnwy, dwy-Driver not turn.",Other,Normal,,Yes,Yes,,,,,,,Yes,,,,22,Humbermede,22,Humbermede (22),D31,615403.049385167,4844731.15074618
137,3494854,932486,10/15/2006 4:00:00 AM,1912,2650 FINCH AVE W,,,Major Arterial,Etobicoke York,43.746645,-79.56669,,No Control,Clear,Dark,Dry,Non-Fatal Injury,Cyclist Collisions,Driver,40 to 44,None,,South,"Automobile, Station Wagon",Turning Right,Failed to Yield Right of Way,Normal,,,,,,,,Yes,Yes,,,,,,,Yes,,,,22,Humbermede,22,Humbermede (22),D31,615403.049385167,4844731.15074618
138,3533783,937955,11/4/2006 5:00:00 AM,1800,PHARMACY AVE,KELLYVALE RD,,Minor Arterial,Scarborough,43.757045,-79.31019,,No Control,Clear,Dark,Dry,Non-Fatal Injury,Sideswipe,Driver,75 to 79,None,,North,"Automobile, Station Wagon",Changing Lanes,Improper Lane Change,Inattentive,,,,,,,,Yes,Yes,,,,,,,,,,,119,Wexford/Maryvale,119,Wexford/Maryvale (119),D41,636031.795650972,4846275.53015575
139,3533784,937955,11/4/2006 5:00:00 AM,1800,PHARMACY AVE,KELLYVALE RD,,Minor Arterial,Scarborough,43.757045,-79.31019,,No Control,Clear,Dark,Dry,Non-Fatal Injury,Sideswipe,Moped Driver,55 to 59,Major,,North,Moped,Going Ahead,Driving Properly,Normal,,,,,,,,Yes,Yes,,,,,,,,,,,119,Wexford/Maryvale,119,Wexford/Maryvale (119),D41,636031.795650972,4846275.53015575
140,3607699,942296,11/28/2006 5:00:00 AM,2300,QUEEN ST E,DALHOUSIE ST,,Major Arterial,Toronto and East York,43.653345,-79.37519,,No Control,Clear,Daylight,Dry,Non-Fatal Injury,Cyclist Collisions,Vehicle Owner,unknown,,,,Other,,,,,,,,,,,Yes,Yes,,,,,,,,,,,168,Downtown Yonge East,75,Church-Yonge Corridor (75),D51,631024.895138012,4834653.47352763
141,3607700,942296,11/28/2006 5:00:00 AM,2300,QUEEN ST E,DALHOUSIE ST,,Major Arterial,Toronto and East York,43.653345,-79.37519,,No Control,Clear,Daylight,Dry,Non-Fatal Injury,Cyclist Collisions,Driver,55 to 59,None,,East,"Automobile, Station Wagon",Going Ahead,Driving Properly,Normal,,,,,,,,Yes,Yes,,,,,,,,,,,168,Downtown Yonge East,75,Church-Yonge Corridor (75),D51,631024.895138012,4834653.47352763
142,3607701,942296,11/28/2006 5:00:00 AM,2300,QUEEN ST E,DALHOUSIE ST,,Major Arterial,Toronto and East York,43.653345,-79.37519,,No Control,Clear,Daylight,Dry,Non-Fatal Injury,Cyclist Collisions,Cyclist,55 to 59,Major,,East,Bicycle,Changing Lanes,,,,,,Cyclist and Driver travelling in same direction. One vehicle rear-ended the other.,Improper Lane Change,Inattentive,,Yes,Yes,,,,,,,,,,,168,Downtown Yonge East,75,Church-Yonge Corridor (75),D51,631024.895138012,4834653.47352763
143,3523729,943330,12/7/2006 5:00:00 AM,1800,40 KING St W,,,Major Arterial,Toronto and East York,43.648845,-79.37939,,No Control,Clear,Dark,Dry,Non-Fatal Injury,Cyclist Collisions,Driver,40 to 44,None,,,"Automobile, Station Wagon",Stopped,Other,Inattentive,,,,,,,,Yes,Yes,,,,,,Yes,Yes,,,,170,Yonge-Bay Corridor,76,Bay Street Corridor (76),D52,630695.963420474,4834147.06613797
144,3523730,943330,12/7/2006 5:00:00 AM,1800,40 KING St W,,,Major Arterial,Toronto and East York,43.648845,-79.37939,,No Control,Clear,Dark,Dry,Non-Fatal Injury,Cyclist Collisions,Cyclist,25 to 29,Major,,West,Bicycle,Overtaking,,,,,,Cyclist struck opened vehicle door,Driving Properly,Normal,,Yes,Yes,,,,,,Yes,Yes,,,,170,Yonge-Bay Corridor,76,Bay Street Corridor (76),D52,630695.963420474,4834147.06613797
145,3612979,945676,12/20/2006 5:00:00 AM,1420,EMERSON AVE,WALLACE AVE,,Collector,Toronto and East York,43.662745,-79.44239,At Intersection,Stop Sign,Clear,Daylight,Dry,Non-Fatal Injury,Cyclist Collisions,Cyclist,55 to 59,Major,,West,Bicycle,Going Ahead,,,,,,"Cyclist without ROW rides into path of motorist at inter, lnwy, dwy-Cyclist not turn.",Disobeyed Traffic Control,Normal,,Yes,,,,Yes,,,,,,,,171,Junction-Wallace Emerson,93,Dovercourt-Wallace Emerson-Junction (93),D11,625586.226381587,4835593.55234622
146,3612980,945676,12/20/2006 5:00:00 AM,1420,EMERSON AVE,WALLACE AVE,,Collector,Toronto and East York,43.662745,-79.44239,At Intersection,Stop Sign,Clear,Daylight,Dry,Non-Fatal Injury,Cyclist Collisions,Vehicle Owner,unknown,,,,Other,,,,,,,,,,,Yes,,,,Yes,,,,,,,,171,Junction-Wallace Emerson,93,Dovercourt-Wallace Emerson-Junction (93),D11,625586.226381587,4835593.55234622
147,3612981,945676,12/20/2006 5:00:00 AM,1420,EMERSON AVE,WALLACE AVE,,Collector,Toronto and East York,43.662745,-79.44239,At Intersection,Stop Sign,Clear,Daylight,Dry,Non-Fatal Injury,Cyclist Collisions,Driver,40 to 44,None,,South,Municipal Transit Bus (TTC),Going Ahead,Driving Properly,Normal,,,,,,,,Yes,,,,Yes,,,,,,,,171,Junction-Wallace Emerson,93,Dovercourt-Wallace Emerson-Junction (93),D11,625586.226381587,4835593.55234622
148,4186135,976566,2/12/2007 5:00:00 AM,850,BRIMLEY RD,PITFIELD RD,,Major Arterial,Scarborough,43.783445,-79.26639,At Intersection,Traffic Signal,Snow,Daylight,Loose Snow,Non-Fatal Injury,Cyclist Collisions,Driver,unknown,None,,South,"Automobile, Station Wagon",Going Ahead,Driving Properly,Normal,,,,,,,,Yes,Yes,,,,,,,,,,,128,Agincourt South-Malvern West,128,Agincourt South-Malvern West (128),D42,639496.398639345,4849280.53523349
149,4186136,976566,2/12/2007 5:00:00 AM,850,BRIMLEY RD,PITFIELD RD,,Major Arterial,Scarborough,43.783445,-79.26639,At Intersection,Traffic Signal,Snow,Daylight,Loose Snow,Non-Fatal Injury,Cyclist Collisions,Cyclist,40 to 44,Major,,West,Bicycle,Going Ahead,,,,,,"Motorist without ROW drives into path of cyclist at inter, lnwy, dwy-Driver not turn.",Failed to Yield Right of Way,Normal,,Yes,Yes,,,,,,,,,,,128,Agincourt South-Malvern West,128,Agincourt South-Malvern West (128),D42,639496.398639345,4849280.53523349
150,4273431,956145,2/28/2007 5:00:00 AM,1855,RENFORTH Driv,HIGHWAY 401 X  E,,Major Arterial,Etobicoke York,43.668345,-79.59099,,No Control,Clear,Dark,Dry,Non-Fatal Injury,Cyclist Collisions,Driver,unknown,None,,,"Automobile, Station Wagon",Unknown,,,,,,,,,,Yes,Yes,,,,,,,,,,,NSA,NSA,NSA,NSA,NSA,613594.320908494,4836001.30394163
151,4273432,956145,2/28/2007 5:00:00 AM,1855,RENFORTH Driv,HIGHWAY 401 X  E,,Major Arterial,Etobicoke York,43.668345,-79.59099,,No Control,Clear,Dark,Dry,Non-Fatal Injury,Cyclist Collisions,Cyclist,30 to 34,Major,,South,Bicycle,Going Ahead,,,,,,,,,,Yes,Yes,,,,,,,,,,,NSA,NSA,NSA,NSA,NSA,613594.320908494,4836001.30394163
152,4273982,990835,2/28/2007 5:00:00 AM,1855,RENFORTH DR,HIGHWAY 401 X  W,,Major Arterial,Etobicoke York,43.669045,-79.59139,,No Control,Clear,Dark,Dry,Non-Fatal Injury,Cyclist Collisions,Driver,unknown,None,,South,"Automobile, Station Wagon",Going Ahead,Improper Passing,Unknown,,,,,,,,Yes,Yes,,,,,,,Yes,,,,NSA,NSA,NSA,NSA,NSA,613560.752686646,4836078.50037677
153,4273983,990835,2/28/2007 5:00:00 AM,1855,RENFORTH DR,HIGHWAY 401 X  W,,Major Arterial,Etobicoke York,43.669045,-79.59139,,No Control,Clear,Dark,Dry,Non-Fatal Injury,Cyclist Collisions,Cyclist,30 to 34,Major,,South,Bicycle,Going Ahead,,,,,,Cyclist and Driver travelling in same direction. One vehicle sideswipes the other.,Driving Properly,Normal,,Yes,Yes,,,,,,,Yes,,,,NSA,NSA,NSA,NSA,NSA,613560.752686646,4836078.50037677
154,4154878,962572,3/13/2007 4:00:00 AM,1556,KINGSTON RD,LOCHLEVEN DR,,Major Arterial,Scarborough,43.736545,-79.21949,,No Control,Clear,Daylight,Dry,Non-Fatal Injury,Cyclist Collisions,Driver,45 to 49,None,,South,"Automobile, Station Wagon",Turning Right,Failed to Yield Right of Way,Inattentive,,,,,,,,Yes,Yes,,,,,,,Yes,,,,139,Scarborough Village,139,Scarborough Village (139),D43,643382.285120276,4844151.66740678
155,4154879,962572,3/13/2007 4:00:00 AM,1556,KINGSTON RD,LOCHLEVEN DR,,Major Arterial,Scarborough,43.736545,-79.21949,,No Control,Clear,Daylight,Dry,Non-Fatal Injury,Cyclist Collisions,Cyclist,40 to 44,Major,,West,Bicycle,Going Ahead,,,,,,"Motorist turns right at non-signal Inter.(stop, yield, no cont.,and dwy) and strikes cyclist.",Driving Properly,Normal,,Yes,Yes,,,,,,,Yes,,,,139,Scarborough Village,139,Scarborough Village (139),D43,643382.285120276,4844151.66740678
156,4155190,962717,3/14/2007 4:00:00 AM,1457,SIMCOE Stre,PEARL Stre,,Collector,Toronto and East York,43.647945,-79.38639,At Intersection,Stop Sign,Clear,Daylight,Wet,Non-Fatal Injury,Cyclist Collisions,Driver,20 to 24,None,,South,"Automobile, Station Wagon",Going Ahead,Speed too Slow,Normal,,,,,,,,Yes,Yes,,,,,,,,,,,164,Wellington Place,77,Waterfront Communities-The Island (77),D52,630133.377913924,4834036.10876993
157,4155191,962717,3/14/2007 4:00:00 AM,1457,SIMCOE Stre,PEARL Stre,,Collector,Toronto and East York,43.647945,-79.38639,At Intersection,Stop Sign,Clear,Daylight,Wet,Non-Fatal Injury,Cyclist Collisions,Cyclist,20 to 24,Major,,West,Bicycle,Going Ahead,,,,,,"Cyclist without ROW rides into path of motorist at inter, lnwy, dwy-Cyclist not turn.",Disobeyed Traffic Control,Inattentive,,Yes,Yes,,,,,,,,,,,164,Wellington Place,77,Waterfront Communities-The Island (77),D52,630133.377913924,4834036.10876993
158,4159970,964870,3/27/2007 4:00:00 AM,2045,40 WILLCOCKS St,,,Local,Toronto and East York,43.661445,-79.40069,,No Control,Clear,Dark,Dry,Non-Fatal Injury,Cyclist Collisions,Driver,40 to 44,None,,West,"Automobile, Station Wagon",Turning Left,Improper Turn,Inattentive,,,,,,,,Yes,Yes,,,,,,,,,,,79,University,79,University (79),D52,628951.21052034,4835513.13664823
159,4159971,964870,3/27/2007 4:00:00 AM,2045,40 WILLCOCKS St,,,Local,Toronto and East York,43.661445,-79.40069,,No Control,Clear,Dark,Dry,Non-Fatal Injury,Cyclist Collisions,Cyclist,65 to 69,Major,,East,Bicycle,Going Ahead,,,,,,Motorist turned left across cyclists path.,,,,Yes,Yes,,,,,,,,,,,79,University,79,University (79),D52,628951.21052034,4835513.13664823
160,4163614,966448,4/5/2007 4:00:00 AM,1305,UNIVERSITY AVE,WELLINGTON ST W,,Major Arterial,Toronto and East York,43.646345,-79.38409,At Intersection,Traffic Signal,Clear,Daylight,Wet,Non-Fatal Injury,Cyclist Collisions,Driver,55 to 59,None,,North,"Automobile, Station Wagon",Turning Left,Driving Properly,Normal,,,,,,,,Yes,Yes,,,,,,,,,,,170,Yonge-Bay Corridor,76,Bay Street Corridor (76),D52,630322.328858429,4833862.01711256
161,4163615,966448,4/5/2007 4:00:00 AM,1305,UNIVERSITY AVE,WELLINGTON ST W,,Major Arterial,Toronto and East York,43.646345,-79.38409,At Intersection,Traffic Signal,Clear,Daylight,Wet,Non-Fatal Injury,Cyclist Collisions,Cyclist,30 to 34,Major,,South,Bicycle,Going Ahead,,,,,,Motorist turned left across cyclists path.,,,,Yes,Yes,,,,,,,,,,,170,Yonge-Bay Corridor,76,Bay Street Corridor (76),D52,630322.328858429,4833862.01711256
162,4171423,969841,4/21/2007 4:00:00 AM,1741,BLOOR ST W,HURON ST,,Major Arterial,Toronto and East York,43.667145,-79.40149,At Intersection,Traffic Signal,Clear,Daylight,Dry,Non-Fatal Injury,Turning Movement,Driver,25 to 29,None,,West,"Automobile, Station Wagon",Going Ahead,Driving Properly,Normal,,,,,,,,Yes,Yes,,,,,,,Yes,,,,79,University,79,University (79),D52,628874.508915408,4836144.95445407
163,4171424,969841,4/21/2007 4:00:00 AM,1741,BLOOR ST W,HURON ST,,Major Arterial,Toronto and East York,43.667145,-79.40149,At Intersection,Traffic Signal,Clear,Daylight,Dry,Non-Fatal Injury,Turning Movement,Moped Driver,50 to 54,Major,,West,Moped,Going Ahead,Driving Properly,Normal,,,,,,,,Yes,Yes,,,,,,,Yes,,,,79,University,79,University (79),D52,628874.508915408,4836144.95445407
164,4171425,969841,4/21/2007 4:00:00 AM,1741,BLOOR ST W,HURON ST,,Major Arterial,Toronto and East York,43.667145,-79.40149,At Intersection,Traffic Signal,Clear,Daylight,Dry,Non-Fatal Injury,Turning Movement,Driver,unknown,None,,East,"Automobile, Station Wagon",Turning Left,Failed to Yield Right of Way,,,,,,,,,Yes,Yes,,,,,,,Yes,,,,79,University,79,University (79),D52,628874.508915408,4836144.95445407
165,4188651,977666,6/3/2007 4:00:00 AM,1758,MCNICOLL AVE,MIDLAND AVE,,Major Arterial,Scarborough,43.814545,-79.29219,,Traffic Signal,Clear,Daylight,Dry,Non-Fatal Injury,Cyclist Collisions,Driver,40 to 44,None,,West,"Automobile, Station Wagon",Turning Right,Disobeyed Traffic Control,Normal,,,,,,,,Yes,Yes,,,,,,,Yes,Yes,,,130,Milliken,130,Milliken (130),D42,637349.075759261,4852691.53431942
166,4188652,977666,6/3/2007 4:00:00 AM,1758,MCNICOLL AVE,MIDLAND AVE,,Major Arterial,Scarborough,43.814545,-79.29219,,Traffic Signal,Clear,Daylight,Dry,Non-Fatal Injury,Cyclist Collisions,Cyclist,60 to 64,Major,,South,Bicycle,Going Ahead,,,,,,Motorist turning right on red at signalized intersection strikes cyclist.,,,,Yes,Yes,,,,,,,Yes,Yes,,,130,Milliken,130,Milliken (130),D42,637349.075759261,4852691.53431942
167,4180911,974080,6/8/2007 4:00:00 AM,809,BAYVIEW AVE,FIFESHIRE RD,,Major Arterial,North York,43.760445,-79.38659,At Intersection,No Control,Clear,Daylight,Dry,Fatal,Cyclist Collisions,Vehicle Owner,unknown,,,,Other,,,,,,,,,,,Yes,Yes,,Yes,,,,,,,,,40,St.Andrew-Windfields,40,St.Andrew-Windfields (40),D33,629874.083625628,4846530.50296303
168,4180912,974080,6/8/2007 4:00:00 AM,809,BAYVIEW AVE,FIFESHIRE RD,,Major Arterial,North York,43.760445,-79.38659,At Intersection,No Control,Clear,Daylight,Dry,Fatal,Cyclist Collisions,Truck Driver,45 to 49,None,,South,Truck - Open,Going Ahead,Driving Properly,Normal,,,,,,,,Yes,Yes,,Yes,,,,,,,,,40,St.Andrew-Windfields,40,St.Andrew-Windfields (40),D33,629874.083625628,4846530.50296303
169,4180913,974080,6/8/2007 4:00:00 AM,809,BAYVIEW AVE,FIFESHIRE RD,,Major Arterial,North York,43.760445,-79.38659,At Intersection,No Control,Clear,Daylight,Dry,Fatal,Cyclist Collisions,Cyclist,45 to 49,Fatal,,South,Bicycle,Going Ahead,,,,,,Cyclist and Driver travelling in same direction. One vehicle sideswipes the other.,Other,Unknown,,Yes,Yes,,Yes,,,,,,,,,40,St.Andrew-Windfields,40,St.Andrew-Windfields (40),D33,629874.083625628,4846530.50296303
170,4180914,974080,6/8/2007 4:00:00 AM,809,BAYVIEW AVE,FIFESHIRE RD,,Major Arterial,North York,43.760445,-79.38659,At Intersection,No Control,Clear,Daylight,Dry,Fatal,Cyclist Collisions,Driver,35 to 39,None,,South,"Automobile, Station Wagon",Going Ahead,Driving Properly,Normal,,,,,,,,Yes,Yes,,Yes,,,,,,,,,40,St.Andrew-Windfields,40,St.Andrew-Windfields (40),D33,629874.083625628,4846530.50296303
171,4194168,980093,6/14/2007 4:00:00 AM,908,ST CLAIR AVE W,LAUGHTON AVE,,Major Arterial,Toronto and East York,43.674745,-79.45739,,No Control,Clear,Daylight,Dry,Non-Fatal Injury,Cyclist Collisions,Vehicle Owner,unknown,,,,Other,,,,,,,,,,,Yes,Yes,,,,,,,,,,,91,Weston-Pelham Park,91,Weston-Pellam Park (91),D11,624352.019800377,4836903.71529157
172,4194169,980093,6/14/2007 4:00:00 AM,908,ST CLAIR AVE W,LAUGHTON AVE,,Major Arterial,Toronto and East York,43.674745,-79.45739,,No Control,Clear,Daylight,Dry,Non-Fatal Injury,Cyclist Collisions,Driver,30 to 34,None,,East,"Automobile, Station Wagon",Going Ahead,Driving Properly,Normal,,,,,,,,Yes,Yes,,,,,,,,,,,91,Weston-Pelham Park,91,Weston-Pellam Park (91),D11,624352.019800377,4836903.71529157
173,4194170,980093,6/14/2007 4:00:00 AM,908,ST CLAIR AVE W,LAUGHTON AVE,,Major Arterial,Toronto and East York,43.674745,-79.45739,,No Control,Clear,Daylight,Dry,Non-Fatal Injury,Cyclist Collisions,Cyclist,50 to 54,Major,,West,Bicycle,Turning Left,,,,,,Cyclist turned left across motorists path.,Failed to Yield Right of Way,Inattentive,,Yes,Yes,,,,,,,,,,,91,Weston-Pelham Park,91,Weston-Pellam Park (91),D11,624352.019800377,4836903.71529157