OBJECTID,INDEX,ACCNUM,DATE,TIME,STREET1,STREET2,OFFSET,ROAD_CLASS,DISTRICT,LATITUDE,LONGITUDE,ACCLOC,TRAFFCTL,VISIBILITY,LIGHT,RDSFCOND,ACCLASS,IMPACTYPE,INVTYPE,INVAGE,INJURY,FATAL_NO,INITDIR,VEHTYPE,MANOEUVER,DRIVACT,DRIVCOND,PEDTYPE,PEDACT,PEDCOND,CYCLISTYPE,CYCACT,CYCCOND,PEDESTRIAN,CYCLIST,AUTOMOBILE,MOTORCYCLE,TRUCK,TRSN_CITY_VEH,EMERG_VEH,PASSENGER,SPEEDING,AG_DRIV,REDLIGHT,ALCOHOL,DISABILITY,HOOD_158,NEIGHBOURHOOD_158,HOOD_140,NEIGHBOURHOOD_140,DIVISION,x,y
174,4195361,980579,6/21/2007 4:00:00 AM,954,YONGE ST,MERTON ST,,Major Arterial,Toronto and East York,43.696145,-79.39619,At Intersection,Traffic Signal,Clear,Daylight,Dry,Non-Fatal Injury,Pedestrian Collisions,Pedestrian,35 to 39,Major,,East,Other,,,,Vehicle is going straight thru inter.while ped cross with ROW,Crossing with right of way,Normal,,,,Yes,Yes,,,,,,,,,,,,174,South Eglinton-Davisville,104,Mount Pleasant West (104),D53,629239.524621919,4839374.04708203
175,4195362,980579,6/21/2007 4:00:00 AM,954,YONGE ST,MERTON ST,,Major Arterial,Toronto and East York,43.696145,-79.39619,At Intersection,Traffic Signal,Clear,Daylight,Dry,Non-Fatal Injury,Pedestrian Collisions,Cyclist,15 to 19,Minor,,South,Bicycle,Going Ahead,,,,,,Cyclist strikes pedestrian.,Disobeyed Traffic Control,Normal,Yes,Yes,,,,,,,,,,,,174,South Eglinton-Davisville,104,Mount Pleasant West (104),D53,629239.524621919,4839374.04708203
176,4197840,981582,6/26/2007 4:00:00 AM,1139,BAYVIEW AVE,SCENIC MILLWAY,,Major Arterial,North York,43.750745,-79.38469,,No Control,Clear,Daylight,Dry,Non-Fatal Injury,Cyclist Collisions,Driver,55 to 59,None,,North,"Automobile, Station Wagon",Overtaking,Driving Properly,Normal,,,,,,,,Yes,Yes,,,,,,,,,,,40,St.Andrew-Windfields,40,St.Andrew-Windfields (40),D33,630048.039474054,4845456.15382643
177,4197841,981582,6/26/2007 4:00:00 AM,1139,BAYVIEW AVE,SCENIC MILLWAY,,Major Arterial,North York,43.750745,-79.38469,,No Control,Clear,Daylight,Dry,Non-Fatal Injury,Cyclist Collisions,Cyclist,70 to 74,Major,,North,Bicycle,Going Ahead,,,,,,Cyclist and Driver travelling in same direction. One vehicle sideswipes the other.,Lost control,Normal,,Yes,Yes,,,,,,,,,,,40,St.Andrew-Windfields,40,St.Andrew-Windfields (40),D33,630048.039474054,4845456.15382643
178,4198678,981935,6/30/2007 4:00:00 AM,1447,DAVENPORT RD,AVENUE RD,,Major Arterial,Toronto and East York,43.674945,-79.39569,,No Control,Clear,Daylight,Dry,Non-Fatal Injury,Cyclist Collisions,Driver,45 to 49,None,,East,"Automobile, Station Wagon",Parked,Other,Normal,,,,,,,,Yes,Yes,,,,,,,,,,,95,Annex,95,Annex (95),D53,629325.365208739,4837020.27588824
179,4198679,981935,6/30/2007 4:00:00 AM,1447,DAVENPORT RD,AVENUE RD,,Major Arterial,Toronto and East York,43.674945,-79.39569,,No Control,Clear,Daylight,Dry,Non-Fatal Injury,Cyclist Collisions,Cyclist,50 to 54,Major,,East,Bicycle,Going Ahead,,,,,,Cyclist struck opened vehicle door,,,,Yes,Yes,,,,,,,,,,,95,Annex,95,Annex (95),D53,629325.365208739,4837020.27588824
180,4210256,986987,6/30/2007 4:00:00 AM,2143,QUEEN ST E,CRAVEN RD,,Minor Arterial,Toronto and East York,43.666045,-79.31799,,No Control,Clear,Dark,Dry,Non-Fatal Injury,Cyclist Collisions,Driver,45 to 49,None,,West,"Automobile, Station Wagon",Parked,Other,Normal,,,,,,,,Yes,Yes,,,,,,,,,,,65,Greenwood-Coxwell,65,Greenwood-Coxwell (65),D55,635608.96842499,4836155.88979394
181,4210257,986987,6/30/2007 4:00:00 AM,2143,QUEEN ST E,CRAVEN RD,,Minor Arterial,Toronto and East York,43.666045,-79.31799,,No Control,Clear,Dark,Dry,Non-Fatal Injury,Cyclist Collisions,Cyclist,35 to 39,Major,,West,Bicycle,Going Ahead,,,,,,Cyclist struck opened vehicle door,Driving Properly,Normal,,Yes,Yes,,,,,,,,,,,65,Greenwood-Coxwell,65,Greenwood-Coxwell (65),D55,635608.96842499,4836155.88979394
182,4188527,977612,7/2/2007 4:00:00 AM,1120,WESTON RD,LAWRENCE AVE W,,Major Arterial,Etobicoke York,43.700144,-79.516193,At Intersection,Traffic Signal,Clear,Daylight,Dry,Non-Fatal Injury,Cyclist Collisions,Driver,80 to 84,Minimal,,West,"Automobile, Station Wagon",Turning Right,Driving Properly,Inattentive,,,,,,,,Yes,Yes,,,,,,,,,,,113,Weston,113,Weston (113),D12,619561.313576659,4839638.14274765
183,4188528,977612,7/2/2007 4:00:00 AM,1120,WESTON RD,LAWRENCE AVE W,,Major Arterial,Etobicoke York,43.700144,-79.516193,At Intersection,Traffic Signal,Clear,Daylight,Dry,Non-Fatal Injury,Cyclist Collisions,Cyclist,80 to 84,Major,,West,Bicycle,Going Ahead,,,,,,Motorist turning right on green or amber at signalized intersection strikes cyclist.,,,,Yes,Yes,,,,,,,,,,,113,Weston,113,Weston (113),D12,619561.313576659,4839638.14274765
184,4204367,984365,7/15/2007 4:00:00 AM,1830,DUNDAS ST W,COLLEGE ST,,Minor Arterial,Toronto and East York,43.650245,-79.44099,At Intersection,Stop Sign,Clear,Daylight,Dry,Non-Fatal Injury,SMV Other,Moped Driver,50 to 54,Major,,East,Moped,Turning Left,Lost control,Normal,,,,,,,,Yes,,,,,,,,,,,,84,Little Portugal,84,Little Portugal (84),D11,625725.189844316,4834207.38408556
185,4222038,992122,7/21/2007 4:00:00 AM,210,QUEEN ST E,KNOX AVE,,Minor Arterial,Toronto and East York,43.664245,-79.32569,,No Control,Clear,Dark,Dry,Non-Fatal Injury,Cyclist Collisions,Driver,30 to 34,None,,East,"Automobile, Station Wagon",Stopped,Driving Properly,Normal,,,,,,,,Yes,Yes,,,,,,,,,,,65,Greenwood-Coxwell,65,Greenwood-Coxwell (65),D55,634992.19759298,4835943.41730006
186,4222039,992122,7/21/2007 4:00:00 AM,210,QUEEN ST E,KNOX AVE,,Minor Arterial,Toronto and East York,43.664245,-79.32569,,No Control,Clear,Dark,Dry,Non-Fatal Injury,Cyclist Collisions,Cyclist,20 to 24,Major,,East,Bicycle,Going Ahead,,,,,,Cyclist and Driver travelling in same direction. One vehicle rear-ended the other.,Following too Close,Unknown,,Yes,Yes,,,,,,,,,,,65,Greenwood-Coxwell,65,Greenwood-Coxwell (65),D55,634992.19759298,4835943.41730006
187,4207930,985971,7/23/2007 4:00:00 AM,752,WARDEN AVE,EGLINTON AVE E,,Major Arterial,Scarborough,43.727845,-79.28759,,Traffic Signal,Clear,Daylight,Dry,Non-Fatal Injury,Cyclist Collisions,Vehicle Owner,unknown,,,,Other,,,,,,,,,,,Yes,Yes,,,,,,,Yes,,,,120,Clairlea-Birchmount,120,Clairlea-Birchmount (120),D41,637918.180863702,4843069.80072906
188,4207931,985971,7/23/2007 4:00:00 AM,752,WARDEN AVE,EGLINTON AVE E,,Major Arterial,Scarborough,43.727845,-79.28759,,Traffic Signal,Clear,Daylight,Dry,Non-Fatal Injury,Cyclist Collisions,Driver,25 to 29,None,,South,Pick Up Truck,Turning Right,Failed to Yield Right of Way,Inattentive,,,,,,,,Yes,Yes,,,,,,,Yes,,,,120,Clairlea-Birchmount,120,Clairlea-Birchmount (120),D41,637918.180863702,4843069.80072906
189,4207932,985971,7/23/2007 4:00:00 AM,752,WARDEN AVE,EGLINTON AVE E,,Major Arterial,Scarborough,43.727845,-79.28759,,Traffic Signal,Clear,Daylight,Dry,Non-Fatal Injury,Cyclist Collisions,Cyclist,50 to 54,Major,,North,Bicycle,Going Ahead,,,,,,Motorist turning right on red at signalized intersection strikes cyclist.,Driving Properly,Inattentive,,Yes,Yes,,,,,,,Yes,,,,120,Clairlea-Birchmount,120,Clairlea-Birchmount (120),D41,637918.180863702,4843069.80072906
190,4209311,986599,7/26/2007 4:00:00 AM,2335,DANFORTH AVE,PAPE AVE,,Major Arterial,Toronto and East York,43.678945,-79.34479,,Traffic Signal,Clear,Dark,Dry,Non-Fatal Injury,Cyclist Collisions,Driver,unknown,None,,West,"Automobile, Station Wagon",Going Ahead,Improper Passing,Unknown,,,,,,,,Yes,Yes,,,,,,,Yes,,,,69,Blake-Jones,69,Blake-Jones (69),D55,633419.654281936,4837545.15040437
191,4209312,986599,7/26/2007 4:00:00 AM,2335,DANFORTH AVE,PAPE AVE,,Major Arterial,Toronto and East York,43.678945,-79.34479,,Traffic Signal,Clear,Dark,Dry,Non-Fatal Injury,Cyclist Collisions,Cyclist,15 to 19,Major,,West,Bicycle,Going Ahead,,,,,,Cyclist and Driver travelling in same direction. One vehicle sideswipes the other.,Driving Properly,Normal,,Yes,Yes,,,,,,,Yes,,,,69,Blake-Jones,69,Blake-Jones (69),D55,633419.654281936,4837545.15040437
192,4199113,982126,7/27/2007 4:00:00 AM,1730,LAWRENCE AVE W,DUVAL DR,,Major Arterial,Etobicoke York,43.709745,-79.47459,At Intersection,Traffic Signal,Clear,Daylight,Dry,Non-Fatal Injury,Cyclist Collisions,Vehicle Owner,unknown,,,,Other,,,,,,,,,,,Yes,Yes,,,,,,,Yes,,,,29,Maple Leaf,29,Maple Leaf (29),D12,622893.983472629,4840765.30107685
193,4199114,982126,7/27/2007 4:00:00 AM,1730,LAWRENCE AVE W,DUVAL DR,,Major Arterial,Etobicoke York,43.709745,-79.47459,At Intersection,Traffic Signal,Clear,Daylight,Dry,Non-Fatal Injury,Cyclist Collisions,Driver,35 to 39,None,,North,"Automobile, Station Wagon",Turning Right,Failed to Yield Right of Way,Normal,,,,,,,,Yes,Yes,,,,,,,Yes,,,,29,Maple Leaf,29,Maple Leaf (29),D12,622893.983472629,4840765.30107685
194,4199115,982126,7/27/2007 4:00:00 AM,1730,LAWRENCE AVE W,DUVAL DR,,Major Arterial,Etobicoke York,43.709745,-79.47459,At Intersection,Traffic Signal,Clear,Daylight,Dry,Non-Fatal Injury,Cyclist Collisions,Cyclist,20 to 24,Major,,West,Bicycle,Going Ahead,,,,,,Motorist turning right on red at signalized intersection strikes cyclist.,Driving Properly,Normal,,Yes,Yes,,,,,,,Yes,,,,29,Maple Leaf,29,Maple Leaf (29),D12,622893.983472629,4840765.30107685
195,4201972,983329,8/3/2007 4:00:00 AM,2156,KENNEDY RD,FOXRIDGE DR,,Major Arterial,Scarborough,43.724045,-79.26449,At Intersection,No Control,Clear,"Dusk, artificial",Dry,Non-Fatal Injury,Turning Movement,Vehicle Owner,unknown,None,,,Other,,,,,,,,,,,Yes,Yes,,,,,Yes,,,,,,124,Kennedy Park,124,Kennedy Park (124),D41,639787.525012922,4842686.46175915
196,4201973,983329,8/3/2007 4:00:00 AM,2156,KENNEDY RD,FOXRIDGE DR,,Major Arterial,Scarborough,43.724045,-79.26449,At Intersection,No Control,Clear,"Dusk, artificial",Dry,Non-Fatal Injury,Turning Movement,Moped Driver,35 to 39,Major,,South,"Automobile, Station Wagon",Going Ahead,Driving Properly,Normal,,,,,,,,Yes,Yes,,,,,Yes,,,,,,124,Kennedy Park,124,Kennedy Park (124),D41,639787.525012922,4842686.46175915
197,4201974,983329,8/3/2007 4:00:00 AM,2156,KENNEDY RD,FOXRIDGE DR,,Major Arterial,Scarborough,43.724045,-79.26449,At Intersection,No Control,Clear,"Dusk, artificial",Dry,Non-Fatal Injury,Turning Movement,Passenger,15 to 19,None,,,Other,,,,,,,,,,,Yes,Yes,,,,,Yes,,,,,,124,Kennedy Park,124,Kennedy Park (124),D41,639787.525012922,4842686.46175915
198,4201975,983329,8/3/2007 4:00:00 AM,2156,KENNEDY RD,FOXRIDGE DR,,Major Arterial,Scarborough,43.724045,-79.26449,At Intersection,No Control,Clear,"Dusk, artificial",Dry,Non-Fatal Injury,Turning Movement,Passenger,75 to 79,None,,,Other,,,,,,,,,,,Yes,Yes,,,,,Yes,,,,,,124,Kennedy Park,124,Kennedy Park (124),D41,639787.525012922,4842686.46175915
199,4201976,983329,8/3/2007 4:00:00 AM,2156,KENNEDY RD,FOXRIDGE DR,,Major Arterial,Scarborough,43.724045,-79.26449,At Intersection,No Control,Clear,"Dusk, artificial",Dry,Non-Fatal Injury,Turning Movement,Driver,20 to 24,None,,North,"Automobile, Station Wagon",Turning Left,Improper Turn,Normal,,,,,,,,Yes,Yes,,,,,Yes,,,,,,124,Kennedy Park,124,Kennedy Park (124),D41,639787.525012922,4842686.46175915
200,4203681,984087,8/9/2007 4:00:00 AM,845,QUEENS QUAY W,YORK ST,,Minor Arterial,Toronto and East York,43.639945,-79.38019,At Intersection,Traffic Signal,Clear,Daylight,Dry,Non-Fatal Injury,Pedestrian Collisions,Pedestrian,60 to 64,Major,,North,Other,,,,Vehicle is going straight thru inter.while ped cross with ROW,Crossing with right of way,Normal,,,,Yes,Yes,,,,,,,,,,,,166,St Lawrence-East Bayfront-The Islands,77,Waterfront Communities-The Island (77),D52,630650.737901614,4833157.34570749
201,4203682,984087,8/9/2007 4:00:00 AM,845,QUEENS QUAY W,YORK ST,,Minor Arterial,Toronto and East York,43.639945,-79.38019,At Intersection,Traffic Signal,Clear,Daylight,Dry,Non-Fatal Injury,Pedestrian Collisions,Cyclist,30 to 34,Major,,East,Bicycle,Going Ahead,,,,,,Cyclist strikes pedestrian.,Disobeyed Traffic Control,Normal,Yes,Yes,,,,,,,,,,,,166,St Lawrence-East Bayfront-The Islands,77,Waterfront Communities-The Island (77),D52,630650.737901614,4833157.34570749
202,4273843,984399,8/10/2007 4:00:00 AM,1502,LAKE SHORE BLVD W,REMEMBRANCE DR,,Major Arterial,Toronto and East York,43.634445,-79.40869,At Intersection,Traffic Signal,Clear,Daylight,Dry,Non-Fatal Injury,Cyclist Collisions,Driver,20 to 24,None,,East,"Automobile, Station Wagon",Going Ahead,Driving Properly,Normal,,,,,,,,Yes,Yes,,,,,,,,,,,163,Fort York-Liberty Village,82,Niagara (82),D14,628363.669784293,4832502.03282873
203,4273844,984399,8/10/2007 4:00:00 AM,1502,LAKE SHORE BLVD W,REMEMBRANCE DR,,Major Arterial,Toronto and East York,43.634445,-79.40869,At Intersection,Traffic Signal,Clear,Daylight,Dry,Non-Fatal Injury,Cyclist Collisions,Cyclist,75 to 79,Major,,South,Bicycle,Going Ahead,,,,,,"Cyclist without ROW rides into path of motorist at inter, lnwy, dwy-Cyclist not turn.",Disobeyed Traffic Control,Normal,,Yes,Yes,,,,,,,,,,,163,Fort York-Liberty Village,82,Niagara (82),D14,628363.669784293,4832502.03282873
204,4208028,986004,8/16/2007 4:00:00 AM,1015,KINGSTON RD,RYLANDER BLVD,,Major Arterial,Scarborough,43.797045,-79.14919,At Intersection,Traffic Signal,Clear,Daylight,Dry,Non-Fatal Injury,Cyclist Collisions,Driver,unknown,None,,East,"Automobile, Station Wagon",Going Ahead,Driving Properly,,,,,,,,,Yes,Yes,,,,,,,,,,,143,West Rouge,131,Rouge (131),D42,648893.337579211,4850995.2181543
205,4208029,986004,8/16/2007 4:00:00 AM,1015,KINGSTON RD,RYLANDER BLVD,,Major Arterial,Scarborough,43.797045,-79.14919,At Intersection,Traffic Signal,Clear,Daylight,Dry,Non-Fatal Injury,Cyclist Collisions,Cyclist,55 to 59,Major,,East,Bicycle,Going Ahead,,,,,,Cyclist and Driver travelling in same direction. One vehicle sideswipes the other.,Driving Properly,Normal,,Yes,Yes,,,,,,,,,,,143,West Rouge,131,Rouge (131),D42,648893.337579211,4850995.2181543
206,4220257,991336,8/24/2007 4:00:00 AM,1815,COMBERMERE DR,RAYOAK DR,,Local,North York,43.759545,-79.31809,,Stop Sign,Clear,Daylight,Dry,Non-Fatal Injury,Cyclist Collisions,Vehicle Owner,unknown,,,,Other,,,,,,,,,,,Yes,Yes,,,,,,,,,,,150,Fenside-Parkwoods,45,Parkwoods-Donalda (45),D33,635390.190228929,4846540.24780544
207,4220258,991336,8/24/2007 4:00:00 AM,1815,COMBERMERE DR,RAYOAK DR,,Local,North York,43.759545,-79.31809,,Stop Sign,Clear,Daylight,Dry,Non-Fatal Injury,Cyclist Collisions,Driver,20 to 24,None,,West,"Automobile, Station Wagon",Slowing or Stopping,Driving Properly,Normal,,,,,,,,Yes,Yes,,,,,,,,,,,150,Fenside-Parkwoods,45,Parkwoods-Donalda (45),D33,635390.190228929,4846540.24780544
208,4220259,991336,8/24/2007 4:00:00 AM,1815,COMBERMERE DR,RAYOAK DR,,Local,North York,43.759545,-79.31809,,Stop Sign,Clear,Daylight,Dry,Non-Fatal Injury,Cyclist Collisions,Cyclist,5 to 9,Major,,North,Bicycle,Other,,,,,,"Cyclist without ROW rides into path of motorist at inter, lnwy, dwy-Cyclist not turn.",Failed to Yield Right of Way,Inattentive,,Yes,Yes,,,,,,,,,,,150,Fenside-Parkwoods,45,Parkwoods-Donalda (45),D33,635390.190228929,4846540.24780544
209,4218162,990402,8/27/2007 4:00:00 AM,1441,FINCH Aven E,LESLIE Stre,,Major Arterial,North York,43.790045,-79.36809,At Intersection,Traffic Signal,Clear,Daylight,Dry,Non-Fatal Injury,Cyclist Collisions,Passenger,20 to 24,None,,,Other,,,,,,,,,,,Yes,Yes,,,,,Yes,,,,,,49,Bayview Woods-Steeles,49,Bayview Woods-Steeles (49),D33,631298.487928939,4849847.2166887
210,4218163,990402,8/27/2007 4:00:00 AM,1441,FINCH Aven E,LESLIE Stre,,Major Arterial,North York,43.790045,-79.36809,At Intersection,Traffic Signal,Clear,Daylight,Dry,Non-Fatal Injury,Cyclist Collisions,Driver,30 to 34,None,,East,"Automobile, Station Wagon",Going Ahead,Driving Properly,Normal,,,,,,,,Yes,Yes,,,,,Yes,,,,,,49,Bayview Woods-Steeles,49,Bayview Woods-Steeles (49),D33,631298.487928939,4849847.2166887
211,4218164,990402,8/27/2007 4:00:00 AM,1441,FINCH Aven E,LESLIE Stre,,Major Arterial,North York,43.790045,-79.36809,At Intersection,Traffic Signal,Clear,Daylight,Dry,Non-Fatal Injury,Cyclist Collisions,Cyclist,70 to 74,Major,,South,Bicycle,Going Ahead,,,,,,"Cyclist without ROW rides into path of motorist at inter, lnwy, dwy-Cyclist not turn.",Disobeyed Traffic Control,Unknown,,Yes,Yes,,,,,Yes,,,,,,49,Bayview Woods-Steeles,49,Bayview Woods-Steeles (49),D33,631298.487928939,4849847.2166887
212,4292892,987119,8/28/2007 4:00:00 AM,1244,BAY MILLS BLVD,EAGLESTONE RD,,Collector,Scarborough,43.782145,-79.30349,At Intersection,Pedestrian Crossover,Clear,Daylight,Dry,Fatal,Cyclist Collisions,Vehicle Owner,unknown,,,,Other,,,,,,,,,,,Yes,Yes,,,,,,,,,,,118,Tam O'Shanter-Sullivan,118,Tam O'Shanter-Sullivan (118),D42,636514.042327047,4849074.29953409
213,4292893,987119,8/28/2007 4:00:00 AM,1244,BAY MILLS BLVD,EAGLESTONE RD,,Collector,Scarborough,43.782145,-79.30349,At Intersection,Pedestrian Crossover,Clear,Daylight,Dry,Fatal,Cyclist Collisions,Driver,40 to 44,None,,East,Delivery Van,Going Ahead,Driving Properly,Normal,,,,,,,,Yes,Yes,,,,,,,,,,,118,Tam O'Shanter-Sullivan,118,Tam O'Shanter-Sullivan (118),D42,636514.042327047,4849074.29953409
214,4292894,987119,8/28/2007 4:00:00 AM,1244,BAY MILLS BLVD,EAGLESTONE RD,,Collector,Scarborough,43.782145,-79.30349,At Intersection,Pedestrian Crossover,Clear,Daylight,Dry,Fatal,Cyclist Collisions,Cyclist,5 to 9,Fatal,,South,Bicycle,Going Ahead,,,,,,Cyclist struck at PXO(cyclist either travel in same dir. as veh. or ride across xwalk),Disobeyed Traffic Control,Normal,,Yes,Yes,,,,,,,,,,,118,Tam O'Shanter-Sullivan,118,Tam O'Shanter-Sullivan (118),D42,636514.042327047,4849074.29953409
215,4273924,987504,9/2/2007 4:00:00 AM,245,1 MURRAY GLEN DR,,,Local,Scarborough,43.751145,-79.30649,,No Control,Clear,Dark,Dry,Fatal,Cyclist Collisions,Truck Driver,unknown,None,,West,Truck - Open,Going Ahead,Other,Unknown,,,,,,,,Yes,,,Yes,,,,,,,,,119,Wexford/Maryvale,119,Wexford/Maryvale (119),D41,636343.051908136,4845626.32956873
216,4273925,987504,9/2/2007 4:00:00 AM,245,1 MURRAY GLEN DR,,,Local,Scarborough,43.751145,-79.30649,,No Control,Clear,Dark,Dry,Fatal,Cyclist Collisions,Vehicle Owner,unknown,,,,Other,,,,,,,,,,,Yes,,,Yes,,,,,,,,,119,Wexford/Maryvale,119,Wexford/Maryvale (119),D41,636343.051908136,4845626.32956873
217,4273926,987504,9/2/2007 4:00:00 AM,245,1 MURRAY GLEN DR,,,Local,Scarborough,43.751145,-79.30649,,No Control,Clear,Dark,Dry,Fatal,Cyclist Collisions,Cyclist,40 to 44,Fatal,,West,Bicycle,Going Ahead,,,,,,Insufficient information (to determine cyclist crash type).,Other,Unknown,,Yes,,,Yes,,,,,,,,,119,Wexford/Maryvale,119,Wexford/Maryvale (119),D41,636343.051908136,4845626.32956873
218,4225063,993424,9/5/2007 4:00:00 AM,830,QUEEN ST W,GLADSTONE AVE,,Major Arterial,Toronto and East York,43.642545,-79.42719,,Traffic Signal,Clear,Daylight,Dry,Non-Fatal Injury,Cyclist Collisions,Driver,unknown,None,,East,"Automobile, Station Wagon",Stopped,Other,Unknown,,,,,,,,Yes,Yes,,,,,,,,,,,84,Little Portugal,84,Little Portugal (84),D14,626854.29830249,4833373.19951619
219,4225064,993424,9/5/2007 4:00:00 AM,830,QUEEN ST W,GLADSTONE AVE,,Major Arterial,Toronto and East York,43.642545,-79.42719,,Traffic Signal,Clear,Daylight,Dry,Non-Fatal Injury,Cyclist Collisions,Cyclist,30 to 34,Major,,East,Bicycle,Going Ahead,,,,,,Cyclist struck opened vehicle door,,,,Yes,Yes,,,,,,,,,,,84,Little Portugal,84,Little Portugal (84),D14,626854.29830249,4833373.19951619
220,4225503,993583,9/8/2007 4:00:00 AM,1041,10155 SHEPPARD AVE E,,,Minor Arterial,Scarborough,43.805445,-79.15969,,No Control,Clear,Daylight,Dry,Non-Fatal Injury,Cyclist Collisions,Vehicle Owner,unknown,,,,Other,,,,,,,,,,,Yes,Yes,,,,,,,Yes,,,,143,West Rouge,131,Rouge (131),D42,648027.877716839,4851909.33769922
221,4225504,993583,9/8/2007 4:00:00 AM,1041,10155 SHEPPARD AVE E,,,Minor Arterial,Scarborough,43.805445,-79.15969,,No Control,Clear,Daylight,Dry,Non-Fatal Injury,Cyclist Collisions,Driver,40 to 44,None,,East,"Automobile, Station Wagon",Reversing,Failed to Yield Right of Way,Normal,,,,,,,,Yes,Yes,,,,,,,Yes,,,,143,West Rouge,131,Rouge (131),D42,648027.877716839,4851909.33769922
222,4225505,993583,9/8/2007 4:00:00 AM,1041,10155 SHEPPARD AVE E,,,Minor Arterial,Scarborough,43.805445,-79.15969,,No Control,Clear,Daylight,Dry,Non-Fatal Injury,Cyclist Collisions,Cyclist,60 to 64,Major,,South,Bicycle,Going Ahead,,,,,,Motorist reversing struck cyclist.,Driving Properly,Normal,,Yes,Yes,,,,,,,Yes,,,,143,West Rouge,131,Rouge (131),D42,648027.877716839,4851909.33769922
223,4226178,993875,9/14/2007 4:00:00 AM,1814,WILSON AVE,INGLESIDE DR,,Major Arterial,North York,43.727945,-79.47849,,No Control,Rain,Daylight,Wet,Non-Fatal Injury,Cyclist Collisions,Vehicle Owner,unknown,,,,Other,,,,,,,,,,,Yes,Yes,,,,,,,Yes,,,,155,Downsview,26,Downsview-Roding-CFB (26),D31,622542.672265772,4842780.89346368
224,4226179,993875,9/14/2007 4:00:00 AM,1814,WILSON AVE,INGLESIDE DR,,Major Arterial,North York,43.727945,-79.47849,,No Control,Rain,Daylight,Wet,Non-Fatal Injury,Cyclist Collisions,Driver,45 to 49,None,,South,"Automobile, Station Wagon",Going Ahead,Failed to Yield Right of Way,Normal,,,,,,,,Yes,Yes,,,,,,,Yes,,,,155,Downsview,26,Downsview-Roding-CFB (26),D31,622542.672265772,4842780.89346368
225,4226180,993875,9/14/2007 4:00:00 AM,1814,WILSON AVE,INGLESIDE DR,,Major Arterial,North York,43.727945,-79.47849,,No Control,Rain,Daylight,Wet,Non-Fatal Injury,Cyclist Collisions,Cyclist,30 to 34,Major,,West,Bicycle,Going Ahead,,,,,,"Motorist without ROW drives into path of cyclist at inter, lnwy, dwy-Driver not turn.",Driving Properly,Normal,,Yes,Yes,,,,,,,Yes,,,,155,Downsview,26,Downsview-Roding-CFB (26),D31,622542.672265772,4842780.89346368
226,4226939,994188,9/15/2007 4:00:00 AM,2116,DANFORTH RD,ST CLAIR AVE E,,Major Arterial,Scarborough,43.716845,-79.25989,At Intersection,Traffic Signal,Clear,Dark,Dry,Non-Fatal Injury,Cyclist Collisions,Vehicle Owner,unknown,None,,,Other,,,,,,,,,,,Yes,Yes,,,,,,,Yes,,,,120,Clairlea-Birchmount,120,Clairlea-Birchmount (120),D41,640174.829225966,4841894.56581598
227,4226940,994188,9/15/2007 4:00:00 AM,2116,DANFORTH RD,ST CLAIR AVE E,,Major Arterial,Scarborough,43.716845,-79.25989,At Intersection,Traffic Signal,Clear,Dark,Dry,Non-Fatal Injury,Cyclist Collisions,Driver,55 to 59,None,,South,"Automobile, Station Wagon",Turning Right,Failed to Yield Right of Way,Normal,,,,,,,,Yes,Yes,,,,,,,Yes,,,,120,Clairlea-Birchmount,120,Clairlea-Birchmount (120),D41,640174.829225966,4841894.56581598
228,4226941,994188,9/15/2007 4:00:00 AM,2116,DANFORTH RD,ST CLAIR AVE E,,Major Arterial,Scarborough,43.716845,-79.25989,At Intersection,Traffic Signal,Clear,Dark,Dry,Non-Fatal Injury,Cyclist Collisions,Cyclist,15 to 19,Major,,North,Bicycle,Going Ahead,,,,,,Motorist turning right on red at signalized intersection strikes cyclist.,,,,Yes,Yes,,,,,,,Yes,,,,120,Clairlea-Birchmount,120,Clairlea-Birchmount (120),D41,640174.829225966,4841894.56581598
229,4230103,995498,9/18/2007 4:00:00 AM,1920,MOUNT PLEASANT RD,HEATH ST E,,Major Arterial,Toronto and East York,43.692245,-79.38409,At Intersection,No Control,Clear,Daylight,Dry,Non-Fatal Injury,Cyclist Collisions,Driver,55 to 59,None,,South,"Automobile, Station Wagon",Turning Left,Driving Properly,Normal,,,,,,,,Yes,Yes,,,,,,,,,,,98,Rosedale-Moore Park,98,Rosedale-Moore Park (98),D53,630223.027757864,4838959.82941249
230,4230104,995498,9/18/2007 4:00:00 AM,1920,MOUNT PLEASANT RD,HEATH ST E,,Major Arterial,Toronto and East York,43.692245,-79.38409,At Intersection,No Control,Clear,Daylight,Dry,Non-Fatal Injury,Cyclist Collisions,Cyclist,40 to 44,Major,,North,Bicycle,Going Ahead,,,,,,Motorist turned left across cyclists path.,Driving Properly,Normal,,Yes,Yes,,,,,,,,,,,98,Rosedale-Moore Park,98,Rosedale-Moore Park (98),D53,630223.027757864,4838959.82941249
231,4228503,994814,9/20/2007 4:00:00 AM,1825,QUEEN ST E,HASTINGS AVE,,Minor Arterial,Toronto and East York,43.663645,-79.32859,,No Control,Clear,Daylight,Dry,Non-Fatal Injury,Cyclist Collisions,Vehicle Owner,unknown,,,,Other,,,,,,,,,,,Yes,Yes,,,Yes,,,,,,,,70,South Riverdale,70,South Riverdale (70),D55,634759.723295596,4835872.06447139
232,4228504,994814,9/20/2007 4:00:00 AM,1825,QUEEN ST E,HASTINGS AVE,,Minor Arterial,Toronto and East York,43.663645,-79.32859,,No Control,Clear,Daylight,Dry,Non-Fatal Injury,Cyclist Collisions,Driver,30 to 34,None,,East,Municipal Transit Bus (TTC),Going Ahead,Driving Properly,Normal,,,,,,,,Yes,Yes,,,Yes,,,,,,,,70,South Riverdale,70,South Riverdale (70),D55,634759.723295596,4835872.06447139