OBJECTID,INDEX,ACCNUM,DATE,TIME,STREET1,STREET2,OFFSET,ROAD_CLASS,DISTRICT,LATITUDE,LONGITUDE,ACCLOC,TRAFFCTL,VISIBILITY,LIGHT,RDSFCOND,ACCLASS,IMPACTYPE,INVTYPE,INVAGE,INJURY,FATAL_NO,INITDIR,VEHTYPE,MANOEUVER,DRIVACT,DRIVCOND,PEDTYPE,PEDACT,PEDCOND,CYCLISTYPE,CYCACT,CYCCOND,PEDESTRIAN,CYCLIST,AUTOMOBILE,MOTORCYCLE,TRUCK,TRSN_CITY_VEH,EMERG_VEH,PASSENGER,SPEEDING,AG_DRIV,REDLIGHT,ALCOHOL,DISABILITY,HOOD_158,NEIGHBOURHOOD_158,HOOD_140,NEIGHBOURHOOD_140,DIVISION,x,y
346,5214237,1093260,2/8/2009 5:00:00 AM,1856,DUNDAS ST W,BERESFORD AVE,,Major Arterial,Toronto and East York,43.665545,-79.48289,,No Control,Clear,Dark,Dry,Non-Fatal Injury,Cyclist Collisions,Driver,50 to 54,None,,West,"Automobile, Station Wagon",Going Ahead,Driving Properly,Normal,,,,,,,,Yes,Yes,,,,,,,,,,,89,Runnymede-Bloor West Village,89,Runnymede-Bloor West Village (89),D11,622315.095988379,4835844.02172617
347,5214238,1093260,2/8/2009 5:00:00 AM,1856,DUNDAS ST W,BERESFORD AVE,,Major Arterial,Toronto and East York,43.665545,-79.48289,,No Control,Clear,Dark,Dry,Non-Fatal Injury,Cyclist Collisions,Cyclist,45 to 49,Major,,East,Bicycle,Changing Lanes,,,,,,Insufficient information (to determine cyclist crash type).,Failed to Yield Right of Way,Had Been Drinking,,Yes,Yes,,,,,,,,,,,89,Runnymede-Bloor West Village,89,Runnymede-Bloor West Village (89),D11,622315.095988379,4835844.02172617
348,5222835,1097106,3/10/2009 4:00:00 AM,1156,GERRARD St E,CARLAW Ave,,Minor Arterial,Toronto and East York,43.667445,-79.343387,,No Control,Clear,Daylight,Dry,Non-Fatal Injury,Cyclist Collisions,Driver,50 to 54,None,,West,"Automobile, Station Wagon",Parked,Other,Inattentive,,,,,,,,Yes,Yes,,,,,,,,,,,70,South Riverdale,70,South Riverdale (70),D55,633558.253826244,4836270.17658536
349,5222836,1097106,3/10/2009 4:00:00 AM,1156,GERRARD St E,CARLAW Ave,,Minor Arterial,Toronto and East York,43.667445,-79.343387,,No Control,Clear,Daylight,Dry,Non-Fatal Injury,Cyclist Collisions,Cyclist,45 to 49,Major,,West,Bicycle,Going Ahead,,,,,,Cyclist struck opened vehicle door,Driving Properly,Normal,,Yes,Yes,,,,,,,,,,,70,South Riverdale,70,South Riverdale (70),D55,633558.253826244,4836270.17658536
350,5237766,1103828,3/28/2009 4:00:00 AM,1444,DUNDAS ST W,SORAUREN AVE,,Minor Arterial,Toronto and East York,43.651145,-79.44529,,No Control,Clear,Daylight,Dry,Non-Fatal Injury,Cyclist Collisions,Driver,unknown,None,,West,"Automobile, Station Wagon",Unknown,Failed to Yield Right of Way,Unknown,,,,,,,,Yes,Yes,,,,,,,Yes,,,,86,Roncesvalles,86,Roncesvalles (86),D11,625376.543601518,4834300.83512085
351,5237767,1103828,3/28/2009 4:00:00 AM,1444,DUNDAS ST W,SORAUREN AVE,,Minor Arterial,Toronto and East York,43.651145,-79.44529,,No Control,Clear,Daylight,Dry,Non-Fatal Injury,Cyclist Collisions,Cyclist,30 to 34,Major,,West,Bicycle,Going Ahead,,,,,,Cyclist and Driver travelling in same direction. One vehicle sideswipes the other.,Driving Properly,Normal,,Yes,Yes,,,,,,,Yes,,,,86,Roncesvalles,86,Roncesvalles (86),D11,625376.543601518,4834300.83512085
352,5243317,1106309,4/30/2009 4:00:00 AM,1540,MCINTOSH ST,NATAL AVE,,Collector,Scarborough,43.707945,-79.25189,At Intersection,Stop Sign,Clear,Daylight,Dry,Non-Fatal Injury,Cyclist Collisions,Driver,15 to 19,None,,West,"Automobile, Station Wagon",Going Ahead,Exceeding Speed Limit,Normal,,,,,,,,Yes,Yes,,,,,,Yes,Yes,,,,122,Birchcliffe-Cliffside,122,Birchcliffe-Cliffside (122),D41,640840.125579674,4840919.65276026
353,5243318,1106309,4/30/2009 4:00:00 AM,1540,MCINTOSH ST,NATAL AVE,,Collector,Scarborough,43.707945,-79.25189,At Intersection,Stop Sign,Clear,Daylight,Dry,Non-Fatal Injury,Cyclist Collisions,Cyclist,20 to 24,Major,,South,Bicycle,Turning Left,,,,,,"Motorist without ROW drives into path of cyclist at inter, lnwy, dwy-Driver not turn.",Driving Properly,Normal,,Yes,Yes,,,,,,Yes,Yes,,,,122,Birchcliffe-Cliffside,122,Birchcliffe-Cliffside (122),D41,640840.125579674,4840919.65276026
354,5792382,1103248,5/7/2009 4:00:00 AM,2307,COXWELL AVE,CASCI AVE,,Minor Arterial,Toronto and East York,43.676543,-79.320789,,No Control,Clear,Dark,Dry,Non-Fatal Injury,Cyclist Collisions,Driver,15 to 19,None,,North,Passenger Van,Going Ahead,Driving Properly,Normal,,,,,,,,Yes,Yes,,,,,,,,,,,64,Woodbine Corridor,64,Woodbine Corridor (64),D55,635359.698861637,4837317.26439181
355,5792383,1103248,5/7/2009 4:00:00 AM,2307,COXWELL AVE,CASCI AVE,,Minor Arterial,Toronto and East York,43.676543,-79.320789,,No Control,Clear,Dark,Dry,Non-Fatal Injury,Cyclist Collisions,Cyclist,15 to 19,Major,,North,Bicycle,Changing Lanes,,,,,,Cyclist and Driver travelling in same direction. One vehicle sideswipes the other.,Improper Lane Change,,,Yes,Yes,,,,,,,,,,,64,Woodbine Corridor,64,Woodbine Corridor (64),D55,635359.698861637,4837317.26439181
356,5253167,1110667,5/22/2009 4:00:00 AM,2135,675 ANNETTE Stre,,,Minor Arterial,Toronto and East York,43.659045,-79.48429,,No Control,Clear,Dark,Dry,Non-Fatal Injury,Cyclist Collisions,Driver,35 to 39,None,,East,"Automobile, Station Wagon",Going Ahead,Following too Close,Normal,,,,,,,,Yes,Yes,,,,,,,Yes,,,,89,Runnymede-Bloor West Village,89,Runnymede-Bloor West Village (89),D11,622215.409861958,4835120.04868471
357,5253168,1110667,5/22/2009 4:00:00 AM,2135,675 ANNETTE Stre,,,Minor Arterial,Toronto and East York,43.659045,-79.48429,,No Control,Clear,Dark,Dry,Non-Fatal Injury,Cyclist Collisions,Cyclist,15 to 19,Major,,East,Bicycle,Turning Left,,,,,,Cyclist and Driver travelling in same direction. One vehicle rear-ended the other.,Other,Normal,,Yes,Yes,,,,,,,Yes,,,,89,Runnymede-Bloor West Village,89,Runnymede-Bloor West Village (89),D11,622215.409861958,4835120.04868471
358,5243010,1106184,5/26/2009 4:00:00 AM,1915,ROGERS Road,SILVERTHORN Aven,,Minor Arterial,Etobicoke York,43.682745,-79.46329,,Traffic Signal,Rain,Daylight,Wet,Non-Fatal Injury,Cyclist Collisions,Driver,25 to 29,None,,West,"Automobile, Station Wagon",Turning Right,Improper Turn,Inattentive,,,,,,,,Yes,Yes,,,,,,,,,,,110,Keelesdale-Eglinton West,110,Keelesdale-Eglinton West (110),D12,623859.94644662,4837783.39461608
359,5243011,1106184,5/26/2009 4:00:00 AM,1915,ROGERS Road,SILVERTHORN Aven,,Minor Arterial,Etobicoke York,43.682745,-79.46329,,Traffic Signal,Rain,Daylight,Wet,Non-Fatal Injury,Cyclist Collisions,Cyclist,50 to 54,Major,,West,Bicycle,Going Ahead,,,,,,Motorist turning right on red at signalized intersection strikes cyclist.,Driving Properly,Normal,,Yes,Yes,,,,,,,,,,,110,Keelesdale-Eglinton West,110,Keelesdale-Eglinton West (110),D12,623859.94644662,4837783.39461608
360,5864472,1154355,6/2/2009 4:00:00 AM,820,MANOR RD E,MOUNT PLEASANT RD,,Major Arterial,North York,43.704245,-79.38859,,Traffic Signal,Clear,Daylight,Dry,Non-Fatal Injury,Cyclist Collisions,Driver,45 to 49,None,,West,"Automobile, Station Wagon",Stopped,Driving Properly,Inattentive,,,,,,,,Yes,Yes,,,,,,,,,,,174,South Eglinton-Davisville,104,Mount Pleasant West (104),D53,629834.475318461,4840285.53966631
361,5864473,1154355,6/2/2009 4:00:00 AM,820,MANOR RD E,MOUNT PLEASANT RD,,Major Arterial,North York,43.704245,-79.38859,,Traffic Signal,Clear,Daylight,Dry,Non-Fatal Injury,Cyclist Collisions,Cyclist,20 to 24,Major,,West,Bicycle,Going Ahead,,,,,,Cyclist struck opened vehicle door,Driving Properly,Normal,,Yes,Yes,,,,,,,,,,,174,South Eglinton-Davisville,104,Mount Pleasant West (104),D53,629834.475318461,4840285.53966631
362,5260187,1113770,6/6/2009 4:00:00 AM,2009,COXWELL Ave,ROBBINS Ave,,Minor Arterial,Toronto and East York,43.670645,-79.31829,,No Control,Clear,Daylight,Dry,Non-Fatal Injury,Cyclist Collisions,Driver,40 to 44,None,,South,"Automobile, Station Wagon",Parked,Other,Inattentive,,,,,,,,Yes,Yes,,,,,,,,,,,64,Woodbine Corridor,64,Woodbine Corridor (64),D55,635574.424149935,4836666.29203118
363,5260188,1113770,6/6/2009 4:00:00 AM,2009,COXWELL Ave,ROBBINS Ave,,Minor Arterial,Toronto and East York,43.670645,-79.31829,,No Control,Clear,Daylight,Dry,Non-Fatal Injury,Cyclist Collisions,Cyclist,50 to 54,Major,,South,Bicycle,Going Ahead,,,,,,Cyclist struck opened vehicle door,Driving Properly,Normal,,Yes,Yes,,,,,,,,,,,64,Woodbine Corridor,64,Woodbine Corridor (64),D55,635574.424149935,4836666.29203118
364,5253657,1110888,6/11/2009 4:00:00 AM,835,WELLINGTON ST W,YORK ST,,Minor Arterial,Toronto and East York,43.646545,-79.38299,At Intersection,Traffic Signal,Clear,Daylight,Dry,Non-Fatal Injury,Cyclist Collisions,Driver,unknown,None,,West,"Automobile, Station Wagon",Going Ahead,Driving Properly,Normal,,,,,,,,Yes,Yes,,,,,,,,,,,170,Yonge-Bay Corridor,76,Bay Street Corridor (76),D52,630410.61145284,4833885.95768515
365,5253658,1110888,6/11/2009 4:00:00 AM,835,WELLINGTON ST W,YORK ST,,Minor Arterial,Toronto and East York,43.646545,-79.38299,At Intersection,Traffic Signal,Clear,Daylight,Dry,Non-Fatal Injury,Cyclist Collisions,Cyclist,40 to 44,Major,,West,Bicycle,Slowing or Stopping,,,,,,Cyclist and Driver travelling in same direction. One vehicle sideswipes the other.,Lost control,Normal,,Yes,Yes,,,,,,,,,,,170,Yonge-Bay Corridor,76,Bay Street Corridor (76),D52,630410.61145284,4833885.95768515
366,5252135,1110181,6/19/2009 4:00:00 AM,1844,PARLIAMENT ST,OAK ST,,Minor Arterial,Toronto and East York,43.660645,-79.36649,At Intersection,Pedestrian Crossover,Clear,Daylight,Dry,Non-Fatal Injury,Cyclist Collisions,Passenger,30 to 34,None,,,Other,,,,,,,,,,,Yes,Yes,,,,,Yes,,Yes,,,,72,Regent Park,72,Regent Park (72),D51,631710.510416977,4835478.00965892
367,5252136,1110181,6/19/2009 4:00:00 AM,1844,PARLIAMENT ST,OAK ST,,Minor Arterial,Toronto and East York,43.660645,-79.36649,At Intersection,Pedestrian Crossover,Clear,Daylight,Dry,Non-Fatal Injury,Cyclist Collisions,Driver,25 to 29,None,,South,"Automobile, Station Wagon",Going Ahead,Disobeyed Traffic Control,Inattentive,,,,,,,,Yes,Yes,,,,,Yes,,Yes,,,,72,Regent Park,72,Regent Park (72),D51,631710.510416977,4835478.00965892
368,5252137,1110181,6/19/2009 4:00:00 AM,1844,PARLIAMENT ST,OAK ST,,Minor Arterial,Toronto and East York,43.660645,-79.36649,At Intersection,Pedestrian Crossover,Clear,Daylight,Dry,Non-Fatal Injury,Cyclist Collisions,Cyclist,5 to 9,Major,,West,Bicycle,Going Ahead,,,,,,Cyclist struck at PXO(cyclist either travel in same dir. as veh. or ride across xwalk),Other,Normal,,Yes,Yes,,,,,Yes,,Yes,,,,72,Regent Park,72,Regent Park (72),D51,631710.510416977,4835478.00965892
369,5252557,1110376,6/21/2009 4:00:00 AM,1600,WARDEN AVE,KINGSTON RD,,Major Arterial,Scarborough,43.687745,-79.27089,At Intersection,Traffic Signal,Clear,Daylight,Dry,Non-Fatal Injury,Cyclist Collisions,Driver,unknown,None,,South,"Automobile, Station Wagon",Going Ahead,Following too Close,Unknown,,,,,,,,Yes,Yes,,,,,,,Yes,,,,122,Birchcliffe-Cliffside,122,Birchcliffe-Cliffside (122),D41,639356.121577911,4838644.04789545
370,5252558,1110376,6/21/2009 4:00:00 AM,1600,WARDEN AVE,KINGSTON RD,,Major Arterial,Scarborough,43.687745,-79.27089,At Intersection,Traffic Signal,Clear,Daylight,Dry,Non-Fatal Injury,Cyclist Collisions,Cyclist,45 to 49,Major,,South,Bicycle,Turning Right,,,,,,Cyclist and Driver travelling in same direction. One vehicle rear-ended the other.,Driving Properly,Had Been Drinking,,Yes,Yes,,,,,,,Yes,,,,122,Birchcliffe-Cliffside,122,Birchcliffe-Cliffside (122),D41,639356.121577911,4838644.04789545
371,5266119,1116367,6/21/2009 4:00:00 AM,1838,DANFORTH AVE,WOODYCREST AVE,,Major Arterial,Toronto and East York,43.679545,-79.34179,,No Control,Clear,Daylight,Dry,Non-Fatal Injury,Cyclist Collisions,Driver,30 to 34,None,,East,"Automobile, Station Wagon",Parked,Other,Inattentive,,,,,,,,Yes,Yes,,,,,,,,,,,69,Blake-Jones,69,Blake-Jones (69),D55,633660.142285474,4837616.6189561
372,5266120,1116367,6/21/2009 4:00:00 AM,1838,DANFORTH AVE,WOODYCREST AVE,,Major Arterial,Toronto and East York,43.679545,-79.34179,,No Control,Clear,Daylight,Dry,Non-Fatal Injury,Cyclist Collisions,Cyclist,35 to 39,Major,,East,Bicycle,Overtaking,,,,,,Cyclist struck opened vehicle door,Driving Properly,Normal,,Yes,Yes,,,,,,,,,,,69,Blake-Jones,69,Blake-Jones (69),D55,633660.142285474,4837616.6189561
373,5266944,1116707,6/23/2009 4:00:00 AM,1900,PALMERSTON AVE,DUNDAS ST W,,Major Arterial,Toronto and East York,43.651745,-79.40849,,Stop Sign,Clear,Daylight,Dry,Non-Fatal Injury,Pedestrian Collisions,Pedestrian,90 to 94,Major,,,Other,,,,Vehicle turns left while ped crosses with ROW at inter.,Crossing with right of way,Normal,,,,Yes,Yes,,,,,,,,,,,,81,Trinity-Bellwoods,81,Trinity-Bellwoods (81),D14,628342.959098799,4834423.73053194
374,5266945,1116707,6/23/2009 4:00:00 AM,1900,PALMERSTON AVE,DUNDAS ST W,,Major Arterial,Toronto and East York,43.651745,-79.40849,,Stop Sign,Clear,Daylight,Dry,Non-Fatal Injury,Pedestrian Collisions,Cyclist,15 to 19,None,,East,Bicycle,Turning Left,,,,,,Cyclist strikes pedestrian.,Failed to Yield Right of Way,Normal,Yes,Yes,,,,,,,,,,,,81,Trinity-Bellwoods,81,Trinity-Bellwoods (81),D14,628342.959098799,4834423.73053194
375,5274085,1119932,7/6/2009 4:00:00 AM,2235,BRIMLEY RD S,BLUFFERS PARK RD,,Collector,Scarborough,43.709545,-79.23849,,No Control,Clear,Dark,Dry,Non-Fatal Injury,Cyclist Collisions,Driver,20 to 24,None,,North,"Automobile, Station Wagon",Going Ahead,Driving Properly,Normal,,,,,,,,Yes,Yes,,,,,,,,,,,123,Cliffcrest,123,Cliffcrest (123),D43,641915.961679772,4841120.21088863
376,5274086,1119932,7/6/2009 4:00:00 AM,2235,BRIMLEY RD S,BLUFFERS PARK RD,,Collector,Scarborough,43.709545,-79.23849,,No Control,Clear,Dark,Dry,Non-Fatal Injury,Cyclist Collisions,Cyclist,15 to 19,Major,,South,Bicycle,Going Ahead,,,,,,Cyclist falls off bike - no contact with motorist.,Lost control,Inattentive,,Yes,Yes,,,,,,,,,,,123,Cliffcrest,123,Cliffcrest (123),D43,641915.961679772,4841120.21088863
377,5260626,1113959,7/13/2009 4:00:00 AM,1825,FRONT ST W,SPADINA AVE,,Major Arterial,Toronto and East York,43.642745,-79.39389,At Intersection,Traffic Signal,Clear,Daylight,Dry,Non-Fatal Injury,Cyclist Collisions,Driver,30 to 34,None,,West,"Automobile, Station Wagon",Going Ahead,Driving Properly,Normal,,,,,,,,Yes,Yes,,,,,,,,,,,165,Harbourfront-CityPlace,77,Waterfront Communities-The Island (77),D52,629539.693003326,4833446.84773306
378,5260627,1113959,7/13/2009 4:00:00 AM,1825,FRONT ST W,SPADINA AVE,,Major Arterial,Toronto and East York,43.642745,-79.39389,At Intersection,Traffic Signal,Clear,Daylight,Dry,Non-Fatal Injury,Cyclist Collisions,Cyclist,30 to 34,Major,,North,Bicycle,Going Ahead,,,,,,"Cyclist without ROW rides into path of motorist at inter, lnwy, dwy-Cyclist not turn.",Disobeyed Traffic Control,Normal,,Yes,Yes,,,,,,,,,,,165,Harbourfront-CityPlace,77,Waterfront Communities-The Island (77),D52,629539.693003326,4833446.84773306
379,5865152,1120536,7/13/2009 4:00:00 AM,2028,EGLINTON AVE W,BATHURST ST,,Major Arterial,North York,43.700945,-79.42559,,Traffic Signal,Clear,Daylight,Dry,Non-Fatal Injury,Cyclist Collisions,Vehicle Owner,unknown,,,,Other,,,,,,,,,,,Yes,Yes,,,,,,,,,,,106,Humewood-Cedarvale,106,Humewood-Cedarvale (106),D13,626860.244002433,4839861.74796598
380,5865153,1120536,7/13/2009 4:00:00 AM,2028,EGLINTON AVE W,BATHURST ST,,Major Arterial,North York,43.700945,-79.42559,,Traffic Signal,Clear,Daylight,Dry,Non-Fatal Injury,Cyclist Collisions,Driver,20 to 24,None,,North,"Automobile, Station Wagon",Turning Left,Driving Properly,Normal,,,,,,,,Yes,Yes,,,,,,,,,,,106,Humewood-Cedarvale,106,Humewood-Cedarvale (106),D13,626860.244002433,4839861.74796598
381,5865154,1120536,7/13/2009 4:00:00 AM,2028,EGLINTON AVE W,BATHURST ST,,Major Arterial,North York,43.700945,-79.42559,,Traffic Signal,Clear,Daylight,Dry,Non-Fatal Injury,Cyclist Collisions,Cyclist,20 to 24,Major,,South,Bicycle,Going Ahead,,,,,,"Cyclist without ROW rides into path of motorist at inter, lnwy, dwy-Cyclist not turn.",Disobeyed Traffic Control,Normal,,Yes,Yes,,,,,,,,,,,106,Humewood-Cedarvale,106,Humewood-Cedarvale (106),D13,626860.244002433,4839861.74796598
382,5860380,1121120,7/17/2009 4:00:00 AM,1009,HARBORD ST,SPADINA AVE,,Major Arterial,Toronto and East York,43.663045,-79.40209,At Intersection,Traffic Signal,Clear,Daylight,Dry,Non-Fatal Injury,Cyclist Collisions,Driver,35 to 39,None,,East,"Automobile, Station Wagon",Turning Right,Improper Turn,Normal,,,,,,,,Yes,Yes,,,,,,,,,,,79,University,79,University (79),D52,628834.905929695,4835688.66290463
383,5860381,1121120,7/17/2009 4:00:00 AM,1009,HARBORD ST,SPADINA AVE,,Major Arterial,Toronto and East York,43.663045,-79.40209,At Intersection,Traffic Signal,Clear,Daylight,Dry,Non-Fatal Injury,Cyclist Collisions,Cyclist,25 to 29,Major,,East,Bicycle,Going Ahead,,,,,,Motorist turning right on red at signalized intersection strikes cyclist.,Driving Properly,Normal,,Yes,Yes,,,,,,,,,,,79,University,79,University (79),D52,628834.905929695,4835688.66290463
384,5277389,1121287,7/18/2009 4:00:00 AM,242,RIVER ST,DUNDAS ST E,,Major Arterial,Toronto and East York,43.661145,-79.35819,At Intersection,Traffic Signal,Clear,Dark,Dry,Non-Fatal Injury,Cyclist Collisions,Vehicle Owner,unknown,,,,Other,,,,,,,,,,,Yes,Yes,,,,,,,,,,,72,Regent Park,72,Regent Park (72),D51,632378.650868089,4835546.75103511
385,5277390,1121287,7/18/2009 4:00:00 AM,242,RIVER ST,DUNDAS ST E,,Major Arterial,Toronto and East York,43.661145,-79.35819,At Intersection,Traffic Signal,Clear,Dark,Dry,Non-Fatal Injury,Cyclist Collisions,Driver,50 to 54,None,,North,"Automobile, Station Wagon",Going Ahead,Driving Properly,Normal,,,,,,,,Yes,Yes,,,,,,,,,,,72,Regent Park,72,Regent Park (72),D51,632378.650868089,4835546.75103511
386,5277391,1121287,7/18/2009 4:00:00 AM,242,RIVER ST,DUNDAS ST E,,Major Arterial,Toronto and East York,43.661145,-79.35819,At Intersection,Traffic Signal,Clear,Dark,Dry,Non-Fatal Injury,Cyclist Collisions,Cyclist,20 to 24,Major,,East,Bicycle,Going Ahead,,,,,,"Cyclist without ROW rides into path of motorist at inter, lnwy, dwy-Cyclist not turn.",Disobeyed Traffic Control,Inattentive,,Yes,Yes,,,,,,,,,,,72,Regent Park,72,Regent Park (72),D51,632378.650868089,4835546.75103511
387,5277874,1121495,7/20/2009 4:00:00 AM,1050,BLOOR ST W,PALMERSTON BLVD,,Major Arterial,Toronto and East York,43.664745,-79.41309,,No Control,Clear,Daylight,Dry,Non-Fatal Injury,Cyclist Collisions,Driver,45 to 49,None,,East,"Automobile, Station Wagon",Parked,Other,Normal,,,,,,,,Yes,Yes,,,,,,,,,,,95,Annex,95,Annex (95),D14,627944.38711895,4835860.44758583
388,5277875,1121495,7/20/2009 4:00:00 AM,1050,BLOOR ST W,PALMERSTON BLVD,,Major Arterial,Toronto and East York,43.664745,-79.41309,,No Control,Clear,Daylight,Dry,Non-Fatal Injury,Cyclist Collisions,Cyclist,35 to 39,Major,,East,Bicycle,Going Ahead,,,,,,Cyclist struck opened vehicle door,Driving Properly,Normal,,Yes,Yes,,,,,,,,,,,95,Annex,95,Annex (95),D14,627944.38711895,4835860.44758583
389,5280221,1122468,7/28/2009 4:00:00 AM,1230,WINCOTT DR,SHEFFLEY CRES,,Collector,Etobicoke York,43.686445,-79.54919,,No Control,Clear,Daylight,Dry,Non-Fatal Injury,Cyclist Collisions,Driver,30 to 34,None,,North,"Automobile, Station Wagon",Going Ahead,Driving Properly,Normal,,,,,,,,Yes,Yes,,,,,,,,,,,7,Willowridge-Martingrove-Richview,7,Willowridge-Martingrove-Richview (7),D23,616929.099741789,4838069.63089207
390,5280222,1122468,7/28/2009 4:00:00 AM,1230,WINCOTT DR,SHEFFLEY CRES,,Collector,Etobicoke York,43.686445,-79.54919,,No Control,Clear,Daylight,Dry,Non-Fatal Injury,Cyclist Collisions,Cyclist,35 to 39,Major,,South,Bicycle,Other,,,,,,"Cyclist loses control and strikes object (pole, ttc track)",Lost control,Normal,,Yes,Yes,,,,,,,,,,,7,Willowridge-Martingrove-Richview,7,Willowridge-Martingrove-Richview (7),D23,616929.099741789,4838069.63089207
391,5792649,1117715,8/6/2009 4:00:00 AM,1535,2330 KENNEDY RD,,,Major Arterial,Scarborough,43.784145,-79.28869,,No Control,Clear,Daylight,Dry,Non-Fatal Injury,Pedestrian Collisions,Pedestrian,55 to 59,Major,,South,Other,,,,Pedestrian hit on sidewalk or shoulder,On Sidewalk or Shoulder,Normal,,,,Yes,Yes,,,,,,,,,,,,128,Agincourt South-Malvern West,128,Agincourt South-Malvern West (128),D42,637700.383240627,4849320.94387221
392,5792650,1117715,8/6/2009 4:00:00 AM,1535,2330 KENNEDY RD,,,Major Arterial,Scarborough,43.784145,-79.28869,,No Control,Clear,Daylight,Dry,Non-Fatal Injury,Pedestrian Collisions,Cyclist,15 to 19,None,,North,Bicycle,Going Ahead,,,,,,Cyclist strikes pedestrian.,Failed to Yield Right of Way,Normal,Yes,Yes,,,,,,,,,,,,128,Agincourt South-Malvern West,128,Agincourt South-Malvern West (128),D42,637700.383240627,4849320.94387221
393,5865028,1117851,8/7/2009 4:00:00 AM,1731,3221 DUFFERIN St,,,Major Arterial,North York,43.719245,-79.45589,,No Control,Clear,Daylight,Dry,Non-Fatal Injury,Cyclist Collisions,Vehicle Owner,unknown,,,,Other,,,,,,,,,,,Yes,Yes,,,,,,,,,,,31,Yorkdale-Glen Park,31,Yorkdale-Glen Park (31),D32,624380.898742512,4841848.30269415
394,5865029,1117851,8/7/2009 4:00:00 AM,1731,3221 DUFFERIN St,,,Major Arterial,North York,43.719245,-79.45589,,No Control,Clear,Daylight,Dry,Non-Fatal Injury,Cyclist Collisions,Driver,60 to 64,None,,North,"Automobile, Station Wagon",Turning Right,Driving Properly,Normal,,,,,,,,Yes,Yes,,,,,,,,,,,31,Yorkdale-Glen Park,31,Yorkdale-Glen Park (31),D32,624380.898742512,4841848.30269415
395,5865030,1117851,8/7/2009 4:00:00 AM,1731,3221 DUFFERIN St,,,Major Arterial,North York,43.719245,-79.45589,,No Control,Clear,Daylight,Dry,Non-Fatal Injury,Cyclist Collisions,Cyclist,50 to 54,Major,,South,Bicycle,Going Ahead,,,,,,"Cyclist without ROW rides into path of motorist at inter, lnwy, dwy-Cyclist not turn.",Failed to Yield Right of Way,Inattentive,,Yes,Yes,,,,,,,,,,,31,Yorkdale-Glen Park,31,Yorkdale-Glen Park (31),D32,624380.898742512,4841848.30269415
396,5269889,1118031,8/9/2009 4:00:00 AM,1851,ROYAL YORK Road,JUDSON Stre,,Minor Arterial,Etobicoke York,43.615945,-79.49829,At Intersection,No Control,Clear,Daylight,Dry,Non-Fatal Injury,Cyclist Collisions,Cyclist,50 to 54,Major,,South,Bicycle,Going Ahead,,,,,,"Cyclist loses control and strikes object (pole, ttc track)",Lost control,Normal,,Yes,,,,,,,,,,,,160,Mimico-Queensway,17,Mimico (includes Humber Bay Shores) (17),D22,621173.145347127,4830312.72538976
397,5865362,1124459,8/10/2009 4:00:00 AM,10,FINCH Aven E,DON MILLS Road,,Major Arterial,North York,43.792645,-79.35469,At Intersection,Traffic Signal,Clear,Dark,Wet,Non-Fatal Injury,Cyclist Collisions,Vehicle Owner,unknown,,,,Other,,,,,,,,,,,Yes,Yes,,,,,,,,,,,47,Don Valley Village,47,Don Valley Village (47),D33,632370.881215319,4850157.33082411
398,5865363,1124459,8/10/2009 4:00:00 AM,10,FINCH Aven E,DON MILLS Road,,Major Arterial,North York,43.792645,-79.35469,At Intersection,Traffic Signal,Clear,Dark,Wet,Non-Fatal Injury,Cyclist Collisions,Driver,45 to 49,None,,East,"Automobile, Station Wagon",Going Ahead,Driving Properly,Normal,,,,,,,,Yes,Yes,,,,,,,,,,,47,Don Valley Village,47,Don Valley Village (47),D33,632370.881215319,4850157.33082411
399,5865364,1124459,8/10/2009 4:00:00 AM,10,FINCH Aven E,DON MILLS Road,,Major Arterial,North York,43.792645,-79.35469,At Intersection,Traffic Signal,Clear,Dark,Wet,Non-Fatal Injury,Cyclist Collisions,Cyclist,25 to 29,Major,,North,Bicycle,Going Ahead,,,,,,"Cyclist without ROW rides into path of motorist at inter, lnwy, dwy-Cyclist not turn.",Disobeyed Traffic Control,Had Been Drinking,,Yes,Yes,,,,,,,,,,,47,Don Valley Village,47,Don Valley Village (47),D33,632370.881215319,4850157.33082411
400,5272000,1118994,8/16/2009 4:00:00 AM,1455,YONGE ST,CHAPLIN CRES,,Major Arterial,Toronto and East York,43.698245,-79.39659,,Traffic Signal,Clear,Daylight,Dry,Non-Fatal Injury,Pedestrian Collisions,Pedestrian,75 to 79,Major,,East,Other,,,,Vehicle is going straight thru inter.while ped cross without ROW,Crossing without right of way,Normal,,,,Yes,Yes,,,,,,,,,,,,174,South Eglinton-Davisville,104,Mount Pleasant West (104),D53,629202.780831833,4839606.65790533