OBJECTID,INDEX,ACCNUM,DATE,TIME,STREET1,STREET2,OFFSET,ROAD_CLASS,DISTRICT,LATITUDE,LONGITUDE,ACCLOC,TRAFFCTL,VISIBILITY,LIGHT,RDSFCOND,ACCLASS,IMPACTYPE,INVTYPE,INVAGE,INJURY,FATAL_NO,INITDIR,VEHTYPE,MANOEUVER,DRIVACT,DRIVCOND,PEDTYPE,PEDACT,PEDCOND,CYCLISTYPE,CYCACT,CYCCOND,PEDESTRIAN,CYCLIST,AUTOMOBILE,MOTORCYCLE,TRUCK,TRSN_CITY_VEH,EMERG_VEH,PASSENGER,SPEEDING,AG_DRIV,REDLIGHT,ALCOHOL,DISABILITY,HOOD_158,NEIGHBOURHOOD_158,HOOD_140,NEIGHBOURHOOD_140,DIVISION,x,y
458,6158683,1175797,4/27/2010 4:00:00 AM,1542,QUEEN St E,BROOKLYN Ave,,Minor Arterial,Toronto and East York,43.662045,-79.33589,,No Control,Clear,Daylight,Dry,Non-Fatal Injury,Cyclist Collisions,Driver,50 to 54,None,,East,"Automobile, Station Wagon",Going Ahead,Driving Properly,Normal,,,,,,,,Yes,Yes,,,,,,,,,,,70,South Riverdale,70,South Riverdale (70),D55,634174.708470746,4835682.53104023
459,6135979,1165679,4/29/2010 4:00:00 AM,916,SANDHURST CRCL,MCCOWAN RD,,Major Arterial,Scarborough,43.811645,-79.26919,At Intersection,Traffic Signal,Clear,Daylight,Dry,Non-Fatal Injury,Cyclist Collisions,Driver,60 to 64,None,,West,"Automobile, Station Wagon",Turning Right,Failed to Yield Right of Way,Normal,,,,,,,,Yes,Yes,,,,,,,Yes,,,,129,Agincourt North,129,Agincourt North (129),D42,639205.58801159,4852407.88275526
460,6135980,1165679,4/29/2010 4:00:00 AM,916,SANDHURST CRCL,MCCOWAN RD,,Major Arterial,Scarborough,43.811645,-79.26919,At Intersection,Traffic Signal,Clear,Daylight,Dry,Non-Fatal Injury,Cyclist Collisions,Cyclist,50 to 54,Major,,South,Bicycle,Going Ahead,,,,,,Motorist turning right on red at signalized intersection strikes cyclist.,Other,Normal,,Yes,Yes,,,,,,,Yes,,,,129,Agincourt North,129,Agincourt North (129),D42,639205.58801159,4852407.88275526
461,6151294,1172452,4/29/2010 4:00:00 AM,1333,ELM ST,UNIVERSITY AVE,,Collector,Toronto and East York,43.656545,-79.38799,At Intersection,No Control,Clear,Daylight,Dry,Non-Fatal Injury,Cyclist Collisions,Driver,30 to 34,None,,West,"Automobile, Station Wagon",Overtaking,Improper Passing,Inattentive,,,,,,,,Yes,Yes,,,,,,,Yes,,,,170,Yonge-Bay Corridor,76,Bay Street Corridor (76),D52,629985.786116502,4834988.74397634
462,6151295,1172452,4/29/2010 4:00:00 AM,1333,ELM ST,UNIVERSITY AVE,,Collector,Toronto and East York,43.656545,-79.38799,At Intersection,No Control,Clear,Daylight,Dry,Non-Fatal Injury,Cyclist Collisions,Cyclist,25 to 29,Major,,West,Bicycle,Going Ahead,,,,,,Cyclist and Driver travelling in same direction. One vehicle rear-ended the other.,Driving Properly,Normal,,Yes,Yes,,,,,,,Yes,,,,170,Yonge-Bay Corridor,76,Bay Street Corridor (76),D52,629985.786116502,4834988.74397634
463,6151678,1172619,5/11/2010 4:00:00 AM,1521,18 HURNDALE AVE,,,Local,Toronto and East York,43.677845,-79.35459,,No Control,Clear,Daylight,Dry,Non-Fatal Injury,Cyclist Collisions,Vehicle Owner,unknown,,,,Other,,,,,,,,,,,Yes,Yes,,,,,,,,,,,67,Playter Estates-Danforth,67,Playter Estates-Danforth (67),D55,632632.131727707,4837407.26233024
464,6151679,1172619,5/11/2010 4:00:00 AM,1521,18 HURNDALE AVE,,,Local,Toronto and East York,43.677845,-79.35459,,No Control,Clear,Daylight,Dry,Non-Fatal Injury,Cyclist Collisions,Driver,40 to 44,None,,East,"Automobile, Station Wagon",Parked,Other,Inattentive,,,,,,,,Yes,Yes,,,,,,,,,,,67,Playter Estates-Danforth,67,Playter Estates-Danforth (67),D55,632632.131727707,4837407.26233024
465,6151680,1172619,5/11/2010 4:00:00 AM,1521,18 HURNDALE AVE,,,Local,Toronto and East York,43.677845,-79.35459,,No Control,Clear,Daylight,Dry,Non-Fatal Injury,Cyclist Collisions,Cyclist,35 to 39,Major,,East,Bicycle,Going Ahead,,,,,,Cyclist struck opened vehicle door,Driving Properly,Unknown,,Yes,Yes,,,,,,,,,,,67,Playter Estates-Danforth,67,Playter Estates-Danforth (67),D55,632632.131727707,4837407.26233024
466,6151703,1172629,5/13/2010 4:00:00 AM,812,BLOOR ST W,SPADINA AVE,,Major Arterial,Toronto and East York,43.666645,-79.40389,At Intersection,Traffic Signal,Clear,Daylight,Dry,Non-Fatal Injury,Cyclist Collisions,Driver,50 to 54,None,,West,"Automobile, Station Wagon",Turning Left,Failed to Yield Right of Way,Inattentive,,,,,,,,Yes,Yes,,,,,,,Yes,,,,79,University,79,University (79),D14,628682.083408283,4836085.69723176
467,6151704,1172629,5/13/2010 4:00:00 AM,812,BLOOR ST W,SPADINA AVE,,Major Arterial,Toronto and East York,43.666645,-79.40389,At Intersection,Traffic Signal,Clear,Daylight,Dry,Non-Fatal Injury,Cyclist Collisions,Cyclist,25 to 29,Major,,East,Bicycle,Going Ahead,,,,,,Motorist turned left across cyclists path.,Driving Properly,Normal,,Yes,Yes,,,,,,,Yes,,,,79,University,79,University (79),D14,628682.083408283,4836085.69723176
468,6163959,1178114,5/18/2010 4:00:00 AM,1318,AVENUE RD,ELGIN AVE,,Major Arterial,Toronto and East York,43.672473,-79.395664,,No Control,Clear,Daylight,Dry,Non-Fatal Injury,Cyclist Collisions,Driver,50 to 54,None,,South,"Automobile, Station Wagon",Parked,Other,Inattentive,,,,,,,,Yes,Yes,,,Yes,,,,,,,,95,Annex,95,Annex (95),D53,629332.77120793,4836745.76745913
469,6163960,1178114,5/18/2010 4:00:00 AM,1318,AVENUE RD,ELGIN AVE,,Major Arterial,Toronto and East York,43.672473,-79.395664,,No Control,Clear,Daylight,Dry,Non-Fatal Injury,Cyclist Collisions,Vehicle Owner,unknown,,,,Other,,,,,,,,,,,Yes,Yes,,,Yes,,,,,,,,95,Annex,95,Annex (95),D53,629332.77120793,4836745.76745913
470,6163961,1178114,5/18/2010 4:00:00 AM,1318,AVENUE RD,ELGIN AVE,,Major Arterial,Toronto and East York,43.672473,-79.395664,,No Control,Clear,Daylight,Dry,Non-Fatal Injury,Cyclist Collisions,Driver,50 to 54,None,,South,Municipal Transit Bus (TTC),Going Ahead,Driving Properly,Normal,,,,,,,,Yes,Yes,,,Yes,,,,,,,,95,Annex,95,Annex (95),D53,629332.77120793,4836745.76745913
471,6163962,1178114,5/18/2010 4:00:00 AM,1318,AVENUE RD,ELGIN AVE,,Major Arterial,Toronto and East York,43.672473,-79.395664,,No Control,Clear,Daylight,Dry,Non-Fatal Injury,Cyclist Collisions,Cyclist,15 to 19,Major,,South,Bicycle,Overtaking,,,,,,Cyclist struck opened vehicle door,Driving Properly,Normal,,Yes,Yes,,,Yes,,,,,,,,95,Annex,95,Annex (95),D53,629332.77120793,4836745.76745913
472,6159377,1176088,5/20/2010 4:00:00 AM,855,MOUNT PLEASANT RD,PENROSE RD,,Major Arterial,North York,43.703245,-79.38819,At Intersection,No Control,Clear,Daylight,Dry,Non-Fatal Injury,Turning Movement,Moped Driver,20 to 24,Major,,South,Moped,Going Ahead,Driving Properly,Normal,,,,,,,,Yes,Yes,,,,,,,Yes,,,,174,South Eglinton-Davisville,104,Mount Pleasant West (104),D53,629868.863729947,4840175.1021337
473,6159378,1176088,5/20/2010 4:00:00 AM,855,MOUNT PLEASANT RD,PENROSE RD,,Major Arterial,North York,43.703245,-79.38819,At Intersection,No Control,Clear,Daylight,Dry,Non-Fatal Injury,Turning Movement,Vehicle Owner,unknown,,,,Other,,,,,,,,,,,Yes,Yes,,,,,,,Yes,,,,174,South Eglinton-Davisville,104,Mount Pleasant West (104),D53,629868.863729947,4840175.1021337
474,6159379,1176088,5/20/2010 4:00:00 AM,855,MOUNT PLEASANT RD,PENROSE RD,,Major Arterial,North York,43.703245,-79.38819,At Intersection,No Control,Clear,Daylight,Dry,Non-Fatal Injury,Turning Movement,Driver,45 to 49,None,,North,"Automobile, Station Wagon",Turning Left,Improper Turn,Normal,,,,,,,,Yes,Yes,,,,,,,Yes,,,,174,South Eglinton-Davisville,104,Mount Pleasant West (104),D53,629868.863729947,4840175.1021337
475,6146111,1170181,5/27/2010 4:00:00 AM,1538,PORT UNION Rd,HIGHWAY 401 C  E,,Minor Arterial,Scarborough,43.797045,-79.14409,,No Control,Clear,Daylight,Dry,Non-Fatal Injury,Cyclist Collisions,Other,unknown,,,North,Other,Parked,,,,,,,,,,Yes,,,,,,,,,,,,143,West Rouge,131,Rouge (131),D43,649303.626055428,4851004.40678688
476,6146112,1170181,5/27/2010 4:00:00 AM,1538,PORT UNION Rd,HIGHWAY 401 C  E,,Minor Arterial,Scarborough,43.797045,-79.14409,,No Control,Clear,Daylight,Dry,Non-Fatal Injury,Cyclist Collisions,Cyclist,35 to 39,Major,,North,Bicycle,Going Ahead,,,,,,Cyclist and Driver travelling in same direction. One vehicle rear-ended the other.,Other,"Ability Impaired, Drugs",,Yes,,,,,,,,,,,,143,West Rouge,131,Rouge (131),D43,649303.626055428,4851004.40678688
477,6168065,1179966,6/3/2010 4:00:00 AM,1302,MILVERTON BLVD,LINNSMORE CRES,,Local,Toronto and East York,43.685345,-79.33049,,No Control,Clear,Daylight,Dry,Non-Fatal Injury,Cyclist Collisions,Driver,35 to 39,None,,West,"Automobile, Station Wagon",Parked,Other,Inattentive,,,,,,,,Yes,Yes,,,,,,,,,,,66,Danforth,66,Danforth (66),D55,634558.022365134,4838279.06189765
478,6168066,1179966,6/3/2010 4:00:00 AM,1302,MILVERTON BLVD,LINNSMORE CRES,,Local,Toronto and East York,43.685345,-79.33049,,No Control,Clear,Daylight,Dry,Non-Fatal Injury,Cyclist Collisions,Cyclist,20 to 24,Major,,West,Bicycle,Going Ahead,,,,,,Cyclist struck opened vehicle door,Driving Properly,Normal,,Yes,Yes,,,,,,,,,,,66,Danforth,66,Danforth (66),D55,634558.022365134,4838279.06189765
479,6149392,1171639,6/4/2010 4:00:00 AM,310,KING ST W,JOE SHUSTER WAY,,Major Arterial,Toronto and East York,43.639745,-79.42359,At Intersection,Traffic Signal,Clear,Dark,Dry,Non-Fatal Injury,Rear End,Driver,30 to 34,None,,West,"Automobile, Station Wagon",Going Ahead,Other,Normal,,,,,,,,Yes,Yes,,,,,,,,,,,85,South Parkdale,85,South Parkdale (85),D14,627150.563970042,4833067.73219537
480,6149393,1171639,6/4/2010 4:00:00 AM,310,KING ST W,JOE SHUSTER WAY,,Major Arterial,Toronto and East York,43.639745,-79.42359,At Intersection,Traffic Signal,Clear,Dark,Dry,Non-Fatal Injury,Rear End,Moped Driver,35 to 39,Major,,West,"Automobile, Station Wagon",Going Ahead,Other,Had Been Drinking,,,,,,,,Yes,Yes,,,,,,,,,,,85,South Parkdale,85,South Parkdale (85),D14,627150.563970042,4833067.73219537
481,6170349,1180878,6/8/2010 4:00:00 AM,908,DUNDAS ST E,SACKVILLE ST,,Major Arterial,Toronto and East York,43.660145,-79.36299,,No Control,Clear,Daylight,Dry,Non-Fatal Injury,Cyclist Collisions,Driver,35 to 39,None,,West,"Automobile, Station Wagon",Overtaking,Improper Passing,Normal,,,,,,,,Yes,Yes,,,,,,,Yes,,,,72,Regent Park,72,Regent Park (72),D51,631993.815425325,4835428.04017069
482,6170350,1180878,6/8/2010 4:00:00 AM,908,DUNDAS ST E,SACKVILLE ST,,Major Arterial,Toronto and East York,43.660145,-79.36299,,No Control,Clear,Daylight,Dry,Non-Fatal Injury,Cyclist Collisions,Cyclist,40 to 44,Major,,West,Bicycle,Going Ahead,,,,,,Cyclist and Driver travelling in same direction. One vehicle sideswipes the other.,Driving Properly,Normal,,Yes,Yes,,,,,,,Yes,,,,72,Regent Park,72,Regent Park (72),D51,631993.815425325,4835428.04017069
483,6153492,1173424,6/15/2010 4:00:00 AM,1846,DOVERCOURT RD,DUPONT ST,,Major Arterial,Toronto and East York,43.669645,-79.43279,At Intersection,Traffic Signal,Clear,Daylight,Dry,Non-Fatal Injury,Cyclist Collisions,Driver,45 to 49,None,,North,"Automobile, Station Wagon",Going Ahead,Disobeyed Traffic Control,"Ability Impaired, Alcohol Over .08",,,,,,,,Yes,Yes,,,,,,,Yes,Yes,Yes,,172,Dovercourt Village,93,Dovercourt-Wallace Emerson-Junction (93),D14,626345.781314949,4836374.46518639
484,6153493,1173424,6/15/2010 4:00:00 AM,1846,DOVERCOURT RD,DUPONT ST,,Major Arterial,Toronto and East York,43.669645,-79.43279,At Intersection,Traffic Signal,Clear,Daylight,Dry,Non-Fatal Injury,Cyclist Collisions,Cyclist,25 to 29,Major,,East,Bicycle,Going Ahead,,,,,,"Cyclist without ROW rides into path of motorist at inter, lnwy, dwy-Cyclist not turn.",Disobeyed Traffic Control,Normal,,Yes,Yes,,,,,,,Yes,Yes,Yes,,172,Dovercourt Village,93,Dovercourt-Wallace Emerson-Junction (93),D14,626345.781314949,4836374.46518639
485,6172191,1181613,6/19/2010 4:00:00 AM,1600,COLLEGE ST,BAY ST,,Major Arterial,Toronto and East York,43.661045,-79.38479,,No Control,Clear,Daylight,Dry,Non-Fatal Injury,Cyclist Collisions,Driver,50 to 54,None,,East,"Automobile, Station Wagon",Stopped,Other,Normal,,,,,,,,Yes,Yes,,,,,,,,,,,169,Bay-Cloverhill,76,Bay Street Corridor (76),D52,630234.094229208,4835493.54666285
486,6172192,1181613,6/19/2010 4:00:00 AM,1600,COLLEGE ST,BAY ST,,Major Arterial,Toronto and East York,43.661045,-79.38479,,No Control,Clear,Daylight,Dry,Non-Fatal Injury,Cyclist Collisions,Cyclist,30 to 34,Major,,East,Bicycle,Going Ahead,,,,,,Cyclist struck opened vehicle door,Driving Properly,Normal,,Yes,Yes,,,,,,,,,,,169,Bay-Cloverhill,76,Bay Street Corridor (76),D52,630234.094229208,4835493.54666285
487,6159552,1176162,6/19/2010 4:00:00 AM,1800,KING ST W,PETER ST,,Major Arterial,Toronto and East York,43.645983,-79.392284,At Intersection,Traffic Signal,Clear,Daylight,Dry,Non-Fatal Injury,Cyclist Collisions,Driver,unknown,None,,East,"Automobile, Station Wagon",Turning Left,Improper Turn,Unknown,,,,,,,,Yes,Yes,,,,,,,,,,,164,Wellington Place,77,Waterfront Communities-The Island (77),D52,629662.258771254,4833808.97756385
488,6159553,1176162,6/19/2010 4:00:00 AM,1800,KING ST W,PETER ST,,Major Arterial,Toronto and East York,43.645983,-79.392284,At Intersection,Traffic Signal,Clear,Daylight,Dry,Non-Fatal Injury,Cyclist Collisions,Cyclist,20 to 24,Major,,West,Bicycle,Going Ahead,,,,,,Motorist turned left across cyclists path.,Driving Properly,Normal,,Yes,Yes,,,,,,,,,,,164,Wellington Place,77,Waterfront Communities-The Island (77),D52,629662.258771254,4833808.97756385
489,6279438,1182360,6/22/2010 4:00:00 AM,1748,ST CLAIR Ave W,ST CLARENS Ave,,Major Arterial,Toronto and East York,43.676645,-79.44899,,No Control,Clear,Daylight,Dry,Non-Fatal Injury,Cyclist Collisions,Vehicle Owner,unknown,,,,Other,,,,,,,,,,,Yes,,,,Yes,,,,,,,,92,Corso Italia-Davenport,92,Corso Italia-Davenport (92),D13,625025.216391866,4837127.36284683
490,6279439,1182360,6/22/2010 4:00:00 AM,1748,ST CLAIR Ave W,ST CLARENS Ave,,Major Arterial,Toronto and East York,43.676645,-79.44899,,No Control,Clear,Daylight,Dry,Non-Fatal Injury,Cyclist Collisions,Driver,30 to 34,None,,West,Municipal Transit Bus (TTC),Going Ahead,Driving Properly,Normal,,,,,,,,Yes,,,,Yes,,,,,,,,92,Corso Italia-Davenport,92,Corso Italia-Davenport (92),D13,625025.216391866,4837127.36284683
491,6279440,1182360,6/22/2010 4:00:00 AM,1748,ST CLAIR Ave W,ST CLARENS Ave,,Major Arterial,Toronto and East York,43.676645,-79.44899,,No Control,Clear,Daylight,Dry,Non-Fatal Injury,Cyclist Collisions,Cyclist,45 to 49,Major,,South,Bicycle,Going Ahead,,,,,,Cyclist rode off sidewalk into road at midblock.,Failed to Yield Right of Way,Inattentive,,Yes,,,,Yes,,,,,,,,92,Corso Italia-Davenport,92,Corso Italia-Davenport (92),D13,625025.216391866,4837127.36284683
492,6162754,1177549,6/25/2010 4:00:00 AM,1730,OTONABEE AVE,YONGE ST,,Major Arterial,North York,43.794645,-79.41919,At Intersection,Stop Sign,Clear,Daylight,Dry,Non-Fatal Injury,Cyclist Collisions,Driver,unknown,None,,West,"Automobile, Station Wagon",Going Ahead,Disobeyed Traffic Control,Unknown,,,,,,,,Yes,Yes,,,,,,,Yes,,,,50,Newtonbrook East,50,Newtonbrook East (50),D32,627177.343691719,4850278.32994842
493,6162755,1177549,6/25/2010 4:00:00 AM,1730,OTONABEE AVE,YONGE ST,,Major Arterial,North York,43.794645,-79.41919,At Intersection,Stop Sign,Clear,Daylight,Dry,Non-Fatal Injury,Cyclist Collisions,Cyclist,50 to 54,Major,,South,Bicycle,Going Ahead,,,,,,"Motorist without ROW drives into path of cyclist at inter, lnwy, dwy-Driver not turn.",Speed too Fast For Condition,Unknown,,Yes,Yes,,,,,,,Yes,,,,50,Newtonbrook East,50,Newtonbrook East (50),D32,627177.343691719,4850278.32994842
494,6176857,1183570,7/5/2010 4:00:00 AM,1019,COSBURN Ave,WOODBINE Ave,,Major Arterial,Toronto and East York,43.696445,-79.31739,At Intersection,Traffic Signal,Clear,Daylight,Dry,Non-Fatal Injury,Cyclist Collisions,Driver,45 to 49,None,,West,"Automobile, Station Wagon",Going Ahead,Driving Properly,Normal,,,,,,,,Yes,Yes,,,,,,,,,,,60,Woodbine-Lumsden,60,Woodbine-Lumsden (60),D55,635588.843379266,4839533.21150889
495,6176858,1183570,7/5/2010 4:00:00 AM,1019,COSBURN Ave,WOODBINE Ave,,Major Arterial,Toronto and East York,43.696445,-79.31739,At Intersection,Traffic Signal,Clear,Daylight,Dry,Non-Fatal Injury,Cyclist Collisions,Cyclist,45 to 49,Major,,East,Bicycle,Turning Left,,,,,,Cyclist turned left across motorists path.,Improper Turn,Inattentive,,Yes,Yes,,,,,,,,,,,60,Woodbine-Lumsden,60,Woodbine-Lumsden (60),D55,635588.843379266,4839533.21150889
496,6177151,1183681,7/6/2010 4:00:00 AM,1420,DUNDAS St E,CHURCH St,,Major Arterial,Toronto and East York,43.656445,-79.37709,At Intersection,Traffic Signal,Clear,Daylight,Dry,Non-Fatal Injury,Cyclist Collisions,Driver,50 to 54,None,,East,"Automobile, Station Wagon",Turning Right,Improper Turn,Normal,,,,,,,,Yes,Yes,,,,,,,,,,,168,Downtown Yonge East,75,Church-Yonge Corridor (75),D51,630864.943355028,4834994.77110213
497,6177152,1183681,7/6/2010 4:00:00 AM,1420,DUNDAS St E,CHURCH St,,Major Arterial,Toronto and East York,43.656445,-79.37709,At Intersection,Traffic Signal,Clear,Daylight,Dry,Non-Fatal Injury,Cyclist Collisions,Cyclist,50 to 54,Major,,East,Bicycle,Going Ahead,,,,,,Motorist turning right on green or amber at signalized intersection strikes cyclist.,Driving Properly,Normal,,Yes,Yes,,,,,,,,,,,168,Downtown Yonge East,75,Church-Yonge Corridor (75),D51,630864.943355028,4834994.77110213
498,6166118,1179068,7/6/2010 4:00:00 AM,1530,EGLINTON Aven E,RAWLINSON Aven,,Major Arterial,North York,43.708845,-79.38789,At Intersection,Stop Sign,Clear,Daylight,Dry,Non-Fatal Injury,Cyclist Collisions,Driver,unknown,None,,South,"Automobile, Station Wagon",Turning Left,Failed to Yield Right of Way,Normal,,,,,,,,Yes,Yes,,,,,,,Yes,,,,99,Mount Pleasant East,99,Mount Pleasant East (99),D53,629880.941113563,4840797.53108399
499,6166119,1179068,7/6/2010 4:00:00 AM,1530,EGLINTON Aven E,RAWLINSON Aven,,Major Arterial,North York,43.708845,-79.38789,At Intersection,Stop Sign,Clear,Daylight,Dry,Non-Fatal Injury,Cyclist Collisions,Cyclist,30 to 34,Major,,East,Bicycle,Slowing or Stopping,,,,,,Motorist turned left across cyclists path.,Driving Properly,Normal,,Yes,Yes,,,,,,,Yes,,,,99,Mount Pleasant East,99,Mount Pleasant East (99),D53,629880.941113563,4840797.53108399
500,6160006,1176361,7/7/2010 4:00:00 AM,2359,BICKNELL Ave,NASHVILLE Ave,,Collector,Etobicoke York,43.683245,-79.47429,,No Control,Clear,Dark,Dry,Non-Fatal Injury,Cyclist Collisions,Vehicle Owner,unknown,,,,Other,,,,,,,,,,,Yes,Yes,,,,,,,,,,,110,Keelesdale-Eglinton West,110,Keelesdale-Eglinton West (110),D12,622972.309023736,4837822.55749697
501,6160007,1176361,7/7/2010 4:00:00 AM,2359,BICKNELL Ave,NASHVILLE Ave,,Collector,Etobicoke York,43.683245,-79.47429,,No Control,Clear,Dark,Dry,Non-Fatal Injury,Cyclist Collisions,Driver,40 to 44,None,,North,"Automobile, Station Wagon",Parked,Driving Properly,Normal,,,,,,,,Yes,Yes,,,,,,,,,,,110,Keelesdale-Eglinton West,110,Keelesdale-Eglinton West (110),D12,622972.309023736,4837822.55749697
502,6160008,1176361,7/7/2010 4:00:00 AM,2359,BICKNELL Ave,NASHVILLE Ave,,Collector,Etobicoke York,43.683245,-79.47429,,No Control,Clear,Dark,Dry,Non-Fatal Injury,Cyclist Collisions,Cyclist,40 to 44,Major,,North,Bicycle,Going Ahead,,,,,,Cyclist and Driver travelling in same direction. One vehicle rear-ended the other.,Other,Had Been Drinking,,Yes,Yes,,,,,,,,,,,110,Keelesdale-Eglinton West,110,Keelesdale-Eglinton West (110),D12,622972.309023736,4837822.55749697
503,6178401,1184180,7/9/2010 4:00:00 AM,2115,CARLAW Ave,COLGATE Ave,,Minor Arterial,Toronto and East York,43.662745,-79.340793,,No Control,Clear,Dark,Dry,Non-Fatal Injury,Sideswipe,Passenger,45 to 49,Minor,,,,,,,,,,,,,,Yes,Yes,,,,,Yes,,,,,,70,South Riverdale,70,South Riverdale (70),D55,633777.82763807,4835752.35774299
504,6178402,1184180,7/9/2010 4:00:00 AM,2115,CARLAW Ave,COLGATE Ave,,Minor Arterial,Toronto and East York,43.662745,-79.340793,,No Control,Clear,Dark,Dry,Non-Fatal Injury,Sideswipe,Driver,45 to 49,None,,North,"Automobile, Station Wagon",Parked,Other,Normal,,,,,,,,Yes,Yes,,,,,Yes,,,,,,70,South Riverdale,70,South Riverdale (70),D55,633777.82763807,4835752.35774299
505,6178403,1184180,7/9/2010 4:00:00 AM,2115,CARLAW Ave,COLGATE Ave,,Minor Arterial,Toronto and East York,43.662745,-79.340793,,No Control,Clear,Dark,Dry,Non-Fatal Injury,Sideswipe,Vehicle Owner,unknown,,,,,,,,,,,,,,,Yes,Yes,,,,,Yes,,,,,,70,South Riverdale,70,South Riverdale (70),D55,633777.82763807,4835752.35774299
506,6178404,1184180,7/9/2010 4:00:00 AM,2115,CARLAW Ave,COLGATE Ave,,Minor Arterial,Toronto and East York,43.662745,-79.340793,,No Control,Clear,Dark,Dry,Non-Fatal Injury,Sideswipe,Passenger,15 to 19,Major,,,,,,,,,,,,,,Yes,Yes,,,,,Yes,,,,,,70,South Riverdale,70,South Riverdale (70),D55,633777.82763807,4835752.35774299
507,6178405,1184180,7/9/2010 4:00:00 AM,2115,CARLAW Ave,COLGATE Ave,,Minor Arterial,Toronto and East York,43.662745,-79.340793,,No Control,Clear,Dark,Dry,Non-Fatal Injury,Sideswipe,Moped Driver,15 to 19,None,,North,Moped,,,,,,,,,,,Yes,Yes,,,,,Yes,,,,,,70,South Riverdale,70,South Riverdale (70),D55,633777.82763807,4835752.35774299
508,6162408,1177384,7/15/2010 4:00:00 AM,2018,CALEDONIA PARK RD,DAVENPORT RD,,Minor Arterial,Toronto and East York,43.671045,-79.45109,At Intersection,Traffic Controller,Clear,Dusk,Dry,Non-Fatal Injury,Cyclist Collisions,Cyclist,40 to 44,Major,,South,Bicycle,Turning Left,,,,,,"Cyclist loses control and strikes object (pole, ttc track)",Lost control,Normal,,Yes,,,,,,,,,,,,171,Junction-Wallace Emerson,93,Dovercourt-Wallace Emerson-Junction (93),D13,624867.549674182,4836502.24481821
509,6182149,1185727,7/20/2010 4:00:00 AM,2141,FLEET ST,FLEET LAKE SHORE BLVD RAMP ST,,Major Arterial,Toronto and East York,43.636045,-79.40209,,Traffic Signal,Clear,Dark,Dry,Non-Fatal Injury,Cyclist Collisions,Vehicle Owner,unknown,,,,Other,,,,,,,,,,,Yes,,,,Yes,,,,,,,,163,Fort York-Liberty Village,82,Niagara (82),D14,628892.64626135,4832689.96064813
510,6182150,1185727,7/20/2010 4:00:00 AM,2141,FLEET ST,FLEET LAKE SHORE BLVD RAMP ST,,Major Arterial,Toronto and East York,43.636045,-79.40209,,Traffic Signal,Clear,Dark,Dry,Non-Fatal Injury,Cyclist Collisions,Driver,50 to 54,None,,West,Municipal Transit Bus (TTC),Going Ahead,Driving Properly,Normal,,,,,,,,Yes,,,,Yes,,,,,,,,163,Fort York-Liberty Village,82,Niagara (82),D14,628892.64626135,4832689.96064813
511,6182151,1185727,7/20/2010 4:00:00 AM,2141,FLEET ST,FLEET LAKE SHORE BLVD RAMP ST,,Major Arterial,Toronto and East York,43.636045,-79.40209,,Traffic Signal,Clear,Dark,Dry,Non-Fatal Injury,Cyclist Collisions,Cyclist,50 to 54,Major,,North,Bicycle,Going Ahead,,,,,,"Cyclist without ROW rides into path of motorist at inter, lnwy, dwy-Cyclist not turn.",Disobeyed Traffic Control,Normal,,Yes,,,,Yes,,,,,,,,163,Fort York-Liberty Village,82,Niagara (82),D14,628892.64626135,4832689.96064813
512,6182228,1185756,7/22/2010 4:00:00 AM,1234,KING ST W,UNIVERSITY AVE,,Major Arterial,Toronto and East York,43.647643,-79.384792,At Intersection,Traffic Signal,Clear,Daylight,Dry,Non-Fatal Injury,Cyclist Collisions,Vehicle Owner,unknown,,,,,,,,,,,,,,,Yes,Yes,,,,,,,,,,,170,Yonge-Bay Corridor,76,Bay Street Corridor (76),D52,630262.90656277,4834005.07480638
513,6182229,1185756,7/22/2010 4:00:00 AM,1234,KING ST W,UNIVERSITY AVE,,Major Arterial,Toronto and East York,43.647643,-79.384792,At Intersection,Traffic Signal,Clear,Daylight,Dry,Non-Fatal Injury,Cyclist Collisions,Driver,25 to 29,None,,East,"Automobile, Station Wagon",Stopped,Driving Properly,Normal,,,,,,,,Yes,Yes,,,,,,,,,,,170,Yonge-Bay Corridor,76,Bay Street Corridor (76),D52,630262.90656277,4834005.07480638
514,6182230,1185756,7/22/2010 4:00:00 AM,1234,KING ST W,UNIVERSITY AVE,,Major Arterial,Toronto and East York,43.647643,-79.384792,At Intersection,Traffic Signal,Clear,Daylight,Dry,Non-Fatal Injury,Cyclist Collisions,Cyclist,15 to 19,Major,,East,Bicycle,Going Ahead,,,,,,Cyclist and Driver travelling in same direction. One vehicle rear-ended the other.,Improper Passing,Inattentive,,Yes,Yes,,,,,,,,,,,170,Yonge-Bay Corridor,76,Bay Street Corridor (76),D52,630262.90656277,4834005.07480638