OBJECTID,INDEX,ACCNUM,DATE,TIME,STREET1,STREET2,OFFSET,ROAD_CLASS,DISTRICT,LATITUDE,LONGITUDE,ACCLOC,TRAFFCTL,VISIBILITY,LIGHT,RDSFCOND,ACCLASS,IMPACTYPE,INVTYPE,INVAGE,INJURY,FATAL_NO,INITDIR,VEHTYPE,MANOEUVER,DRIVACT,DRIVCOND,PEDTYPE,PEDACT,PEDCOND,CYCLISTYPE,CYCACT,CYCCOND,PEDESTRIAN,CYCLIST,AUTOMOBILE,MOTORCYCLE,TRUCK,TRSN_CITY_VEH,EMERG_VEH,PASSENGER,SPEEDING,AG_DRIV,REDLIGHT,ALCOHOL,DISABILITY,HOOD_158,NEIGHBOURHOOD_158,HOOD_140,NEIGHBOURHOOD_140,DIVISION,x,y
515,6183471,1186269,7/25/2010 4:00:00 AM,1340,MAPLEBRANCH PATH,DIXON RD,,Major Arterial,Etobicoke York,43.697445,-79.54519,At Intersection,Stop Sign,Clear,Daylight,Dry,Non-Fatal Injury,Cyclist Collisions,Driver,55 to 59,None,,South,"Automobile, Station Wagon",Turning Right,Failed to Yield Right of Way,Inattentive,,,,,,,,Yes,Yes,,,,,,,Yes,,,,6,Kingsview Village-The Westway,6,Kingsview Village-The Westway (6),D23,617230.052233785,4839296.97639888
516,6183472,1186269,7/25/2010 4:00:00 AM,1340,MAPLEBRANCH PATH,DIXON RD,,Major Arterial,Etobicoke York,43.697445,-79.54519,At Intersection,Stop Sign,Clear,Daylight,Dry,Non-Fatal Injury,Cyclist Collisions,Cyclist,15 to 19,Major,,East,Bicycle,Going Ahead,,,,,,"Motorist turns right at non-signal Inter.(stop, yield, no cont.,and dwy) and strikes cyclist.",Failed to Yield Right of Way,Inattentive,,Yes,Yes,,,,,,,Yes,,,,6,Kingsview Village-The Westway,6,Kingsview Village-The Westway (6),D23,617230.052233785,4839296.97639888
517,6183559,1186302,7/26/2010 4:00:00 AM,1947,YONGE ST,DUNDAS ST E,,Major Arterial,Toronto and East York,43.656345,-79.38089,,Traffic Signal,Clear,Daylight,Dry,Non-Fatal Injury,Cyclist Collisions,Driver,30 to 34,Major,,North,Other,Going Ahead,Driving Properly,Normal,,,,,,,,Yes,,,,,,,,,,,,168,Downtown Yonge East,75,Church-Yonge Corridor (75),D51,630558.740086573,4834977.67853403
518,6183560,1186302,7/26/2010 4:00:00 AM,1947,YONGE ST,DUNDAS ST E,,Major Arterial,Toronto and East York,43.656345,-79.38089,,Traffic Signal,Clear,Daylight,Dry,Non-Fatal Injury,Cyclist Collisions,Vehicle Owner,unknown,,,,Other,,,,,,,,,,,Yes,,,,,,,,,,,,168,Downtown Yonge East,75,Church-Yonge Corridor (75),D51,630558.740086573,4834977.67853403
519,6183561,1186302,7/26/2010 4:00:00 AM,1947,YONGE ST,DUNDAS ST E,,Major Arterial,Toronto and East York,43.656345,-79.38089,,Traffic Signal,Clear,Daylight,Dry,Non-Fatal Injury,Cyclist Collisions,Cyclist,40 to 44,None,,North,Bicycle,Turning Left,,,,,,Cyclist turned left across motorists path.,Improper Turn,Had Been Drinking,,Yes,,,,,,,,,,,,168,Downtown Yonge East,75,Church-Yonge Corridor (75),D51,630558.740086573,4834977.67853403
520,6209549,1197349,7/29/2010 4:00:00 AM,905,UNIVERSITY AVE,QUEEN ST W,,Major Arterial,Toronto and East York,43.650845,-79.38659,At Intersection,Traffic Signal,Clear,Daylight,Dry,Non-Fatal Injury,Cyclist Collisions,Driver,50 to 54,None,,North,"Automobile, Station Wagon",Going Ahead,Disobeyed Traffic Control,Inattentive,,,,,,,,Yes,Yes,,,,,,,Yes,Yes,,,170,Yonge-Bay Corridor,76,Bay Street Corridor (76),D52,630110.986358258,4834357.8781132
521,6209550,1197349,7/29/2010 4:00:00 AM,905,UNIVERSITY AVE,QUEEN ST W,,Major Arterial,Toronto and East York,43.650845,-79.38659,At Intersection,Traffic Signal,Clear,Daylight,Dry,Non-Fatal Injury,Cyclist Collisions,Cyclist,35 to 39,Major,,West,Bicycle,Going Ahead,,,,,,"Motorist without ROW drives into path of cyclist at inter, lnwy, dwy-Driver not turn.",Disobeyed Traffic Control,Inattentive,,Yes,Yes,,,,,,,Yes,Yes,,,170,Yonge-Bay Corridor,76,Bay Street Corridor (76),D52,630110.986358258,4834357.8781132
522,6189343,1188695,8/6/2010 4:00:00 AM,1538,AVENUE Rd,GLENVIEW Ave,,Major Arterial,North York,43.717845,-79.41449,,No Control,Rain,Daylight,Wet,Non-Fatal Injury,SMV Other,Moped Driver,45 to 49,Major,,South,Moped,Going Ahead,Lost control,Normal,,,,,,,,Yes,,,,,,,,,,,,103,Lawrence Park South,103,Lawrence Park South (103),D53,627718.75011509,4841755.77546422
523,6189791,1188873,8/7/2010 4:00:00 AM,1820,BLOOR ST E,CASTLE FRANK RD,,Major Arterial,Toronto and East York,43.674045,-79.36779,,No Control,Clear,Daylight,Dry,Non-Fatal Injury,Pedestrian Collisions,Pedestrian,20 to 24,Major,,Unknown,Other,,,,Other / Undefined,Other,"Ability Impaired, Alcohol",,,,Yes,Yes,,,,,,,,,,,,71,Cabbagetown-South St.James Town,71,Cabbagetown-South St.James Town (71),D51,631576.40840188,4836964.19705872
524,6189792,1188873,8/7/2010 4:00:00 AM,1820,BLOOR ST E,CASTLE FRANK RD,,Major Arterial,Toronto and East York,43.674045,-79.36779,,No Control,Clear,Daylight,Dry,Non-Fatal Injury,Pedestrian Collisions,Cyclist,55 to 59,None,,East,Bicycle,Going Ahead,,,,,,Cyclist strikes pedestrian.,Driving Properly,Unknown,Yes,Yes,,,,,,,,,,,,71,Cabbagetown-South St.James Town,71,Cabbagetown-South St.James Town (71),D51,631576.40840188,4836964.19705872
525,6189917,1188927,8/7/2010 4:00:00 AM,2000,DANFORTH AVE,MOBERLY AVE,,Major Arterial,Toronto and East York,43.685345,-79.31409,,No Control,Clear,Dusk,Dry,Non-Fatal Injury,Cyclist Collisions,Driver,70 to 74,None,,East,"Automobile, Station Wagon",Going Ahead,Lost control,Unknown,,,,,,,,Yes,Yes,,,,,,,,,,,64,Woodbine Corridor,64,Woodbine Corridor (64),D55,635879.833369196,4838305.80278258
526,6189918,1188927,8/7/2010 4:00:00 AM,2000,DANFORTH AVE,MOBERLY AVE,,Major Arterial,Toronto and East York,43.685345,-79.31409,,No Control,Clear,Dusk,Dry,Non-Fatal Injury,Cyclist Collisions,Cyclist,20 to 24,Major,,West,Bicycle,Going Ahead,,,,,,Motorist loses control and strikes cyclist.,Driving Properly,Normal,,Yes,Yes,,,,,,,,,,,64,Woodbine Corridor,64,Woodbine Corridor (64),D55,635879.833369196,4838305.80278258
527,6198693,1192624,9/1/2010 4:00:00 AM,1905,SHAFTESBURY ST,CODSELL AVE,,Local,North York,43.754843,-79.456088,,Stop Sign,Clear,Dusk,Dry,Non-Fatal Injury,SMV Other,Moped Driver,55 to 59,Major,,South,Moped,Going Ahead,,,,,,,,,,Yes,,,,,,,,,,,,34,Bathurst Manor,34,Bathurst Manor (34),D32,624291.277140239,4845801.67930437
528,6199887,1193217,9/2/2010 4:00:00 AM,1640,COLLEGE ST,GLADSTONE AVE,,Major Arterial,Toronto and East York,43.652845,-79.43109,At Intersection,No Control,Clear,Daylight,Dry,Non-Fatal Injury,Cyclist Collisions,Driver,40 to 44,None,,West,"Automobile, Station Wagon",Going Ahead,Driving Properly,Normal,,,,,,,,Yes,Yes,,,,,,,,,,,84,Little Portugal,83,Dufferin Grove (83),D14,626518.116260291,4834511.19431343
529,6199888,1193217,9/2/2010 4:00:00 AM,1640,COLLEGE ST,GLADSTONE AVE,,Major Arterial,Toronto and East York,43.652845,-79.43109,At Intersection,No Control,Clear,Daylight,Dry,Non-Fatal Injury,Cyclist Collisions,Cyclist,45 to 49,Major,,North,Bicycle,Going Ahead,,,,,,"Cyclist without ROW rides into path of motorist at inter, lnwy, dwy-Cyclist not turn.",Other,Normal,,Yes,Yes,,,,,,,,,,,84,Little Portugal,83,Dufferin Grove (83),D14,626518.116260291,4834511.19431343
530,6254436,1194386,9/9/2010 4:00:00 AM,2158,SQUIRES Aven,FERRIS Road,,Collector,Toronto and East York,43.704745,-79.29889,At Intersection,Stop Sign,Clear,Dark,Dry,Non-Fatal Injury,Cyclist Collisions,Vehicle Owner,unknown,,,,Other,,,,,,,,,,,Yes,,,,Yes,,,,,,,,54,O'Connor-Parkview,54,O'Connor-Parkview (54),D55,637060.721296537,4840485.46480632
531,6254437,1194386,9/9/2010 4:00:00 AM,2158,SQUIRES Aven,FERRIS Road,,Collector,Toronto and East York,43.704745,-79.29889,At Intersection,Stop Sign,Clear,Dark,Dry,Non-Fatal Injury,Cyclist Collisions,Driver,50 to 54,None,,West,Municipal Transit Bus (TTC),Going Ahead,Driving Properly,Normal,,,,,,,,Yes,,,,Yes,,,,,,,,54,O'Connor-Parkview,54,O'Connor-Parkview (54),D55,637060.721296537,4840485.46480632
532,6254438,1194386,9/9/2010 4:00:00 AM,2158,SQUIRES Aven,FERRIS Road,,Collector,Toronto and East York,43.704745,-79.29889,At Intersection,Stop Sign,Clear,Dark,Dry,Non-Fatal Injury,Cyclist Collisions,Cyclist,20 to 24,Major,,South,Bicycle,Turning Left,,,,,,Cyclist turned left across motorists path.,Failed to Yield Right of Way,Inattentive,,Yes,,,,Yes,,,,,,,,54,O'Connor-Parkview,54,O'Connor-Parkview (54),D55,637060.721296537,4840485.46480632
533,6202656,1194376,9/10/2010 4:00:00 AM,940,2600 LESLIE St,,,Major Arterial,North York,43.762645,-79.36199,,No Control,Clear,Daylight,Dry,Non-Fatal Injury,Cyclist Collisions,Cyclist,45 to 49,Major,,South,Bicycle,Going Ahead,,,,,,"Cyclist loses control and strikes object (pole, ttc track)",Driving Properly,Normal,,Yes,,,,,,,,,,,,40,St.Andrew-Windfields,40,St.Andrew-Windfields (40),D33,631849.487501498,4846813.718351
534,6194867,1191013,9/23/2010 4:00:00 AM,902,KENNEDY Road,BERTRAND Aven,,Major Arterial,Scarborough,43.737445,-79.27009,At Intersection,Traffic Signal,Clear,Daylight,Dry,Non-Fatal Injury,Cyclist Collisions,Driver,25 to 29,None,,North,"Automobile, Station Wagon",Going Ahead,Disobeyed Traffic Control,Inattentive,,,,,,,,Yes,Yes,,,,,,,Yes,Yes,,,125,Ionview,125,Ionview (125),D41,639305.393337712,4844165.29955517
535,6194868,1191013,9/23/2010 4:00:00 AM,902,KENNEDY Road,BERTRAND Aven,,Major Arterial,Scarborough,43.737445,-79.27009,At Intersection,Traffic Signal,Clear,Daylight,Dry,Non-Fatal Injury,Cyclist Collisions,Cyclist,50 to 54,Major,,West,Bicycle,Turning Left,,,,,,"Motorist without ROW drives into path of cyclist at inter, lnwy, dwy-Driver not turn.",Driving Properly,Normal,,Yes,Yes,,,,,,,Yes,Yes,,,125,Ionview,125,Ionview (125),D41,639305.393337712,4844165.29955517
536,6211793,1198314,9/25/2010 4:00:00 AM,1704,CALEDONIA RD,BOWIE AVE,,Minor Arterial,North York,43.694945,-79.462787,At Intersection,Stop Sign,Clear,Daylight,Dry,Non-Fatal Injury,Cyclist Collisions,Vehicle Owner,unknown,,,,,,,,,,,,,,,Yes,Yes,,,,,,,,,,,108,Briar Hill-Belgravia,108,Briar Hill-Belgravia (108),D13,623875.372261795,4839139.12187301
537,6211794,1198314,9/25/2010 4:00:00 AM,1704,CALEDONIA RD,BOWIE AVE,,Minor Arterial,North York,43.694945,-79.462787,At Intersection,Stop Sign,Clear,Daylight,Dry,Non-Fatal Injury,Cyclist Collisions,Driver,20 to 24,None,,West,Pick Up Truck,Turning Left,Driving Properly,Normal,,,,,,,,Yes,Yes,,,,,,,,,,,108,Briar Hill-Belgravia,108,Briar Hill-Belgravia (108),D13,623875.372261795,4839139.12187301
538,6211795,1198314,9/25/2010 4:00:00 AM,1704,CALEDONIA RD,BOWIE AVE,,Minor Arterial,North York,43.694945,-79.462787,At Intersection,Stop Sign,Clear,Daylight,Dry,Non-Fatal Injury,Cyclist Collisions,Cyclist,50 to 54,Major,,East,Bicycle,Going Ahead,,,,,,Motorist turned left across cyclists path.,Failed to Yield Right of Way,Had Been Drinking,,Yes,Yes,,,,,,,,,,,108,Briar Hill-Belgravia,108,Briar Hill-Belgravia (108),D13,623875.372261795,4839139.12187301
539,6279953,1191582,9/26/2010 4:00:00 AM,2309,LAKE SHORE BLVD W,COLBORNE LODGE DR,,Major Arterial,Toronto and East York,43.637945,-79.45899,At Intersection,Traffic Signal,Clear,Dark,Dry,Fatal,Cyclist Collisions,Driver,30 to 34,None,,East,"Automobile, Station Wagon",Going Ahead,Driving Properly,Normal,,,,,,,,Yes,Yes,,,,,,,,,,,85,South Parkdale,85,South Parkdale (85),D11,624298.943928865,4832814.19867011
540,6279954,1191582,9/26/2010 4:00:00 AM,2309,LAKE SHORE BLVD W,COLBORNE LODGE DR,,Major Arterial,Toronto and East York,43.637945,-79.45899,At Intersection,Traffic Signal,Clear,Dark,Dry,Fatal,Cyclist Collisions,Driver,60 to 64,None,,East,"Automobile, Station Wagon",Going Ahead,Driving Properly,Normal,,,,,,,,Yes,Yes,,,,,,,,,,,85,South Parkdale,85,South Parkdale (85),D11,624298.943928865,4832814.19867011
541,6279955,1191582,9/26/2010 4:00:00 AM,2309,LAKE SHORE BLVD W,COLBORNE LODGE DR,,Major Arterial,Toronto and East York,43.637945,-79.45899,At Intersection,Traffic Signal,Clear,Dark,Dry,Fatal,Cyclist Collisions,Cyclist,25 to 29,Fatal,33,South,Bicycle,Going Ahead,,,,,,"Cyclist without ROW rides into path of motorist at inter, lnwy, dwy-Cyclist not turn.",Disobeyed Traffic Control,Had Been Drinking,,Yes,Yes,,,,,,,,,,,85,South Parkdale,85,South Parkdale (85),D11,624298.943928865,4832814.19867011
542,6213920,1199172,9/28/2010 4:00:00 AM,1526,1300 YONGE St,,,Major Arterial,Toronto and East York,43.684345,-79.39259,,No Control,Clear,Daylight,Dry,Non-Fatal Injury,Cyclist Collisions,Other,unknown,None,,,Other,Parked,,,,,,,,,,Yes,,,,,,,,,,,,97,Yonge-St.Clair,97,Yonge-St.Clair (97),D53,629555.029497408,4838069.1118456
543,6213921,1199172,9/28/2010 4:00:00 AM,1526,1300 YONGE St,,,Major Arterial,Toronto and East York,43.684345,-79.39259,,No Control,Clear,Daylight,Dry,Non-Fatal Injury,Cyclist Collisions,Cyclist,20 to 24,Major,,South,Bicycle,Going Ahead,,,,,,Cyclist strikes a parked vehicle.,Speed too Fast For Condition,Normal,,Yes,,,,,,,,,,,,97,Yonge-St.Clair,97,Yonge-St.Clair (97),D53,629555.029497408,4838069.1118456
544,6214096,1199237,10/2/2010 4:00:00 AM,2245,145 COURCELETTE RD,,,Local,Scarborough,43.68035,-79.279674,Non Intersection,No Control,Clear,Dark,Dry,Non-Fatal Injury,Cyclist Collisions,Driver,60 to 64,None,,North,"Automobile, Station Wagon",Turning Left,Improper Turn,Unknown,,,,,,,,Yes,Yes,,,,,,,,,,,122,Birchcliffe-Cliffside,122,Birchcliffe-Cliffside (122),D41,638665.211724482,4837808.00536494
545,6214097,1199237,10/2/2010 4:00:00 AM,2245,145 COURCELETTE RD,,,Local,Scarborough,43.68035,-79.279674,Non Intersection,No Control,Clear,Dark,Dry,Non-Fatal Injury,Cyclist Collisions,Cyclist,55 to 59,Major,,South,Bicycle,Going Ahead,,,,,,Cyclist falls off bike - no contact with motorist.,Lost control,Normal,,Yes,Yes,,,,,,,,,,,122,Birchcliffe-Cliffside,122,Birchcliffe-Cliffside (122),D41,638665.211724482,4837808.00536494
546,6220574,1201907,10/20/2010 4:00:00 AM,1825,QUEEN Stre E,KENILWORTH Aven,,Minor Arterial,Toronto and East York,43.669645,-79.30189,,No Control,Clear,Dark,Dry,Non-Fatal Injury,Cyclist Collisions,Driver,25 to 29,None,,West,"Automobile, Station Wagon",Parked,Other,Normal,,,,,,,,Yes,Yes,,,,,,,,,,,63,The Beaches,63,The Beaches (63),D55,636898.832149628,4836582.16315227
547,6220575,1201907,10/20/2010 4:00:00 AM,1825,QUEEN Stre E,KENILWORTH Aven,,Minor Arterial,Toronto and East York,43.669645,-79.30189,,No Control,Clear,Dark,Dry,Non-Fatal Injury,Cyclist Collisions,Cyclist,50 to 54,Major,,West,Bicycle,Going Ahead,,,,,,Cyclist struck opened vehicle door,Other,Normal,,Yes,Yes,,,,,,,,,,,63,The Beaches,63,The Beaches (63),D55,636898.832149628,4836582.16315227
548,6280487,1202989,11/19/2010 5:00:00 AM,744,LOWER SPADINA AVE,LAKE SHORE BLVD W,,Major Arterial,Toronto and East York,43.638445,-79.39219,At Intersection,Traffic Signal,Clear,Daylight,Dry,Fatal,Cyclist Collisions,Vehicle Owner,unknown,,,,Other,,,,,,,,,,,Yes,,,,Yes,,,,,,,,165,Harbourfront-CityPlace,77,Waterfront Communities-The Island (77),D52,629686.057930009,4832971.93198319
549,6280488,1202989,11/19/2010 5:00:00 AM,744,LOWER SPADINA AVE,LAKE SHORE BLVD W,,Major Arterial,Toronto and East York,43.638445,-79.39219,At Intersection,Traffic Signal,Clear,Daylight,Dry,Fatal,Cyclist Collisions,Driver,30 to 34,None,,South,Municipal Transit Bus (TTC),Going Ahead,Driving Properly,Normal,,,,,,,,Yes,,,,Yes,,,,,,,,165,Harbourfront-CityPlace,77,Waterfront Communities-The Island (77),D52,629686.057930009,4832971.93198319
550,6280489,1202989,11/19/2010 5:00:00 AM,744,LOWER SPADINA AVE,LAKE SHORE BLVD W,,Major Arterial,Toronto and East York,43.638445,-79.39219,At Intersection,Traffic Signal,Clear,Daylight,Dry,Fatal,Cyclist Collisions,Cyclist,60 to 64,Fatal,36,East,Bicycle,Pulling Away from Shoulder or Curb,,,,,,"Cyclist without ROW rides into path of motorist at inter, lnwy, dwy-Cyclist not turn.",Disobeyed Traffic Control,Normal,,Yes,,,,Yes,,,,,,,,165,Harbourfront-CityPlace,77,Waterfront Communities-The Island (77),D52,629686.057930009,4832971.93198319
551,6256087,1204639,11/29/2010 5:00:00 AM,1620,LAKE SHORE BLVD W,PARKSIDE DR,,Major Arterial,Toronto and East York,43.638251,-79.453464,At Intersection,Traffic Signal,Clear,Daylight,Dry,Non-Fatal Injury,Cyclist Collisions,Driver,45 to 49,None,,East,"Automobile, Station Wagon",Going Ahead,Driving Properly,Normal,,,,,,,,Yes,Yes,,,,,,,,,,,85,South Parkdale,85,South Parkdale (85),D11,624744.045974131,4832856.47385375
552,6256088,1204639,11/29/2010 5:00:00 AM,1620,LAKE SHORE BLVD W,PARKSIDE DR,,Major Arterial,Toronto and East York,43.638251,-79.453464,At Intersection,Traffic Signal,Clear,Daylight,Dry,Non-Fatal Injury,Cyclist Collisions,Cyclist,50 to 54,Major,,North,Bicycle,Going Ahead,,,,,,"Cyclist without ROW rides into path of motorist at inter, lnwy, dwy-Cyclist not turn.",Disobeyed Traffic Control,Inattentive,,Yes,Yes,,,,,,,,,,,85,South Parkdale,85,South Parkdale (85),D11,624744.045974131,4832856.47385375
553,6237033,1208896,12/21/2010 5:00:00 AM,1639,DANFORTH Ave,BROADVIEW Ave,,Major Arterial,Toronto and East York,43.676145,-79.35889,,No Control,Clear,Daylight,Dry,Non-Fatal Injury,Cyclist Collisions,Vehicle Owner,unknown,,,,Other,,,,,,,,,,,Yes,Yes,,,,,,,,,,,68,North Riverdale,68,North Riverdale (68),D55,632289.252141127,4837211.58693161
554,6237034,1208896,12/21/2010 5:00:00 AM,1639,DANFORTH Ave,BROADVIEW Ave,,Major Arterial,Toronto and East York,43.676145,-79.35889,,No Control,Clear,Daylight,Dry,Non-Fatal Injury,Cyclist Collisions,Driver,30 to 34,None,,East,"Automobile, Station Wagon",Pulling Onto Shoulder or towardCurb,Improper Lane Change,Inattentive,,,,,,,,Yes,Yes,,,,,,,,,,,68,North Riverdale,68,North Riverdale (68),D55,632289.252141127,4837211.58693161
555,6237035,1208896,12/21/2010 5:00:00 AM,1639,DANFORTH Ave,BROADVIEW Ave,,Major Arterial,Toronto and East York,43.676145,-79.35889,,No Control,Clear,Daylight,Dry,Non-Fatal Injury,Cyclist Collisions,Cyclist,55 to 59,Major,,East,Bicycle,Going Ahead,,,,,,Cyclist and Driver travelling in same direction. One vehicle rear-ended the other.,Driving Properly,Normal,,Yes,Yes,,,,,,,,,,,68,North Riverdale,68,North Riverdale (68),D55,632289.252141127,4837211.58693161
556,6581555,1210091,1/1/2011 5:00:00 AM,513,SPADINA RD,DUPONT ST,,Major Arterial,Toronto and East York,43.674845,-79.40709,At Intersection,Traffic Signal,Clear,Dark,Wet,Non-Fatal Injury,Cyclist Collisions,Driver,60 to 64,None,,South,"Automobile, Station Wagon",Turning Left,Failed to Yield Right of Way,Normal,,,,,,,,Yes,Yes,,,,,,,Yes,,,,95,Annex,95,Annex (95),D53,628406.601512852,4836991.45855856
557,6581556,1210091,1/1/2011 5:00:00 AM,513,SPADINA RD,DUPONT ST,,Major Arterial,Toronto and East York,43.674845,-79.40709,At Intersection,Traffic Signal,Clear,Dark,Wet,Non-Fatal Injury,Cyclist Collisions,Cyclist,20 to 24,Major,,North,Bicycle,Going Ahead,,,,,,Motorist turned left across cyclists path.,Driving Properly,Had Been Drinking,,Yes,Yes,,,,,,,Yes,,,,95,Annex,95,Annex (95),D53,628406.601512852,4836991.45855856
558,6608167,1225017,1/21/2011 5:00:00 AM,1150,DUNDAS ST W,BAY ST,,Major Arterial,Toronto and East York,43.655845,-79.38299,,No Control,Clear,Daylight,Wet,Non-Fatal Injury,Cyclist Collisions,Driver,40 to 44,None,,East,"Automobile, Station Wagon",Changing Lanes,Improper Lane Change,Inattentive,,,,,,,,Yes,Yes,,,,,,,,,,,170,Yonge-Bay Corridor,76,Bay Street Corridor (76),D52,630390.484640117,4834918.84476283
559,6608168,1225017,1/21/2011 5:00:00 AM,1150,DUNDAS ST W,BAY ST,,Major Arterial,Toronto and East York,43.655845,-79.38299,,No Control,Clear,Daylight,Wet,Non-Fatal Injury,Cyclist Collisions,Cyclist,20 to 24,Major,,East,Bicycle,Overtaking,,,,,,Cyclist and Driver travelling in same direction. One vehicle sideswipes the other.,Driving Properly,Normal,,Yes,Yes,,,,,,,,,,,170,Yonge-Bay Corridor,76,Bay Street Corridor (76),D52,630390.484640117,4834918.84476283
560,6609232,1225497,1/26/2011 5:00:00 AM,1730,BAY ST,TEMPERANCE ST W,,Major Arterial,Toronto and East York,43.650445,-79.38099,,No Control,Clear,Dark,Dry,Non-Fatal Injury,Cyclist Collisions,Driver,45 to 49,None,,South,"Automobile, Station Wagon",Making U Turn,Failed to Yield Right of Way,Inattentive,,,,,,,,Yes,Yes,,,,,,,Yes,,,,170,Yonge-Bay Corridor,76,Bay Street Corridor (76),D52,630563.461333855,4834322.24847938
561,6609233,1225497,1/26/2011 5:00:00 AM,1730,BAY ST,TEMPERANCE ST W,,Major Arterial,Toronto and East York,43.650445,-79.38099,,No Control,Clear,Dark,Dry,Non-Fatal Injury,Cyclist Collisions,Cyclist,55 to 59,Major,,South,Bicycle,Going Ahead,,,,,,Motorist makes u-turn in-front of cyclist.,Driving Properly,Normal,,Yes,Yes,,,,,,,Yes,,,,170,Yonge-Bay Corridor,76,Bay Street Corridor (76),D52,630563.461333855,4834322.24847938
562,6634062,1236286,3/30/2011 4:00:00 AM,650,COLLEGE ST,DOVERCOURT RD,,Major Arterial,Toronto and East York,43.653545,-79.42639,At Intersection,Traffic Signal,Clear,Daylight,Dry,Non-Fatal Injury,Cyclist Collisions,Vehicle Owner,unknown,,,,Other,,,,,,,,,,,Yes,,,Yes,,,,,,,,,84,Little Portugal,84,Little Portugal (84),D14,626895.657325197,4834596.1150842
563,6634063,1236286,3/30/2011 4:00:00 AM,650,COLLEGE ST,DOVERCOURT RD,,Major Arterial,Toronto and East York,43.653545,-79.42639,At Intersection,Traffic Signal,Clear,Daylight,Dry,Non-Fatal Injury,Cyclist Collisions,Truck Driver,60 to 64,None,,East,Truck - Open,Turning Right,Driving Properly,Normal,,,,,,,,Yes,,,Yes,,,,,,,,,84,Little Portugal,84,Little Portugal (84),D14,626895.657325197,4834596.1150842
564,6634064,1236286,3/30/2011 4:00:00 AM,650,COLLEGE ST,DOVERCOURT RD,,Major Arterial,Toronto and East York,43.653545,-79.42639,At Intersection,Traffic Signal,Clear,Daylight,Dry,Non-Fatal Injury,Cyclist Collisions,Cyclist,45 to 49,Major,,West,Bicycle,Going Ahead,,,,,,"Cyclist without ROW rides into path of motorist at inter, lnwy, dwy-Cyclist not turn.",Other,Inattentive,,Yes,,,Yes,,,,,,,,,84,Little Portugal,84,Little Portugal (84),D14,626895.657325197,4834596.1150842
565,6636567,1237364,4/5/2011 4:00:00 AM,1020,JARVIS ST,WELLESLEY ST E,,Major Arterial,Toronto and East York,43.666245,-79.37829,At Intersection,Traffic Signal,Clear,Daylight,Dry,Non-Fatal Injury,Cyclist Collisions,Driver,65 to 69,None,,South,"Automobile, Station Wagon",Going Ahead,Driving Properly,Normal,,,,,,,,Yes,Yes,,,,,,,,,,,71,Cabbagetown-South St.James Town,71,Cabbagetown-South St.James Town (71),D51,630746.904580263,4836081.29974072
566,6636568,1237364,4/5/2011 4:00:00 AM,1020,JARVIS ST,WELLESLEY ST E,,Major Arterial,Toronto and East York,43.666245,-79.37829,At Intersection,Traffic Signal,Clear,Daylight,Dry,Non-Fatal Injury,Cyclist Collisions,Cyclist,65 to 69,Major,,South,Bicycle,Overtaking,,,,,,Cyclist and Driver travelling in same direction. One vehicle sideswipes the other.,Improper Passing,Normal,,Yes,Yes,,,,,,,,,,,71,Cabbagetown-South St.James Town,71,Cabbagetown-South St.James Town (71),D51,630746.904580263,4836081.29974072
567,6616197,1228586,4/18/2011 4:00:00 AM,1315,DUNDAS ST W,BAY ST,,Major Arterial,Toronto and East York,43.655945,-79.38279,,No Control,Clear,Daylight,Dry,Non-Fatal Injury,Cyclist Collisions,Vehicle Owner,unknown,,,,Other,,,,,,,,,,,Yes,Yes,,,,,,,Yes,,,,170,Yonge-Bay Corridor,76,Bay Street Corridor (76),D52,630406.39570421,4834930.26539076
568,6616198,1228586,4/18/2011 4:00:00 AM,1315,DUNDAS ST W,BAY ST,,Major Arterial,Toronto and East York,43.655945,-79.38279,,No Control,Clear,Daylight,Dry,Non-Fatal Injury,Cyclist Collisions,Driver,25 to 29,None,,East,"Automobile, Station Wagon",Pulling Away from Shoulder or Curb,Failed to Yield Right of Way,Normal,,,,,,,,Yes,Yes,,,,,,,Yes,,,,170,Yonge-Bay Corridor,76,Bay Street Corridor (76),D52,630406.39570421,4834930.26539076
569,6616199,1228586,4/18/2011 4:00:00 AM,1315,DUNDAS ST W,BAY ST,,Major Arterial,Toronto and East York,43.655945,-79.38279,,No Control,Clear,Daylight,Dry,Non-Fatal Injury,Cyclist Collisions,Cyclist,25 to 29,Major,,East,Bicycle,Going Ahead,,,,,,Cyclist and Driver travelling in same direction. One vehicle sideswipes the other.,Driving Properly,Normal,,Yes,Yes,,,,,,,Yes,,,,170,Yonge-Bay Corridor,76,Bay Street Corridor (76),D52,630406.39570421,4834930.26539076
570,6617136,1228987,4/20/2011 4:00:00 AM,538,MARKHAM RD,HIGHWAY 401 C  E,,Major Arterial,Scarborough,43.785345,-79.23519,,No Control,Rain,Dark,Wet,Non-Fatal Injury,Cyclist Collisions,Driver,50 to 54,None,,North,"Automobile, Station Wagon",Going Ahead,Speed too Fast For Condition,Inattentive,,,,,,,,Yes,Yes,,,,,,Yes,Yes,,,,142,Woburn North,137,Woburn (137),D43,642002.463241462,4849544.61108182