OBJECTID,INDEX,ACCNUM,DATE,TIME,STREET1,STREET2,OFFSET,ROAD_CLASS,DISTRICT,LATITUDE,LONGITUDE,ACCLOC,TRAFFCTL,VISIBILITY,LIGHT,RDSFCOND,ACCLASS,IMPACTYPE,INVTYPE,INVAGE,INJURY,FATAL_NO,INITDIR,VEHTYPE,MANOEUVER,DRIVACT,DRIVCOND,PEDTYPE,PEDACT,PEDCOND,CYCLISTYPE,CYCACT,CYCCOND,PEDESTRIAN,CYCLIST,AUTOMOBILE,MOTORCYCLE,TRUCK,TRSN_CITY_VEH,EMERG_VEH,PASSENGER,SPEEDING,AG_DRIV,REDLIGHT,ALCOHOL,DISABILITY,HOOD_158,NEIGHBOURHOOD_158,HOOD_140,NEIGHBOURHOOD_140,DIVISION,x,y
571,6617137,1228987,4/20/2011 4:00:00 AM,538,MARKHAM RD,HIGHWAY 401 C  E,,Major Arterial,Scarborough,43.785345,-79.23519,,No Control,Rain,Dark,Wet,Non-Fatal Injury,Cyclist Collisions,Cyclist,35 to 39,Major,,North,Bicycle,Going Ahead,,,,,,Cyclist and Driver travelling in same direction. One vehicle rear-ended the other.,Driving Properly,Normal,,Yes,Yes,,,,,,Yes,Yes,,,,142,Woburn North,137,Woburn (137),D43,642002.463241462,4849544.61108182
572,6645162,1240985,5/7/2011 4:00:00 AM,2128,MOUNT ROYAL Aven,THOME Cres,,Local,Toronto and East York,43.676245,-79.43309,At Intersection,Stop Sign,Clear,Dark,Dry,Non-Fatal Injury,Cyclist Collisions,Vehicle Owner,unknown,,,,Other,,,,,,,,,,,Yes,Yes,,,,,,,Yes,,,,94,Wychwood,94,Wychwood (94),D13,626307.749288845,4837107.02667839
573,6645163,1240985,5/7/2011 4:00:00 AM,2128,MOUNT ROYAL Aven,THOME Cres,,Local,Toronto and East York,43.676245,-79.43309,At Intersection,Stop Sign,Clear,Dark,Dry,Non-Fatal Injury,Cyclist Collisions,Driver,70 to 74,None,,North,"Automobile, Station Wagon",Turning Left,Failed to Yield Right of Way,Inattentive,,,,,,,,Yes,Yes,,,,,,,Yes,,,,94,Wychwood,94,Wychwood (94),D13,626307.749288845,4837107.02667839
574,6645164,1240985,5/7/2011 4:00:00 AM,2128,MOUNT ROYAL Aven,THOME Cres,,Local,Toronto and East York,43.676245,-79.43309,At Intersection,Stop Sign,Clear,Dark,Dry,Non-Fatal Injury,Cyclist Collisions,Cyclist,85 to 89,Major,,South,Bicycle,Going Ahead,,,,,,Motorist turned left across cyclists path.,Driving Properly,Normal,,Yes,Yes,,,,,,,Yes,,,,94,Wychwood,94,Wychwood (94),D13,626307.749288845,4837107.02667839
575,6654066,1244722,6/5/2011 4:00:00 AM,1200,FLEET ST,FORT YORK BLVD,,Minor Arterial,Toronto and East York,43.636345,-79.40679,At Intersection,Traffic Signal,Clear,Daylight,Dry,Non-Fatal Injury,Cyclist Collisions,Driver,35 to 39,None,,East,"Automobile, Station Wagon",Stopped,Driving Properly,Normal,,,,,,,,Yes,Yes,,,,,,,,,,,163,Fort York-Liberty Village,82,Niagara (82),D14,628512.885450594,4832715.99200737
576,6654067,1244722,6/5/2011 4:00:00 AM,1200,FLEET ST,FORT YORK BLVD,,Minor Arterial,Toronto and East York,43.636345,-79.40679,At Intersection,Traffic Signal,Clear,Daylight,Dry,Non-Fatal Injury,Cyclist Collisions,Cyclist,25 to 29,Major,,East,Bicycle,Going Ahead,,,,,,Cyclist struck opened vehicle door,Improper Passing,Normal,,Yes,Yes,,,,,,,,,,,163,Fort York-Liberty Village,82,Niagara (82),D14,628512.885450594,4832715.99200737
577,6636363,1237279,6/8/2011 4:00:00 AM,1710,FINCH AVE W,NORFINCH DR,,Major Arterial,Etobicoke York,43.755945,-79.52429,At Intersection,Traffic Signal,Clear,Daylight,Dry,Non-Fatal Injury,Cyclist Collisions,Driver,45 to 49,None,,South,"Automobile, Station Wagon",Turning Right,Improper Turn,Normal,,,,,,,,Yes,Yes,,,,,,,,,,,24,Black Creek,24,Black Creek (24),D31,618798.511913007,4845823.99014183
578,6636364,1237279,6/8/2011 4:00:00 AM,1710,FINCH AVE W,NORFINCH DR,,Major Arterial,Etobicoke York,43.755945,-79.52429,At Intersection,Traffic Signal,Clear,Daylight,Dry,Non-Fatal Injury,Cyclist Collisions,Cyclist,65 to 69,Major,,East,Bicycle,Unknown,,,,,,Motorist turning right on red at signalized intersection strikes cyclist.,Driving Properly,Unknown,,Yes,Yes,,,,,,,,,,,24,Black Creek,24,Black Creek (24),D31,618798.511913007,4845823.99014183
579,6657620,1246241,6/13/2011 4:00:00 AM,2020,CHURCH ST,ALEXANDER ST,,Minor Arterial,Toronto and East York,43.663645,-79.37999,,No Control,Clear,Dark,Dry,Non-Fatal Injury,Cyclist Collisions,Driver,30 to 34,None,,North,"Automobile, Station Wagon",Parked,Other,Normal,,,,,,,,Yes,Yes,,,,,,,,,,,167,Church-Wellesley,75,Church-Yonge Corridor (75),D51,630615.482995792,4835789.85709569
580,6657621,1246241,6/13/2011 4:00:00 AM,2020,CHURCH ST,ALEXANDER ST,,Minor Arterial,Toronto and East York,43.663645,-79.37999,,No Control,Clear,Dark,Dry,Non-Fatal Injury,Cyclist Collisions,Cyclist,25 to 29,Major,,North,Bicycle,Going Ahead,,,,,,Cyclist and Driver travelling in same direction. One vehicle sideswipes the other.,Driving Properly,Normal,,Yes,Yes,,,,,,,,,,,167,Church-Wellesley,75,Church-Yonge Corridor (75),D51,630615.482995792,4835789.85709569
581,6659080,1246857,6/15/2011 4:00:00 AM,1405,DUPONT Stre,CAMPBELL Aven,,Major Arterial,Toronto and East York,43.665946,-79.450092,At Intersection,No Control,Clear,Daylight,Dry,Non-Fatal Injury,Sideswipe,Vehicle Owner,unknown,,,,,,,,,,,,,,,Yes,Yes,,,,,,,,,,,171,Junction-Wallace Emerson,93,Dovercourt-Wallace Emerson-Junction (93),D11,624958.585909106,4835937.4359623
582,6659081,1246857,6/15/2011 4:00:00 AM,1405,DUPONT Stre,CAMPBELL Aven,,Major Arterial,Toronto and East York,43.665946,-79.450092,At Intersection,No Control,Clear,Daylight,Dry,Non-Fatal Injury,Sideswipe,Driver,75 to 79,None,,West,"Automobile, Station Wagon",Turning Right,Improper Turn,Normal,,,,,,,,Yes,Yes,,,,,,,,,,,171,Junction-Wallace Emerson,93,Dovercourt-Wallace Emerson-Junction (93),D11,624958.585909106,4835937.4359623
583,6659082,1246857,6/15/2011 4:00:00 AM,1405,DUPONT Stre,CAMPBELL Aven,,Major Arterial,Toronto and East York,43.665946,-79.450092,At Intersection,No Control,Clear,Daylight,Dry,Non-Fatal Injury,Sideswipe,Moped Driver,35 to 39,Major,,West,Moped,Going Ahead,,,,,,,,,,Yes,Yes,,,,,,,,,,,171,Junction-Wallace Emerson,93,Dovercourt-Wallace Emerson-Junction (93),D11,624958.585909106,4835937.4359623
584,6641415,1239456,6/16/2011 4:00:00 AM,1230,BATHURST ST,LAWRENCE AVE W,,Major Arterial,North York,43.719245,-79.42979,At Intersection,Traffic Signal,Clear,Daylight,Dry,Non-Fatal Injury,Cyclist Collisions,Driver,unknown,None,,South,"Automobile, Station Wagon",Turning Left,Failed to Yield Right of Way,Unknown,,,,,,,,Yes,Yes,,,,,,,Yes,,,,39,Bedford Park-Nortown,39,Bedford Park-Nortown (39),D53,626483.320778077,4841887.80243069
585,6641416,1239456,6/16/2011 4:00:00 AM,1230,BATHURST ST,LAWRENCE AVE W,,Major Arterial,North York,43.719245,-79.42979,At Intersection,Traffic Signal,Clear,Daylight,Dry,Non-Fatal Injury,Cyclist Collisions,Cyclist,20 to 24,Major,,North,Bicycle,Going Ahead,,,,,,Motorist turned left across cyclists path.,Other,Normal,,Yes,Yes,,,,,,,Yes,,,,39,Bedford Park-Nortown,39,Bedford Park-Nortown (39),D53,626483.320778077,4841887.80243069
586,6643674,1240382,6/24/2011 4:00:00 AM,930,JAMESON Aven,SPRINGHURST Aven,,Minor Arterial,Toronto and East York,43.633945,-79.43479,At Intersection,Stop Sign,Rain,Daylight,Wet,Non-Fatal Injury,Cyclist Collisions,Vehicle Owner,unknown,,,,Other,,,,,,,,,,,Yes,,,,Yes,,,,,,,,85,South Parkdale,85,South Parkdale (85),D14,626259.328656922,4832406.47185691
587,6643675,1240382,6/24/2011 4:00:00 AM,930,JAMESON Aven,SPRINGHURST Aven,,Minor Arterial,Toronto and East York,43.633945,-79.43479,At Intersection,Stop Sign,Rain,Daylight,Wet,Non-Fatal Injury,Cyclist Collisions,Driver,30 to 34,None,,South,Municipal Transit Bus (TTC),Going Ahead,Driving Properly,Normal,,,,,,,,Yes,,,,Yes,,,,,,,,85,South Parkdale,85,South Parkdale (85),D14,626259.328656922,4832406.47185691
588,6643676,1240382,6/24/2011 4:00:00 AM,930,JAMESON Aven,SPRINGHURST Aven,,Minor Arterial,Toronto and East York,43.633945,-79.43479,At Intersection,Stop Sign,Rain,Daylight,Wet,Non-Fatal Injury,Cyclist Collisions,Cyclist,40 to 44,Major,,North,Bicycle,Turning Left,,,,,,Cyclist turns right across motorists path,Improper Turn,Inattentive,,Yes,,,,Yes,,,,,,,,85,South Parkdale,85,South Parkdale (85),D14,626259.328656922,4832406.47185691
589,6665450,1249542,7/6/2011 4:00:00 AM,1850,DUNDAS ST W,CARLYLE ST,,Major Arterial,Toronto and East York,43.652145,-79.40479,At Intersection,Stop Sign,Clear,Daylight,Dry,Non-Fatal Injury,Cyclist Collisions,Driver,55 to 59,None,,South,"Automobile, Station Wagon",Stopped,Driving Properly,Normal,,,,,,,,Yes,Yes,,,,,,,,,,,78,Kensington-Chinatown,78,Kensington-Chinatown (78),D14,628640.48449197,4834473.8849546
590,6665451,1249542,7/6/2011 4:00:00 AM,1850,DUNDAS ST W,CARLYLE ST,,Major Arterial,Toronto and East York,43.652145,-79.40479,At Intersection,Stop Sign,Clear,Daylight,Dry,Non-Fatal Injury,Cyclist Collisions,Cyclist,40 to 44,Major,,East,Bicycle,Going Ahead,,,,,,"Cyclist without ROW rides into path of motorist at inter, lnwy, dwy-Cyclist not turn.",Wrong Way on One Way Road,Inattentive,,Yes,Yes,,,,,,,,,,,78,Kensington-Chinatown,78,Kensington-Chinatown (78),D14,628640.48449197,4834473.8849546
591,6666238,1249845,7/8/2011 4:00:00 AM,1600,6780 KINGSTON RD,,,Major Arterial,Scarborough,43.798345,-79.14709,,No Control,Clear,Daylight,Dry,Non-Fatal Injury,Cyclist Collisions,Vehicle Owner,unknown,,,,Other,,,,,,,,,,,Yes,Yes,,,,,,,Yes,,,,133,Centennial Scarborough,133,Centennial Scarborough (133),D42,649059.047025604,4851143.38490964
592,6666239,1249845,7/8/2011 4:00:00 AM,1600,6780 KINGSTON RD,,,Major Arterial,Scarborough,43.798345,-79.14709,,No Control,Clear,Daylight,Dry,Non-Fatal Injury,Cyclist Collisions,Driver,20 to 24,Major,,South,"Automobile, Station Wagon",Turning Right,Failed to Yield Right of Way,Inattentive,,,,,,,,Yes,Yes,,,,,,,Yes,,,,133,Centennial Scarborough,133,Centennial Scarborough (133),D42,649059.047025604,4851143.38490964
593,6666240,1249845,7/8/2011 4:00:00 AM,1600,6780 KINGSTON RD,,,Major Arterial,Scarborough,43.798345,-79.14709,,No Control,Clear,Daylight,Dry,Non-Fatal Injury,Cyclist Collisions,Cyclist,45 to 49,Major,,East,Bicycle,Going Ahead,,,,,,"Motorist turns right at non-signal Inter.(stop, yield, no cont.,and dwy) and strikes cyclist.",Failed to Yield Right of Way,Inattentive,,Yes,Yes,,,,,,,Yes,,,,133,Centennial Scarborough,133,Centennial Scarborough (133),D42,649059.047025604,4851143.38490964
594,6668517,1250782,7/14/2011 4:00:00 AM,1610,AVENUE Road,EDMUND Aven,,Major Arterial,Toronto and East York,43.682545,-79.39979,,Traffic Signal,Clear,Daylight,Dry,Non-Fatal Injury,Cyclist Collisions,Driver,50 to 54,None,,North,"Automobile, Station Wagon",Going Ahead,Driving Properly,Normal,,,,,,,,Yes,Yes,,,,,,,,,,,97,Yonge-St.Clair,97,Yonge-St.Clair (97),D53,628978.570904546,4837857.97478988
595,6668518,1250782,7/14/2011 4:00:00 AM,1610,AVENUE Road,EDMUND Aven,,Major Arterial,Toronto and East York,43.682545,-79.39979,,Traffic Signal,Clear,Daylight,Dry,Non-Fatal Injury,Cyclist Collisions,Cyclist,25 to 29,Major,,East,Bicycle,Going Ahead,,,,,,"Cyclist without ROW rides into path of motorist at inter, lnwy, dwy-Cyclist not turn.",Disobeyed Traffic Control,Inattentive,,Yes,Yes,,,,,,,,,,,97,Yonge-St.Clair,97,Yonge-St.Clair (97),D53,628978.570904546,4837857.97478988
596,6669027,1250979,7/15/2011 4:00:00 AM,1630,DON MILLS RD,WYNFORD DR,,Major Arterial,North York,43.723445,-79.33969,,No Control,Clear,Daylight,Dry,Non-Fatal Injury,Cyclist Collisions,Driver,55 to 59,None,,North,"Automobile, Station Wagon",Going Ahead,Following too Close,Inattentive,,,,,,,,Yes,Yes,,,,,,,Yes,,,,42,Banbury-Don Mills,42,Banbury-Don Mills (42),D33,633731.771479097,4842495.72122506
597,6669028,1250979,7/15/2011 4:00:00 AM,1630,DON MILLS RD,WYNFORD DR,,Major Arterial,North York,43.723445,-79.33969,,No Control,Clear,Daylight,Dry,Non-Fatal Injury,Cyclist Collisions,Cyclist,30 to 34,Major,,North,Bicycle,Going Ahead,,,,,,Cyclist and Driver travelling in same direction. One vehicle rear-ended the other.,Driving Properly,Normal,,Yes,Yes,,,,,,,Yes,,,,42,Banbury-Don Mills,42,Banbury-Don Mills (42),D33,633731.771479097,4842495.72122506
598,6668797,1250894,7/15/2011 4:00:00 AM,1655,DANFORTH Ave,LANGFORD Ave,,Major Arterial,Toronto and East York,43.679745,-79.34059,,No Control,Clear,Daylight,Dry,Non-Fatal Injury,Cyclist Collisions,Driver,45 to 49,None,,West,"Automobile, Station Wagon",Parked,Other,Inattentive,,,,,,,,Yes,Yes,,,,,,,,,,,69,Blake-Jones,69,Blake-Jones (69),D55,633756.425022026,4837640.7662818
599,6668798,1250894,7/15/2011 4:00:00 AM,1655,DANFORTH Ave,LANGFORD Ave,,Major Arterial,Toronto and East York,43.679745,-79.34059,,No Control,Clear,Daylight,Dry,Non-Fatal Injury,Cyclist Collisions,Cyclist,50 to 54,Major,,West,Bicycle,Going Ahead,,,,,,Cyclist struck opened vehicle door,Driving Properly,Normal,,Yes,Yes,,,,,,,,,,,69,Blake-Jones,69,Blake-Jones (69),D55,633756.425022026,4837640.7662818
600,6675011,1253635,7/20/2011 4:00:00 AM,1800,QUEENS QUAY W,REES ST,,Minor Arterial,Toronto and East York,43.638845,-79.38659,At Intersection,Traffic Signal,Clear,Daylight,Dry,Non-Fatal Injury,Cyclist Collisions,Vehicle Owner,unknown,,,,Other,,,,,,,,,,,Yes,Yes,,,,,,,,,,,165,Harbourfront-CityPlace,77,Waterfront Communities-The Island (77),D52,630136.895551044,4833025.12207709
601,6675012,1253635,7/20/2011 4:00:00 AM,1800,QUEENS QUAY W,REES ST,,Minor Arterial,Toronto and East York,43.638845,-79.38659,At Intersection,Traffic Signal,Clear,Daylight,Dry,Non-Fatal Injury,Cyclist Collisions,Driver,40 to 44,None,,West,"Automobile, Station Wagon",Parked,Other,Normal,,,,,,,,Yes,Yes,,,,,,,,,,,165,Harbourfront-CityPlace,77,Waterfront Communities-The Island (77),D52,630136.895551044,4833025.12207709
602,6675013,1253635,7/20/2011 4:00:00 AM,1800,QUEENS QUAY W,REES ST,,Minor Arterial,Toronto and East York,43.638845,-79.38659,At Intersection,Traffic Signal,Clear,Daylight,Dry,Non-Fatal Injury,Cyclist Collisions,Cyclist,40 to 44,Major,,West,Bicycle,Going Ahead,,,,,,Cyclist struck opened vehicle door,Driving Properly,Normal,,Yes,Yes,,,,,,,,,,,165,Harbourfront-CityPlace,77,Waterfront Communities-The Island (77),D52,630136.895551044,4833025.12207709
603,6677956,1254931,7/28/2011 4:00:00 AM,1354,4277 LAWRENCE AVE E,,,Minor Arterial,Scarborough,43.770045,-79.17909,,No Control,Rain,Daylight,Wet,Non-Fatal Injury,Cyclist Collisions,Driver,35 to 39,None,,North,"Automobile, Station Wagon",Slowing or Stopping,Failed to Yield Right of Way,Normal,,,,,,,,Yes,Yes,,,,,,,Yes,,,,136,West Hill,136,West Hill (136),D43,646553.888313705,4847943.07394628
604,6677957,1254931,7/28/2011 4:00:00 AM,1354,4277 LAWRENCE AVE E,,,Minor Arterial,Scarborough,43.770045,-79.17909,,No Control,Rain,Daylight,Wet,Non-Fatal Injury,Cyclist Collisions,Cyclist,35 to 39,Major,,East,Bicycle,Going Ahead,,,,,,"Motorist without ROW drives into path of cyclist at inter, lnwy, dwy-Driver not turn.",Driving Properly,Other,,Yes,Yes,,,,,,,Yes,,,,136,West Hill,136,West Hill (136),D43,646553.888313705,4847943.07394628
605,6681679,1256606,8/3/2011 4:00:00 AM,1842,AILEEN AVE,KEELE ST,,Local,Etobicoke York,43.683345,-79.47149,,No Control,Rain,Daylight,Wet,Non-Fatal Injury,Cyclist Collisions,Driver,45 to 49,None,,East,"Automobile, Station Wagon",Going Ahead,Driving Properly,Normal,,,,,,,,Yes,Yes,,,,,,,,,,,110,Keelesdale-Eglinton West,110,Keelesdale-Eglinton West (110),D12,623197.786478608,4837837.81930312
606,6681680,1256606,8/3/2011 4:00:00 AM,1842,AILEEN AVE,KEELE ST,,Local,Etobicoke York,43.683345,-79.47149,,No Control,Rain,Daylight,Wet,Non-Fatal Injury,Cyclist Collisions,Cyclist,10 to 14,Major,,North,Bicycle,Going Ahead,,,,,,"Cyclist without ROW rides into path of motorist at inter, lnwy, dwy-Cyclist not turn.",Failed to Yield Right of Way,Inattentive,,Yes,Yes,,,,,,,,,,,110,Keelesdale-Eglinton West,110,Keelesdale-Eglinton West (110),D12,623197.786478608,4837837.81930312
607,6661545,1247894,8/4/2011 4:00:00 AM,2301,YORK MILLS RD,DVP N YORK MILLS W RAMP,,Major Arterial,North York,43.758891,-79.334056,,Traffic Signal,Clear,Dark,Dry,Non-Fatal Injury,Cyclist Collisions,Driver,40 to 44,None,,North,"Automobile, Station Wagon",Stopped,Driving Properly,Normal,,,,,,,,Yes,Yes,,,,,,,,,,,150,Fenside-Parkwoods,45,Parkwoods-Donalda (45),D33,634106.408743676,4846441.6335937
608,6661546,1247894,8/4/2011 4:00:00 AM,2301,YORK MILLS RD,DVP N YORK MILLS W RAMP,,Major Arterial,North York,43.758891,-79.334056,,Traffic Signal,Clear,Dark,Dry,Non-Fatal Injury,Cyclist Collisions,Cyclist,20 to 24,Major,,West,Bicycle,Going Ahead,,,,,,"Cyclist without ROW rides into path of motorist at inter, lnwy, dwy-Cyclist not turn.",Disobeyed Traffic Control,Unknown,,Yes,Yes,,,,,,,,,,,150,Fenside-Parkwoods,45,Parkwoods-Donalda (45),D33,634106.408743676,4846441.6335937
609,6661293,1247766,8/5/2011 4:00:00 AM,902,GREENWOOD AVE,PLAINS RD,,Collector,Toronto and East York,43.693845,-79.33849,At Intersection,Stop Sign,Clear,Daylight,Dry,Fatal,Cyclist Collisions,Vehicle Owner,unknown,,,,Other,,,,,,,,,,,Yes,Yes,,,,,,,Yes,,,,58,Old East York,58,Old East York (58),D55,633894.321288593,4839210.15590499
610,6661294,1247766,8/5/2011 4:00:00 AM,902,GREENWOOD AVE,PLAINS RD,,Collector,Toronto and East York,43.693845,-79.33849,At Intersection,Stop Sign,Clear,Daylight,Dry,Fatal,Cyclist Collisions,Driver,80 to 84,None,,South,"Automobile, Station Wagon",Going Ahead,Failed to Yield Right of Way,Inattentive,,,,,,,,Yes,Yes,,,,,,,Yes,,,,58,Old East York,58,Old East York (58),D55,633894.321288593,4839210.15590499
611,6661295,1247766,8/5/2011 4:00:00 AM,902,GREENWOOD AVE,PLAINS RD,,Collector,Toronto and East York,43.693845,-79.33849,At Intersection,Stop Sign,Clear,Daylight,Dry,Fatal,Cyclist Collisions,Cyclist,80 to 84,Fatal,16,West,Bicycle,Going Ahead,,,,,,"Motorist without ROW drives into path of cyclist at inter, lnwy, dwy-Driver not turn.",Driving Properly,Normal,,Yes,Yes,,,,,,,Yes,,,,58,Old East York,58,Old East York (58),D55,633894.321288593,4839210.15590499
612,6683053,1257236,8/5/2011 4:00:00 AM,1509,DEWSON ST,OSSINGTON AVE,,Minor Arterial,Toronto and East York,43.656945,-79.42369,At Intersection,Stop Sign,Clear,Daylight,Dry,Non-Fatal Injury,Turning Movement,Moped Driver,40 to 44,Major,,South,Moped,Going Ahead,Driving Properly,Normal,,,,,,,,Yes,Yes,,,,,,,Yes,,,,80,Palmerston-Little Italy,80,Palmerston-Little Italy (80),D14,627106.213621583,4834977.86206732
613,6683054,1257236,8/5/2011 4:00:00 AM,1509,DEWSON ST,OSSINGTON AVE,,Minor Arterial,Toronto and East York,43.656945,-79.42369,At Intersection,Stop Sign,Clear,Daylight,Dry,Non-Fatal Injury,Turning Movement,Vehicle Owner,unknown,,,,Other,,,,,,,,,,,Yes,Yes,,,,,,,Yes,,,,80,Palmerston-Little Italy,80,Palmerston-Little Italy (80),D14,627106.213621583,4834977.86206732
614,6683055,1257236,8/5/2011 4:00:00 AM,1509,DEWSON ST,OSSINGTON AVE,,Minor Arterial,Toronto and East York,43.656945,-79.42369,At Intersection,Stop Sign,Clear,Daylight,Dry,Non-Fatal Injury,Turning Movement,Driver,45 to 49,None,,East,"Automobile, Station Wagon",Turning Left,Failed to Yield Right of Way,Unknown,,,,,,,,Yes,Yes,,,,,,,Yes,,,,80,Palmerston-Little Italy,80,Palmerston-Little Italy (80),D14,627106.213621583,4834977.86206732
615,6669114,1251014,8/6/2011 4:00:00 AM,1335,60 LACEY AVE,CAMERON Aven,,Local,Etobicoke York,43.689845,-79.46859,,No Control,Clear,Daylight,Dry,Non-Fatal Injury,Cyclist Collisions,Driver,unknown,None,,North,"Automobile, Station Wagon",Going Ahead,Other,Normal,,,,,,,,Yes,Yes,,,,,,,,,,,110,Keelesdale-Eglinton West,110,Keelesdale-Eglinton West (110),D12,623418.197562773,4838564.04426122
616,6669115,1251014,8/6/2011 4:00:00 AM,1335,60 LACEY AVE,CAMERON Aven,,Local,Etobicoke York,43.689845,-79.46859,,No Control,Clear,Daylight,Dry,Non-Fatal Injury,Cyclist Collisions,Cyclist,10 to 14,Major,,South,Bicycle,Going Ahead,,,,,,Insufficient information (to determine cyclist crash type).,Driving Properly,Normal,,Yes,Yes,,,,,,,,,,,110,Keelesdale-Eglinton West,110,Keelesdale-Eglinton West (110),D12,623418.197562773,4838564.04426122
617,6685272,1258248,8/8/2011 4:00:00 AM,1457,BIRCHMOUNT RD,BONIS AVE,,Major Arterial,Scarborough,43.783545,-79.29929,At Intersection,Traffic Signal,Clear,Daylight,Dry,Non-Fatal Injury,Cyclist Collisions,Driver,50 to 54,None,,West,"Automobile, Station Wagon",Turning Left,Failed to Yield Right of Way,Normal,,,,,,,,Yes,Yes,,,,,,,Yes,,,,118,Tam O'Shanter-Sullivan,118,Tam O'Shanter-Sullivan (118),D42,636848.815247921,4849236.72621653
618,6685273,1258248,8/8/2011 4:00:00 AM,1457,BIRCHMOUNT RD,BONIS AVE,,Major Arterial,Scarborough,43.783545,-79.29929,At Intersection,Traffic Signal,Clear,Daylight,Dry,Non-Fatal Injury,Cyclist Collisions,Cyclist,60 to 64,Major,,East,Bicycle,Going Ahead,,,,,,Motorist turned left across cyclists path.,Other,Normal,,Yes,Yes,,,,,,,Yes,,,,118,Tam O'Shanter-Sullivan,118,Tam O'Shanter-Sullivan (118),D42,636848.815247921,4849236.72621653
619,6675460,1253834,8/16/2011 4:00:00 AM,1640,BLUE JAYS WAY,NAVY WHARF CRT,,Minor Arterial,Toronto and East York,43.641745,-79.39189,At Intersection,No Control,Clear,Daylight,Dry,Non-Fatal Injury,Cyclist Collisions,Driver,unknown,None,,West,"Automobile, Station Wagon",Going Ahead,Failed to Yield Right of Way,Unknown,,,,,,,,Yes,Yes,,,,,,,Yes,,,,165,Harbourfront-CityPlace,77,Waterfront Communities-The Island (77),D52,629703.155218523,4833338.9083421
620,6675461,1253834,8/16/2011 4:00:00 AM,1640,BLUE JAYS WAY,NAVY WHARF CRT,,Minor Arterial,Toronto and East York,43.641745,-79.39189,At Intersection,No Control,Clear,Daylight,Dry,Non-Fatal Injury,Cyclist Collisions,Cyclist,25 to 29,Major,,West,Bicycle,Turning Left,,,,,,Cyclist turned left across motorists path.,Driving Properly,Normal,,Yes,Yes,,,,,,,Yes,,,,165,Harbourfront-CityPlace,77,Waterfront Communities-The Island (77),D52,629703.155218523,4833338.9083421
621,6688357,1259578,8/19/2011 4:00:00 AM,2128,BLOOR ST W,HARCROFT RD,,Major Arterial,Toronto and East York,43.651845,-79.47289,,No Control,Clear,Dark,Dry,Non-Fatal Injury,Cyclist Collisions,Driver,unknown,None,,East,"Automobile, Station Wagon",Overtaking,Improper Passing,Unknown,,,,,,,,Yes,Yes,,,,,,,Yes,,,,87,High Park-Swansea,87,High Park-Swansea (87),D11,623149.344453088,4834337.25007927
622,6688358,1259578,8/19/2011 4:00:00 AM,2128,BLOOR ST W,HARCROFT RD,,Major Arterial,Toronto and East York,43.651845,-79.47289,,No Control,Clear,Dark,Dry,Non-Fatal Injury,Cyclist Collisions,Cyclist,45 to 49,Major,,East,Bicycle,Going Ahead,,,,,,Cyclist and Driver travelling in same direction. One vehicle sideswipes the other.,Driving Properly,Normal,,Yes,Yes,,,,,,,Yes,,,,87,High Park-Swansea,87,High Park-Swansea (87),D11,623149.344453088,4834337.25007927
623,6696581,1263122,8/25/2011 4:00:00 AM,1944,LAWTON Blvd,WALMSLEY Blvd,,Local,Toronto and East York,43.693045,-79.39669,,No Control,Clear,Daylight,Dry,Non-Fatal Injury,Cyclist Collisions,Driver,40 to 44,None,,North,"Automobile, Station Wagon",Overtaking,Driving Properly,Normal,,,,,,,,Yes,Yes,,,,,,,,,,,97,Yonge-St.Clair,97,Yonge-St.Clair (97),D53,629205.890204165,4839028.96985077
624,6696582,1263122,8/25/2011 4:00:00 AM,1944,LAWTON Blvd,WALMSLEY Blvd,,Local,Toronto and East York,43.693045,-79.39669,,No Control,Clear,Daylight,Dry,Non-Fatal Injury,Cyclist Collisions,Cyclist,50 to 54,Major,,North,Bicycle,Going Ahead,,,,,,Cyclist and Driver travelling in same direction. One vehicle sideswipes the other.,Improper Passing,Normal,,Yes,Yes,,,,,,,,,,,97,Yonge-St.Clair,97,Yonge-St.Clair (97),D53,629205.890204165,4839028.96985077
625,6805446,1255302,8/30/2011 4:00:00 AM,1930,LANSDOWNE Aven,RIDEAU Aven,,Minor Arterial,Toronto and East York,43.645445,-79.43849,,No Control,Clear,"Dark, artificial",Dry,Non-Fatal Injury,Cyclist Collisions,Vehicle Owner,unknown,,,,Other,,,,,,,,,,,Yes,Yes,,,,,,,Yes,,,,86,Roncesvalles,86,Roncesvalles (86),D11,625936.833084588,4833678.0726678
626,6805447,1255302,8/30/2011 4:00:00 AM,1930,LANSDOWNE Aven,RIDEAU Aven,,Minor Arterial,Toronto and East York,43.645445,-79.43849,,No Control,Clear,"Dark, artificial",Dry,Non-Fatal Injury,Cyclist Collisions,Driver,20 to 24,None,,South,"Automobile, Station Wagon",Parked,Other,Unknown,,,,,,,,Yes,Yes,,,,,,,Yes,,,,86,Roncesvalles,86,Roncesvalles (86),D11,625936.833084588,4833678.0726678