OBJECTID,INDEX,ACCNUM,DATE,TIME,STREET1,STREET2,OFFSET,ROAD_CLASS,DISTRICT,LATITUDE,LONGITUDE,ACCLOC,TRAFFCTL,VISIBILITY,LIGHT,RDSFCOND,ACCLASS,IMPACTYPE,INVTYPE,INVAGE,INJURY,FATAL_NO,INITDIR,VEHTYPE,MANOEUVER,DRIVACT,DRIVCOND,PEDTYPE,PEDACT,PEDCOND,CYCLISTYPE,CYCACT,CYCCOND,PEDESTRIAN,CYCLIST,AUTOMOBILE,MOTORCYCLE,TRUCK,TRSN_CITY_VEH,EMERG_VEH,PASSENGER,SPEEDING,AG_DRIV,REDLIGHT,ALCOHOL,DISABILITY,HOOD_158,NEIGHBOURHOOD_158,HOOD_140,NEIGHBOURHOOD_140,DIVISION,x,y
627,6805448,1255302,8/30/2011 4:00:00 AM,1930,LANSDOWNE Aven,RIDEAU Aven,,Minor Arterial,Toronto and East York,43.645445,-79.43849,,No Control,Clear,"Dark, artificial",Dry,Non-Fatal Injury,Cyclist Collisions,Cyclist,35 to 39,Major,,South,Bicycle,Going Ahead,,,,,,Cyclist struck opened vehicle door,Speed too Fast For Condition,Unknown,,Yes,Yes,,,,,,,Yes,,,,86,Roncesvalles,86,Roncesvalles (86),D11,625936.833084588,4833678.0726678
628,6671870,1252206,8/31/2011 4:00:00 AM,946,DUNDAS ST W,KEELE ST,,Major Arterial,Toronto and East York,43.665345,-79.46459,At Intersection,Traffic Signal,Clear,Daylight,Dry,Non-Fatal Injury,Cyclist Collisions,Truck Driver,60 to 64,None,,West,Truck - Open,Turning Right,Improper Turn,Inattentive,,,,,,,,Yes,,,Yes,,,,,,,,,90,Junction Area,90,Junction Area (90),D11,623790.934960589,4835848.95205589
629,6671871,1252206,8/31/2011 4:00:00 AM,946,DUNDAS ST W,KEELE ST,,Major Arterial,Toronto and East York,43.665345,-79.46459,At Intersection,Traffic Signal,Clear,Daylight,Dry,Non-Fatal Injury,Cyclist Collisions,Vehicle Owner,unknown,,,,Other,,,,,,,,,,,Yes,,,Yes,,,,,,,,,90,Junction Area,90,Junction Area (90),D11,623790.934960589,4835848.95205589
630,6671872,1252206,8/31/2011 4:00:00 AM,946,DUNDAS ST W,KEELE ST,,Major Arterial,Toronto and East York,43.665345,-79.46459,At Intersection,Traffic Signal,Clear,Daylight,Dry,Non-Fatal Injury,Cyclist Collisions,Cyclist,70 to 74,Major,,West,Bicycle,Going Ahead,,,,,,Motorist turning right on green or amber at signalized intersection strikes cyclist.,Driving Properly,Normal,,Yes,,,Yes,,,,,,,,,90,Junction Area,90,Junction Area (90),D11,623790.934960589,4835848.95205589
631,6696926,1263273,9/8/2011 4:00:00 AM,910,DAVENPORT Rd,HAZELTON Ave,,Major Arterial,Toronto and East York,43.675045,-79.39479,,No Control,Clear,Daylight,Dry,Non-Fatal Injury,Cyclist Collisions,Vehicle Owner,unknown,,,,Other,,,,,,,,,,,Yes,,,,Yes,,,,,,,,95,Annex,95,Annex (95),D53,629397.70110175,4837032.78585806
632,6696927,1263273,9/8/2011 4:00:00 AM,910,DAVENPORT Rd,HAZELTON Ave,,Major Arterial,Toronto and East York,43.675045,-79.39479,,No Control,Clear,Daylight,Dry,Non-Fatal Injury,Cyclist Collisions,Driver,45 to 49,None,,East,Municipal Transit Bus (TTC),Going Ahead,Driving Properly,Normal,,,,,,,,Yes,,,,Yes,,,,,,,,95,Annex,95,Annex (95),D53,629397.70110175,4837032.78585806
633,6696928,1263273,9/8/2011 4:00:00 AM,910,DAVENPORT Rd,HAZELTON Ave,,Major Arterial,Toronto and East York,43.675045,-79.39479,,No Control,Clear,Daylight,Dry,Non-Fatal Injury,Cyclist Collisions,Cyclist,30 to 34,Major,,East,Bicycle,Overtaking,,,,,,Cyclist and Driver travelling in same direction. One vehicle sideswipes the other.,Failed to Yield Right of Way,Normal,,Yes,,,,Yes,,,,,,,,95,Annex,95,Annex (95),D53,629397.70110175,4837032.78585806
634,6674466,1253390,9/11/2011 4:00:00 AM,1556,DUNDAS ST E,BROADVIEW AVE,,Major Arterial,Toronto and East York,43.662445,-79.35139,At Intersection,Traffic Signal,Clear,Daylight,Dry,Non-Fatal Injury,Cyclist Collisions,Vehicle Owner,unknown,,,,Other,,,,,,,,,,,Yes,Yes,,,,,,,Yes,,,,70,South Riverdale,70,South Riverdale (70),D55,632924.069885527,4835702.00578787
635,6674467,1253390,9/11/2011 4:00:00 AM,1556,DUNDAS ST E,BROADVIEW AVE,,Major Arterial,Toronto and East York,43.662445,-79.35139,At Intersection,Traffic Signal,Clear,Daylight,Dry,Non-Fatal Injury,Cyclist Collisions,Driver,55 to 59,None,,East,"Automobile, Station Wagon",Going Ahead,Failed to Yield Right of Way,Inattentive,,,,,,,,Yes,Yes,,,,,,,Yes,,,,70,South Riverdale,70,South Riverdale (70),D55,632924.069885527,4835702.00578787
636,6674468,1253390,9/11/2011 4:00:00 AM,1556,DUNDAS ST E,BROADVIEW AVE,,Major Arterial,Toronto and East York,43.662445,-79.35139,At Intersection,Traffic Signal,Clear,Daylight,Dry,Non-Fatal Injury,Cyclist Collisions,Cyclist,40 to 44,Major,,North,Bicycle,Going Ahead,,,,,,"Motorist without ROW drives into path of cyclist at inter, lnwy, dwy-Driver not turn.",Driving Properly,Normal,,Yes,Yes,,,,,,,Yes,,,,70,South Riverdale,70,South Riverdale (70),D55,632924.069885527,4835702.00578787
637,6700764,1264906,9/16/2011 4:00:00 AM,845,MIDDLEFIELD RD,PASSMORE AVE,,Minor Arterial,Scarborough,43.827345,-79.26519,At Intersection,Traffic Signal,Clear,Daylight,Dry,Non-Fatal Injury,Cyclist Collisions,Driver,60 to 64,None,,West,"Automobile, Station Wagon",Stopped,Driving Properly,Normal,,,,,,,,Yes,Yes,,,,,,,Yes,,,,130,Milliken,130,Milliken (130),D42,639490.736090206,4854158.36361256
638,6700765,1264906,9/16/2011 4:00:00 AM,845,MIDDLEFIELD RD,PASSMORE AVE,,Minor Arterial,Scarborough,43.827345,-79.26519,At Intersection,Traffic Signal,Clear,Daylight,Dry,Non-Fatal Injury,Cyclist Collisions,Vehicle Owner,unknown,,,,Other,,,,,,,,,,,Yes,Yes,,,,,,,Yes,,,,130,Milliken,130,Milliken (130),D42,639490.736090206,4854158.36361256
639,6700766,1264906,9/16/2011 4:00:00 AM,845,MIDDLEFIELD RD,PASSMORE AVE,,Minor Arterial,Scarborough,43.827345,-79.26519,At Intersection,Traffic Signal,Clear,Daylight,Dry,Non-Fatal Injury,Cyclist Collisions,Driver,60 to 64,None,,South,"Automobile, Station Wagon",Turning Left,Failed to Yield Right of Way,Inattentive,,,,,,,,Yes,Yes,,,,,,,Yes,,,,130,Milliken,130,Milliken (130),D42,639490.736090206,4854158.36361256
640,6700767,1264906,9/16/2011 4:00:00 AM,845,MIDDLEFIELD RD,PASSMORE AVE,,Minor Arterial,Scarborough,43.827345,-79.26519,At Intersection,Traffic Signal,Clear,Daylight,Dry,Non-Fatal Injury,Cyclist Collisions,Cyclist,75 to 79,Major,,North,Bicycle,Going Ahead,,,,,,Motorist turned left across cyclists path.,Driving Properly,Normal,,Yes,Yes,,,,,,,Yes,,,,130,Milliken,130,Milliken (130),D42,639490.736090206,4854158.36361256
641,6678295,1255068,9/20/2011 4:00:00 AM,1723,ANTIBES DR,BATHURST ST,,Major Arterial,North York,43.781045,-79.44479,At Intersection,Traffic Signal,Clear,Daylight,Dry,Non-Fatal Injury,Cyclist Collisions,Cyclist,45 to 49,Major,,East,Bicycle,Overtaking,,,,,,Cyclist and Driver travelling in same direction. One vehicle sideswipes the other.,Improper Passing,Normal,,Yes,,,,Yes,,,,,,,,36,Newtonbrook West,36,Newtonbrook West (36),D32,625146.165812705,4848728.82229392
642,6678296,1255068,9/20/2011 4:00:00 AM,1723,ANTIBES DR,BATHURST ST,,Major Arterial,North York,43.781045,-79.44479,At Intersection,Traffic Signal,Clear,Daylight,Dry,Non-Fatal Injury,Cyclist Collisions,Vehicle Owner,unknown,,,,Other,,,,,,,,,,,Yes,,,,Yes,,,,,,,,36,Newtonbrook West,36,Newtonbrook West (36),D32,625146.165812705,4848728.82229392
643,6678297,1255068,9/20/2011 4:00:00 AM,1723,ANTIBES DR,BATHURST ST,,Major Arterial,North York,43.781045,-79.44479,At Intersection,Traffic Signal,Clear,Daylight,Dry,Non-Fatal Injury,Cyclist Collisions,Driver,60 to 64,None,,East,Municipal Transit Bus (TTC),Going Ahead,Driving Properly,Normal,,,,,,,,Yes,,,,Yes,,,,,,,,36,Newtonbrook West,36,Newtonbrook West (36),D32,625146.165812705,4848728.82229392
644,6704036,1266347,9/21/2011 4:00:00 AM,2233,DUFFERIN Stre,DUNDAS Stre W,,Minor Arterial,Toronto and East York,43.649645,-79.43149,At Intersection,Traffic Signal,Clear,"Dark, artificial",Wet,Non-Fatal Injury,Cyclist Collisions,Driver,25 to 29,None,,North,"Automobile, Station Wagon",Going Ahead,Driving Properly,Unknown,,,,,,,,Yes,Yes,,,,,,,,,,,84,Little Portugal,84,Little Portugal (84),D11,626492.57716666,4834155.18292541
645,6704037,1266347,9/21/2011 4:00:00 AM,2233,DUFFERIN Stre,DUNDAS Stre W,,Minor Arterial,Toronto and East York,43.649645,-79.43149,At Intersection,Traffic Signal,Clear,"Dark, artificial",Wet,Non-Fatal Injury,Cyclist Collisions,Cyclist,20 to 24,Major,,South,Bicycle,Turning Left,,,,,,Cyclist turned left across motorists path.,Improper Turn,Unknown,,Yes,Yes,,,,,,,,,,,84,Little Portugal,84,Little Portugal (84),D11,626492.57716666,4834155.18292541
646,6704527,1266558,9/23/2011 4:00:00 AM,1613,HARBORD ST,MAJOR ST,,Minor Arterial,Toronto and East York,43.662445,-79.40479,At Intersection,No Control,Rain,Daylight,Wet,Non-Fatal Injury,Cyclist Collisions,Driver,35 to 39,None,,East,"Automobile, Station Wagon",Turning Left,Failed to Yield Right of Way,Normal,,,,,,,,Yes,Yes,,,,,,,Yes,,,,79,University,79,University (79),D14,628618.491718892,4835617.83569775
647,6704528,1266558,9/23/2011 4:00:00 AM,1613,HARBORD ST,MAJOR ST,,Minor Arterial,Toronto and East York,43.662445,-79.40479,At Intersection,No Control,Rain,Daylight,Wet,Non-Fatal Injury,Cyclist Collisions,Cyclist,25 to 29,Major,,West,Bicycle,Unknown,,,,,,Motorist turned left across cyclists path.,Driving Properly,Normal,,Yes,Yes,,,,,,,Yes,,,,79,University,79,University (79),D14,628618.491718892,4835617.83569775
648,6806149,1266612,9/24/2011 4:00:00 AM,1505,BIRMINGHAM Stre,ETTA WYLIE Road,,Collector,Etobicoke York,43.602445,-79.51009,At Intersection,No Control,Clear,Daylight,Dry,Non-Fatal Injury,Cyclist Collisions,Driver,60 to 64,None,,West,"Automobile, Station Wagon",Turning Left,Failed to Yield Right of Way,Inattentive,,,,,,,,Yes,Yes,,,,,,,Yes,,,,18,New Toronto,18,New Toronto (18),D22,620247.891500073,4828796.23665295
649,6806150,1266612,9/24/2011 4:00:00 AM,1505,BIRMINGHAM Stre,ETTA WYLIE Road,,Collector,Etobicoke York,43.602445,-79.51009,At Intersection,No Control,Clear,Daylight,Dry,Non-Fatal Injury,Cyclist Collisions,Cyclist,50 to 54,Major,,East,Bicycle,Going Ahead,,,,,,Motorist turned left across cyclists path.,Driving Properly,Normal,,Yes,Yes,,,,,,,Yes,,,,18,New Toronto,18,New Toronto (18),D22,620247.891500073,4828796.23665295
650,6705555,1266995,9/25/2011 4:00:00 AM,1945,GRACEDALE Boul,DUNCANWOODS Driv,,Collector,Etobicoke York,43.751045,-79.56039,At Intersection,Stop Sign,Clear,Dark,Dry,Non-Fatal Injury,Cyclist Collisions,Driver,65 to 69,None,,South,"Automobile, Station Wagon",Going Ahead,Failed to Yield Right of Way,Normal,,,,,,,,Yes,Yes,,,,,,,Yes,,,,21,Humber Summit,21,Humber Summit (21),D31,615901.805364498,4845228.62981243
651,6705556,1266995,9/25/2011 4:00:00 AM,1945,GRACEDALE Boul,DUNCANWOODS Driv,,Collector,Etobicoke York,43.751045,-79.56039,At Intersection,Stop Sign,Clear,Dark,Dry,Non-Fatal Injury,Cyclist Collisions,Cyclist,10 to 14,Major,,West,Bicycle,Going Ahead,,,,,,"Motorist without ROW drives into path of cyclist at inter, lnwy, dwy-Driver not turn.",Driving Properly,Normal,,Yes,Yes,,,,,,,Yes,,,,21,Humber Summit,21,Humber Summit (21),D31,615901.805364498,4845228.62981243
652,6707930,1267989,10/3/2011 4:00:00 AM,1609,BAY ST,GRENVILLE ST,,Major Arterial,Toronto and East York,43.662045,-79.38619,,No Control,Clear,Daylight,Dry,Non-Fatal Injury,Cyclist Collisions,Driver,60 to 64,None,,South,"Automobile, Station Wagon",Overtaking,Improper Lane Change,Inattentive,,,,,,,,Yes,Yes,,,,,,,,,,,169,Bay-Cloverhill,76,Bay Street Corridor (76),D52,630119.050996811,4835602.41333969
653,6707931,1267989,10/3/2011 4:00:00 AM,1609,BAY ST,GRENVILLE ST,,Major Arterial,Toronto and East York,43.662045,-79.38619,,No Control,Clear,Daylight,Dry,Non-Fatal Injury,Cyclist Collisions,Vehicle Owner,unknown,,,,Other,,,,,,,,,,,Yes,Yes,,,,,,,,,,,169,Bay-Cloverhill,76,Bay Street Corridor (76),D52,630119.050996811,4835602.41333969
654,6707932,1267989,10/3/2011 4:00:00 AM,1609,BAY ST,GRENVILLE ST,,Major Arterial,Toronto and East York,43.662045,-79.38619,,No Control,Clear,Daylight,Dry,Non-Fatal Injury,Cyclist Collisions,Cyclist,55 to 59,Major,,South,Bicycle,Going Ahead,,,,,,Cyclist and Driver travelling in same direction. One vehicle sideswipes the other.,Driving Properly,Normal,,Yes,Yes,,,,,,,,,,,169,Bay-Cloverhill,76,Bay Street Corridor (76),D52,630119.050996811,4835602.41333969
655,6712849,1270018,10/18/2011 4:00:00 AM,810,LANSDOWNE AVE,COLLEGE ST,,Minor Arterial,Toronto and East York,43.650939,-79.43996,At Intersection,Traffic Signal,Clear,Daylight,Dry,Non-Fatal Injury,Cyclist Collisions,Driver,35 to 39,None,,North,"Automobile, Station Wagon",Slowing or Stopping,Other,Normal,,,,,,,,Yes,Yes,,,,,,,,,,,83,Dufferin Grove,83,Dufferin Grove (83),D11,625806.80524471,4834286.0227777
656,6712850,1270018,10/18/2011 4:00:00 AM,810,LANSDOWNE AVE,COLLEGE ST,,Minor Arterial,Toronto and East York,43.650939,-79.43996,At Intersection,Traffic Signal,Clear,Daylight,Dry,Non-Fatal Injury,Cyclist Collisions,Cyclist,40 to 44,Major,,North,Bicycle,Going Ahead,,,,,,Cyclist and Driver travelling in same direction. One vehicle rear-ended the other.,Other,Normal,,Yes,Yes,,,,,,,,,,,83,Dufferin Grove,83,Dufferin Grove (83),D11,625806.80524471,4834286.0227777
657,6724677,1277761,10/29/2011 4:00:00 AM,1920,CHURCH ST,GOULD ST,,Minor Arterial,Toronto and East York,43.658245,-79.37789,At Intersection,Traffic Signal,Clear,Dark,Dry,Non-Fatal Injury,Cyclist Collisions,Other,unknown,None,,,Other,Parked,,,,,,,,,,Yes,Yes,,,,,,,,,,,168,Downtown Yonge East,75,Church-Yonge Corridor (75),D51,630796.525632502,4835193.42352409
658,6724678,1277761,10/29/2011 4:00:00 AM,1920,CHURCH ST,GOULD ST,,Minor Arterial,Toronto and East York,43.658245,-79.37789,At Intersection,Traffic Signal,Clear,Dark,Dry,Non-Fatal Injury,Cyclist Collisions,Vehicle Owner,unknown,,,,Other,,,,,,,,,,,Yes,Yes,,,,,,,,,,,168,Downtown Yonge East,75,Church-Yonge Corridor (75),D51,630796.525632502,4835193.42352409
659,6724679,1277761,10/29/2011 4:00:00 AM,1920,CHURCH ST,GOULD ST,,Minor Arterial,Toronto and East York,43.658245,-79.37789,At Intersection,Traffic Signal,Clear,Dark,Dry,Non-Fatal Injury,Cyclist Collisions,Driver,50 to 54,None,,North,"Automobile, Station Wagon",Overtaking,Other,Other,,,,,,,,Yes,Yes,,,,,,,,,,,168,Downtown Yonge East,75,Church-Yonge Corridor (75),D51,630796.525632502,4835193.42352409
660,6724680,1277761,10/29/2011 4:00:00 AM,1920,CHURCH ST,GOULD ST,,Minor Arterial,Toronto and East York,43.658245,-79.37789,At Intersection,Traffic Signal,Clear,Dark,Dry,Non-Fatal Injury,Cyclist Collisions,Cyclist,20 to 24,None,,North,Bicycle,Overtaking,,,,,,Cyclist and Driver travelling in same direction. One vehicle sideswipes the other.,Driving Properly,Normal,,Yes,Yes,,,,,,,,,,,168,Downtown Yonge East,75,Church-Yonge Corridor (75),D51,630796.525632502,4835193.42352409
661,6724681,1277761,10/29/2011 4:00:00 AM,1920,CHURCH ST,GOULD ST,,Minor Arterial,Toronto and East York,43.658245,-79.37789,At Intersection,Traffic Signal,Clear,Dark,Dry,Non-Fatal Injury,Cyclist Collisions,Cyclist,25 to 29,Major,,North,Bicycle,Going Ahead,,,,,,Cyclist and Driver travelling in same direction. One vehicle sideswipes the other.,Driving Properly,Normal,,Yes,Yes,,,,,,,,,,,168,Downtown Yonge East,75,Church-Yonge Corridor (75),D51,630796.525632502,4835193.42352409
662,6717518,1272062,10/31/2011 4:00:00 AM,1030,240 WELLESLEY St E,,,Minor Arterial,Toronto and East York,43.667845,-79.37089,,No Control,Clear,Daylight,Dry,Non-Fatal Injury,Cyclist Collisions,Vehicle Owner,unknown,,,,Other,,,,,,,,,,,Yes,,,Yes,,,,,,,,,71,Cabbagetown-South St.James Town,71,Cabbagetown-South St.James Town (71),D51,631340.030492916,4836270.69052808
663,6717519,1272062,10/31/2011 4:00:00 AM,1030,240 WELLESLEY St E,,,Minor Arterial,Toronto and East York,43.667845,-79.37089,,No Control,Clear,Daylight,Dry,Non-Fatal Injury,Cyclist Collisions,Truck Driver,60 to 64,None,,South,Truck - Open,Turning Right,Driving Properly,Normal,,,,,,,,Yes,,,Yes,,,,,,,,,71,Cabbagetown-South St.James Town,71,Cabbagetown-South St.James Town (71),D51,631340.030492916,4836270.69052808
664,6717520,1272062,10/31/2011 4:00:00 AM,1030,240 WELLESLEY St E,,,Minor Arterial,Toronto and East York,43.667845,-79.37089,,No Control,Clear,Daylight,Dry,Non-Fatal Injury,Cyclist Collisions,Cyclist,30 to 34,Major,,South,Bicycle,Turning Right,,,,,,"Motorist turns right at non-signal Inter.(stop, yield, no cont.,and dwy) and strikes cyclist.",Other,Normal,,Yes,,,Yes,,,,,,,,,71,Cabbagetown-South St.James Town,71,Cabbagetown-South St.James Town (71),D51,631340.030492916,4836270.69052808
665,6719455,1273068,11/4/2011 4:00:00 AM,1700,BLOOR Stre W,SALEM Aven,,Major Arterial,Toronto and East York,43.660645,-79.43169,At Intersection,No Control,Clear,Daylight,Dry,Non-Fatal Injury,Cyclist Collisions,Driver,30 to 34,None,,East,"Automobile, Station Wagon",Turning Left,Failed to Yield Right of Way,Normal,,,,,,,,Yes,Yes,,,,,,,Yes,,,,83,Dufferin Grove,83,Dufferin Grove (83),D14,626453.357769877,4835376.57186882
666,6719456,1273068,11/4/2011 4:00:00 AM,1700,BLOOR Stre W,SALEM Aven,,Major Arterial,Toronto and East York,43.660645,-79.43169,At Intersection,No Control,Clear,Daylight,Dry,Non-Fatal Injury,Cyclist Collisions,Cyclist,50 to 54,Major,,West,Bicycle,Going Ahead,,,,,,Motorist turned left across cyclists path.,Driving Properly,Unknown,,Yes,Yes,,,,,,,Yes,,,,83,Dufferin Grove,83,Dufferin Grove (83),D14,626453.357769877,4835376.57186882
667,6805911,1263147,11/7/2011 5:00:00 AM,1134,DUNDAS ST W,STERLING RD,,Minor Arterial,Toronto and East York,43.650645,-79.44299,At Intersection,Stop Sign,Clear,Daylight,Dry,Fatal,Cyclist Collisions,Vehicle Owner,unknown,,,,Other,,,,,,,,,,,Yes,,,Yes,,,,,,,,,84,Little Portugal,84,Little Portugal (84),D11,625563.06628002,4834248.78116007
668,6805912,1263147,11/7/2011 5:00:00 AM,1134,DUNDAS ST W,STERLING RD,,Minor Arterial,Toronto and East York,43.650645,-79.44299,At Intersection,Stop Sign,Clear,Daylight,Dry,Fatal,Cyclist Collisions,Truck Driver,65 to 69,None,,South,Truck - Open,Turning Right,Driving Properly,Normal,,,,,,,,Yes,,,Yes,,,,,,,,,84,Little Portugal,84,Little Portugal (84),D11,625563.06628002,4834248.78116007
669,6805913,1263147,11/7/2011 5:00:00 AM,1134,DUNDAS ST W,STERLING RD,,Minor Arterial,Toronto and East York,43.650645,-79.44299,At Intersection,Stop Sign,Clear,Daylight,Dry,Fatal,Cyclist Collisions,Cyclist,35 to 39,Fatal,30,South,Bicycle,Turning Right,,,,,,"Motorist turns right at non-signal Inter.(stop, yield, no cont.,and dwy) and strikes cyclist.",Improper Turn,Unknown,,Yes,,,Yes,,,,,,,,,84,Little Portugal,84,Little Portugal (84),D11,625563.06628002,4834248.78116007
670,6722737,1275736,11/24/2011 5:00:00 AM,1440,RUNNYMEDE RD,DEFOREST RD,,Collector,Toronto and East York,43.648845,-79.47529,,Stop Sign,Clear,Daylight,Dry,Non-Fatal Injury,Cyclist Collisions,Vehicle Owner,unknown,,,,Other,,,,,,,,,,,Yes,,,,Yes,,,,,,,,87,High Park-Swansea,87,High Park-Swansea (87),D11,622961.923314734,4834000.50262567
671,6722738,1275736,11/24/2011 5:00:00 AM,1440,RUNNYMEDE RD,DEFOREST RD,,Collector,Toronto and East York,43.648845,-79.47529,,Stop Sign,Clear,Daylight,Dry,Non-Fatal Injury,Cyclist Collisions,Driver,50 to 54,None,,North,Municipal Transit Bus (TTC),Going Ahead,Driving Properly,Normal,,,,,,,,Yes,,,,Yes,,,,,,,,87,High Park-Swansea,87,High Park-Swansea (87),D11,622961.923314734,4834000.50262567
672,6722739,1275736,11/24/2011 5:00:00 AM,1440,RUNNYMEDE RD,DEFOREST RD,,Collector,Toronto and East York,43.648845,-79.47529,,Stop Sign,Clear,Daylight,Dry,Non-Fatal Injury,Cyclist Collisions,Cyclist,55 to 59,Major,,North,Bicycle,Other,,,,,,Cyclist and Driver travelling in same direction. One vehicle rear-ended the other.,Other,Normal,,Yes,,,,Yes,,,,,,,,87,High Park-Swansea,87,High Park-Swansea (87),D11,622961.923314734,4834000.50262567
673,6723380,1276528,11/25/2011 5:00:00 AM,958,RICHMOND Stre E,YONGE Stre,,Major Arterial,Toronto and East York,43.651645,-79.37899,At Intersection,Traffic Signal,Clear,Daylight,Dry,Non-Fatal Injury,Cyclist Collisions,Vehicle Owner,unknown,,,,Other,,,,,,,,,,,Yes,Yes,,Yes,,,,,,,,,170,Yonge-Bay Corridor,76,Bay Street Corridor (76),D52,630722.147649477,4834458.67291979
674,6723381,1276528,11/25/2011 5:00:00 AM,958,RICHMOND Stre E,YONGE Stre,,Major Arterial,Toronto and East York,43.651645,-79.37899,At Intersection,Traffic Signal,Clear,Daylight,Dry,Non-Fatal Injury,Cyclist Collisions,Truck Driver,35 to 39,None,,West,Truck - Open,Going Ahead,Driving Properly,Normal,,,,,,,,Yes,Yes,,Yes,,,,,,,,,170,Yonge-Bay Corridor,76,Bay Street Corridor (76),D52,630722.147649477,4834458.67291979
675,6723382,1276528,11/25/2011 5:00:00 AM,958,RICHMOND Stre E,YONGE Stre,,Major Arterial,Toronto and East York,43.651645,-79.37899,At Intersection,Traffic Signal,Clear,Daylight,Dry,Non-Fatal Injury,Cyclist Collisions,Vehicle Owner,unknown,,,,Other,,,,,,,,,,,Yes,Yes,,Yes,,,,,,,,,170,Yonge-Bay Corridor,76,Bay Street Corridor (76),D52,630722.147649477,4834458.67291979
676,6723383,1276528,11/25/2011 5:00:00 AM,958,RICHMOND Stre E,YONGE Stre,,Major Arterial,Toronto and East York,43.651645,-79.37899,At Intersection,Traffic Signal,Clear,Daylight,Dry,Non-Fatal Injury,Cyclist Collisions,Driver,55 to 59,None,,West,"Automobile, Station Wagon",Going Ahead,Driving Properly,Normal,,,,,,,,Yes,Yes,,Yes,,,,,,,,,170,Yonge-Bay Corridor,76,Bay Street Corridor (76),D52,630722.147649477,4834458.67291979
677,6723384,1276528,11/25/2011 5:00:00 AM,958,RICHMOND Stre E,YONGE Stre,,Major Arterial,Toronto and East York,43.651645,-79.37899,At Intersection,Traffic Signal,Clear,Daylight,Dry,Non-Fatal Injury,Cyclist Collisions,Cyclist,30 to 34,Major,,West,Bicycle,Going Ahead,,,,,,Cyclist and Driver travelling in same direction. One vehicle sideswipes the other.,Improper Passing,Unknown,,Yes,Yes,,Yes,,,,,,,,,170,Yonge-Bay Corridor,76,Bay Street Corridor (76),D52,630722.147649477,4834458.67291979
678,6703690,1266196,11/25/2011 5:00:00 AM,1556,KINGSTON Road,RASPBERRY Road,,Major Arterial,Scarborough,43.801445,-79.14229,At Intersection,No Control,Clear,Daylight,Dry,Non-Fatal Injury,Cyclist Collisions,Driver,55 to 59,None,,West,"Automobile, Station Wagon",Going Ahead,Following too Close,Inattentive,,,,,,,,Yes,Yes,,,,,,,Yes,,,,143,West Rouge,131,Rouge (131),D42,649437.463094656,4851496.34802616
679,6703691,1266196,11/25/2011 5:00:00 AM,1556,KINGSTON Road,RASPBERRY Road,,Major Arterial,Scarborough,43.801445,-79.14229,At Intersection,No Control,Clear,Daylight,Dry,Non-Fatal Injury,Cyclist Collisions,Cyclist,50 to 54,Major,,West,Bicycle,Going Ahead,,,,,,Cyclist and Driver travelling in same direction. One vehicle rear-ended the other.,Driving Properly,Normal,,Yes,Yes,,,,,,,Yes,,,,143,West Rouge,131,Rouge (131),D42,649437.463094656,4851496.34802616
680,6723032,1275965,11/25/2011 5:00:00 AM,1604,YORK MILLS Road,LESMILL Road,,Major Arterial,North York,43.754645,-79.35199,,Traffic Signal,Clear,Daylight,Dry,Non-Fatal Injury,Cyclist Collisions,Driver,20 to 24,None,,West,"Automobile, Station Wagon",Turning Left,Improper Turn,Inattentive,,,,,,,,Yes,Yes,,,,,,,,,,,42,Banbury-Don Mills,42,Banbury-Don Mills (42),D33,632672.113037834,4845941.1672333
681,6723033,1275965,11/25/2011 5:00:00 AM,1604,YORK MILLS Road,LESMILL Road,,Major Arterial,North York,43.754645,-79.35199,,Traffic Signal,Clear,Daylight,Dry,Non-Fatal Injury,Cyclist Collisions,Cyclist,60 to 64,Major,,East,Bicycle,Going Ahead,,,,,,Motorist turned left across cyclists path.,Driving Properly,Normal,,Yes,Yes,,,,,,,,,,,42,Banbury-Don Mills,42,Banbury-Don Mills (42),D33,632672.113037834,4845941.1672333
682,6915779,1266407,11/27/2011 5:00:00 AM,0,DUNERA Aven,EMCARR Driv,,Local,Scarborough,43.757145,-79.19569,At Intersection,Stop Sign,Rain,Dark,Wet,Non-Fatal Injury,Cyclist Collisions,Vehicle Owner,unknown,None,,,Other,Other,,,,,,,,,,Yes,Yes,,,,,,,,,,,136,West Hill,136,West Hill (136),D43,645249.057401585,4846481.07851636
683,6915780,1266407,11/27/2011 5:00:00 AM,0,DUNERA Aven,EMCARR Driv,,Local,Scarborough,43.757145,-79.19569,At Intersection,Stop Sign,Rain,Dark,Wet,Non-Fatal Injury,Cyclist Collisions,Driver,30 to 34,None,,West,"Automobile, Station Wagon",Going Ahead,,,,,,,,,,Yes,Yes,,,,,,,,,,,136,West Hill,136,West Hill (136),D43,645249.057401585,4846481.07851636