OBJECTID,INDEX,ACCNUM,DATE,TIME,STREET1,STREET2,OFFSET,ROAD_CLASS,DISTRICT,LATITUDE,LONGITUDE,ACCLOC,TRAFFCTL,VISIBILITY,LIGHT,RDSFCOND,ACCLASS,IMPACTYPE,INVTYPE,INVAGE,INJURY,FATAL_NO,INITDIR,VEHTYPE,MANOEUVER,DRIVACT,DRIVCOND,PEDTYPE,PEDACT,PEDCOND,CYCLISTYPE,CYCACT,CYCCOND,PEDESTRIAN,CYCLIST,AUTOMOBILE,MOTORCYCLE,TRUCK,TRSN_CITY_VEH,EMERG_VEH,PASSENGER,SPEEDING,AG_DRIV,REDLIGHT,ALCOHOL,DISABILITY,HOOD_158,NEIGHBOURHOOD_158,HOOD_140,NEIGHBOURHOOD_140,DIVISION,x,y
684,6915781,1266407,11/27/2011 5:00:00 AM,0,DUNERA Aven,EMCARR Driv,,Local,Scarborough,43.757145,-79.19569,At Intersection,Stop Sign,Rain,Dark,Wet,Non-Fatal Injury,Cyclist Collisions,Cyclist,50 to 54,Major,,South,Bicycle,Turning Left,,,,,,,,,,Yes,Yes,,,,,,,,,,,136,West Hill,136,West Hill (136),D43,645249.057401585,4846481.07851636
685,6807918,1279742,12/15/2011 5:00:00 AM,950,ADELAIDE St W,BAY St,,Major Arterial,Toronto and East York,43.649845,-79.38079,At Intersection,Traffic Signal,Rain,Daylight,Wet,Non-Fatal Injury,Cyclist Collisions,Vehicle Owner,unknown,,,,Other,,,,,,,,,,,Yes,Yes,,,,,,,,,,,170,Yonge-Bay Corridor,76,Bay Street Corridor (76),D52,630580.890554479,4834255.92530407
686,6807919,1279742,12/15/2011 5:00:00 AM,950,ADELAIDE St W,BAY St,,Major Arterial,Toronto and East York,43.649845,-79.38079,At Intersection,Traffic Signal,Rain,Daylight,Wet,Non-Fatal Injury,Cyclist Collisions,Driver,40 to 44,None,,East,"Automobile, Station Wagon",Going Ahead,Driving Properly,Normal,,,,,,,,Yes,Yes,,,,,,,,,,,170,Yonge-Bay Corridor,76,Bay Street Corridor (76),D52,630580.890554479,4834255.92530407
687,6807920,1279742,12/15/2011 5:00:00 AM,950,ADELAIDE St W,BAY St,,Major Arterial,Toronto and East York,43.649845,-79.38079,At Intersection,Traffic Signal,Rain,Daylight,Wet,Non-Fatal Injury,Cyclist Collisions,Cyclist,40 to 44,Major,,East,Bicycle,Merging,,,,,,Cyclist and Driver travelling in same direction. One vehicle sideswipes the other.,Lost control,Inattentive,,Yes,Yes,,,,,,,,,,,170,Yonge-Bay Corridor,76,Bay Street Corridor (76),D52,630580.890554479,4834255.92530407
688,6726869,1280448,12/20/2011 5:00:00 AM,1430,QUEEN St W,CAMERON St,,Major Arterial,Toronto and East York,43.648445,-79.39779,,No Control,Clear,Daylight,Dry,Non-Fatal Injury,Cyclist Collisions,Driver,20 to 24,None,,East,"Automobile, Station Wagon",Parked,Other,Unknown,,,,,,,,Yes,Yes,,,,,,,,,,,164,Wellington Place,77,Waterfront Communities-The Island (77),D14,629212.916354418,4834073.82701969
689,6726870,1280448,12/20/2011 5:00:00 AM,1430,QUEEN St W,CAMERON St,,Major Arterial,Toronto and East York,43.648445,-79.39779,,No Control,Clear,Daylight,Dry,Non-Fatal Injury,Cyclist Collisions,Cyclist,35 to 39,Major,,East,Bicycle,Going Ahead,,,,,,Cyclist struck opened vehicle door,Driving Properly,Unknown,,Yes,Yes,,,,,,,,,,,164,Wellington Place,77,Waterfront Communities-The Island (77),D14,629212.916354418,4834073.82701969
690,6728060,1282186,12/27/2011 5:00:00 AM,1404,ST CLAIR Ave W,EARLSCOURT Ave,,Major Arterial,Toronto and East York,43.677045,-79.44739,,Traffic Signal,Rain,Daylight,Wet,Non-Fatal Injury,Cyclist Collisions,Driver,25 to 29,Major,,West,"Automobile, Station Wagon",Changing Lanes,Improper Lane Change,Inattentive,,,,,,,,Yes,Yes,,,,,,,,,,,92,Corso Italia-Davenport,92,Corso Italia-Davenport (92),D13,625153.360267414,4837174.20116396
691,6728061,1282186,12/27/2011 5:00:00 AM,1404,ST CLAIR Ave W,EARLSCOURT Ave,,Major Arterial,Toronto and East York,43.677045,-79.44739,,Traffic Signal,Rain,Daylight,Wet,Non-Fatal Injury,Cyclist Collisions,Cyclist,unknown,Minimal,,West,Bicycle,Going Ahead,,,,,,Cyclist and Driver travelling in same direction. One vehicle sideswipes the other.,Speed too Fast For Condition,Normal,,Yes,Yes,,,,,,,,,,,92,Corso Italia-Davenport,92,Corso Italia-Davenport (92),D13,625153.360267414,4837174.20116396
692,7397575,1286830,1/24/2012 5:00:00 AM,1308,BATHURST ST,WELLS ST,,Major Arterial,Toronto and East York,43.670045,-79.41319,At Intersection,Traffic Signal,Snow,Daylight,Wet,Non-Fatal Injury,Cyclist Collisions,Truck Driver,30 to 34,None,,West,Truck - Open,Turning Left,Failed to Yield Right of Way,Normal,,,,,,,,Yes,,,Yes,,,,,Yes,,,,95,Annex,95,Annex (95),D14,627925.065409596,4836448.92906853
693,7397576,1286830,1/24/2012 5:00:00 AM,1308,BATHURST ST,WELLS ST,,Major Arterial,Toronto and East York,43.670045,-79.41319,At Intersection,Traffic Signal,Snow,Daylight,Wet,Non-Fatal Injury,Cyclist Collisions,Cyclist,30 to 34,Major,,East,Bicycle,Going Ahead,,,,,,Motorist turned left across cyclists path.,Driving Properly,Normal,,Yes,,,Yes,,,,,Yes,,,,95,Annex,95,Annex (95),D14,627925.065409596,4836448.92906853
694,7397979,1287004,1/26/2012 5:00:00 AM,1417,DANFORTH AVE,ROYAL DR,,Major Arterial,Toronto and East York,43.675944,-79.359889,Non Intersection,No Control,Rain,Daylight,Wet,Non-Fatal Injury,Cyclist Collisions,Vehicle Owner,unknown,,,,Other,,,,,,,,,,,Yes,Yes,,,,,,,,,,,68,North Riverdale,68,North Riverdale (68),D55,632209.163683299,4837187.67029616
695,7397980,1287004,1/26/2012 5:00:00 AM,1417,DANFORTH AVE,ROYAL DR,,Major Arterial,Toronto and East York,43.675944,-79.359889,Non Intersection,No Control,Rain,Daylight,Wet,Non-Fatal Injury,Cyclist Collisions,Driver,50 to 54,None,,East,"Automobile, Station Wagon",Going Ahead,Driving Properly,Normal,,,,,,,,Yes,Yes,,,,,,,,,,,68,North Riverdale,68,North Riverdale (68),D55,632209.163683299,4837187.67029616
696,7397981,1287004,1/26/2012 5:00:00 AM,1417,DANFORTH AVE,ROYAL DR,,Major Arterial,Toronto and East York,43.675944,-79.359889,Non Intersection,No Control,Rain,Daylight,Wet,Non-Fatal Injury,Cyclist Collisions,Cyclist,20 to 24,Major,,East,Bicycle,Changing Lanes,,,,,,Cyclist and Driver travelling in same direction. One vehicle sideswipes the other.,Improper Lane Change,Normal,,Yes,Yes,,,,,,,,,,,68,North Riverdale,68,North Riverdale (68),D55,632209.163683299,4837187.67029616
697,7401916,1288672,2/7/2012 5:00:00 AM,1327,LONSDALE RD,DUNVEGAN RD,,Collector,Toronto and East York,43.690045,-79.40639,At Intersection,Stop Sign,Clear,Daylight,Dry,Non-Fatal Injury,Cyclist Collisions,Driver,65 to 69,Major,,West,"Automobile, Station Wagon",Going Ahead,Failed to Yield Right of Way,Normal,,,,,,,,Yes,Yes,,,,,,,Yes,,,,96,Casa Loma,96,Casa Loma (96),D53,628430.592183003,4838680.70957202
698,7401917,1288672,2/7/2012 5:00:00 AM,1327,LONSDALE RD,DUNVEGAN RD,,Collector,Toronto and East York,43.690045,-79.40639,At Intersection,Stop Sign,Clear,Daylight,Dry,Non-Fatal Injury,Cyclist Collisions,Cyclist,35 to 39,Minimal,,North,Bicycle,Going Ahead,,,,,,"Motorist without ROW drives into path of cyclist at inter, lnwy, dwy-Driver not turn.",Driving Properly,Normal,,Yes,Yes,,,,,,,Yes,,,,96,Casa Loma,96,Casa Loma (96),D53,628430.592183003,4838680.70957202
699,7403743,1289419,2/14/2012 5:00:00 AM,1430,KING St W,TECUMSETH St,,Major Arterial,Toronto and East York,43.643345,-79.40529,At Intersection,Traffic Signal,Clear,Daylight,Wet,Non-Fatal Injury,Cyclist Collisions,Driver,50 to 54,None,,West,"Automobile, Station Wagon",Turning Left,Failed to Yield Right of Way,Inattentive,,,,,,,,Yes,Yes,,,,,,,Yes,,,,162,West Queen West,82,Niagara (82),D14,628618.943956895,4833495.75551089
700,7403744,1289419,2/14/2012 5:00:00 AM,1430,KING St W,TECUMSETH St,,Major Arterial,Toronto and East York,43.643345,-79.40529,At Intersection,Traffic Signal,Clear,Daylight,Wet,Non-Fatal Injury,Cyclist Collisions,Cyclist,20 to 24,Major,,East,Bicycle,Going Ahead,,,,,,Motorist turned left across cyclists path.,Driving Properly,Normal,,Yes,Yes,,,,,,,Yes,,,,162,West Queen West,82,Niagara (82),D14,628618.943956895,4833495.75551089
701,7406600,1290624,2/27/2012 5:00:00 AM,2020,DUNDAS ST W,ST CLARENS AVE,,Minor Arterial,Toronto and East York,43.650045,-79.43829,At Intersection,Stop Sign,Clear,Dark,Dry,Non-Fatal Injury,Cyclist Collisions,Driver,unknown,None,,North,"Automobile, Station Wagon",Going Ahead,Disobeyed Traffic Control,Unknown,,,,,,,,Yes,Yes,,,,,,,Yes,,,,84,Little Portugal,84,Little Portugal (84),D11,625943.349432915,4834189.26560821
702,7406601,1290624,2/27/2012 5:00:00 AM,2020,DUNDAS ST W,ST CLARENS AVE,,Minor Arterial,Toronto and East York,43.650045,-79.43829,At Intersection,Stop Sign,Clear,Dark,Dry,Non-Fatal Injury,Cyclist Collisions,Cyclist,50 to 54,Major,,West,Bicycle,Going Ahead,,,,,,"Motorist without ROW drives into path of cyclist at inter, lnwy, dwy-Driver not turn.",Driving Properly,Normal,,Yes,Yes,,,,,,,Yes,,,,84,Little Portugal,84,Little Portugal (84),D11,625943.349432915,4834189.26560821
703,7412056,1292914,3/14/2012 4:00:00 AM,1550,COLLEGE ST,BATHURST ST,,Major Arterial,Toronto and East York,43.656409,-79.40768,At Intersection,Traffic Signal,Clear,Daylight,Dry,Non-Fatal Injury,Cyclist Collisions,Vehicle Owner,unknown,,,,,,,,,,,,,,,Yes,Yes,,,,,,,,,,,78,Kensington-Chinatown,78,Kensington-Chinatown (78),D14,628398.339964541,4834942.98198311
704,7412057,1292914,3/14/2012 4:00:00 AM,1550,COLLEGE ST,BATHURST ST,,Major Arterial,Toronto and East York,43.656409,-79.40768,At Intersection,Traffic Signal,Clear,Daylight,Dry,Non-Fatal Injury,Cyclist Collisions,Cyclist,50 to 54,Major,,East,Bicycle,Going Ahead,,,,,,"Cyclist without ROW rides into path of motorist at inter, lnwy, dwy-Cyclist not turn.",Improper Passing,Normal,,Yes,Yes,,,,,,,,,,,78,Kensington-Chinatown,78,Kensington-Chinatown (78),D14,628398.339964541,4834942.98198311
705,7412058,1292914,3/14/2012 4:00:00 AM,1550,COLLEGE ST,BATHURST ST,,Major Arterial,Toronto and East York,43.656409,-79.40768,At Intersection,Traffic Signal,Clear,Daylight,Dry,Non-Fatal Injury,Cyclist Collisions,Driver,25 to 29,None,,East,"Automobile, Station Wagon",Turning Right,Driving Properly,Normal,,,,,,,,Yes,Yes,,,,,,,,,,,78,Kensington-Chinatown,78,Kensington-Chinatown (78),D14,628398.339964541,4834942.98198311
706,7411978,1292881,3/16/2012 4:00:00 AM,534,MCCOWAN Rd,ELLESMERE Rd,,Major Arterial,Scarborough,43.771545,-79.25129,,No Control,Clear,"Dark, artificial",Dry,Non-Fatal Injury,Cyclist Collisions,Driver,25 to 29,None,,North,"Automobile, Station Wagon",Going Ahead,Improper Passing,Normal,,,,,,,,Yes,Yes,,,,,,,Yes,,,,142,Woburn North,137,Woburn (137),D43,640739.364258163,4847984.41002132
707,7411979,1292881,3/16/2012 4:00:00 AM,534,MCCOWAN Rd,ELLESMERE Rd,,Major Arterial,Scarborough,43.771545,-79.25129,,No Control,Clear,"Dark, artificial",Dry,Non-Fatal Injury,Cyclist Collisions,Cyclist,50 to 54,Major,,North,Bicycle,Going Ahead,,,,,,Cyclist and Driver travelling in same direction. One vehicle rear-ended the other.,Driving Properly,Normal,,Yes,Yes,,,,,,,Yes,,,,142,Woburn North,137,Woburn (137),D43,640739.364258163,4847984.41002132
708,7393652,1285114,3/20/2012 4:00:00 AM,114,KING Stre W,PETER Stre,,Major Arterial,Toronto and East York,43.646045,-79.39229,At Intersection,Traffic Signal,Clear,"Dark, artificial",Dry,Non-Fatal Injury,Cyclist Collisions,Vehicle Owner,unknown,,,,Other,,,,,,,,,,,Yes,Yes,,,,,,,,,,,164,Wellington Place,77,Waterfront Communities-The Island (77),D52,629661.641472469,4833815.85409618
709,7393653,1285114,3/20/2012 4:00:00 AM,114,KING Stre W,PETER Stre,,Major Arterial,Toronto and East York,43.646045,-79.39229,At Intersection,Traffic Signal,Clear,"Dark, artificial",Dry,Non-Fatal Injury,Cyclist Collisions,Driver,55 to 59,None,,East,"Automobile, Station Wagon",Going Ahead,Driving Properly,Normal,,,,,,,,Yes,Yes,,,,,,,,,,,164,Wellington Place,77,Waterfront Communities-The Island (77),D52,629661.641472469,4833815.85409618
710,7393654,1285114,3/20/2012 4:00:00 AM,114,KING Stre W,PETER Stre,,Major Arterial,Toronto and East York,43.646045,-79.39229,At Intersection,Traffic Signal,Clear,"Dark, artificial",Dry,Non-Fatal Injury,Cyclist Collisions,Cyclist,20 to 24,Major,,South,Bicycle,Going Ahead,,,,,,"Cyclist without ROW rides into path of motorist at inter, lnwy, dwy-Cyclist not turn.",Disobeyed Traffic Control,Inattentive,,Yes,Yes,,,,,,,,,,,164,Wellington Place,77,Waterfront Communities-The Island (77),D52,629661.641472469,4833815.85409618
711,7409450,1291846,3/28/2012 4:00:00 AM,952,DUNDAS Stre W,SHAW Stre,,Major Arterial,Toronto and East York,43.649844,-79.418292,At Intersection,Traffic Signal,Clear,Daylight,Dry,Non-Fatal Injury,Cyclist Collisions,Driver,unknown,None,,Unknown,"Automobile, Station Wagon",Unknown,Other,Unknown,,,,,,,,Yes,Yes,,,,,,,,,,,81,Trinity-Bellwoods,81,Trinity-Bellwoods (81),D14,627556.519947606,4834197.48635391
712,7409451,1291846,3/28/2012 4:00:00 AM,952,DUNDAS Stre W,SHAW Stre,,Major Arterial,Toronto and East York,43.649844,-79.418292,At Intersection,Traffic Signal,Clear,Daylight,Dry,Non-Fatal Injury,Cyclist Collisions,Cyclist,30 to 34,Major,,East,Bicycle,Going Ahead,,,,,,Insufficient information (to determine cyclist crash type).,Other,Unknown,,Yes,Yes,,,,,,,,,,,81,Trinity-Bellwoods,81,Trinity-Bellwoods (81),D14,627556.519947606,4834197.48635391
713,7425312,1298696,4/19/2012 4:00:00 AM,2127,SPADINA RD,LOWTHER AVE,,Minor Arterial,Toronto and East York,43.668945,-79.40479,At Intersection,Traffic Signal,Clear,"Dark, artificial",Dry,Non-Fatal Injury,Cyclist Collisions,Driver,45 to 49,None,,North,"Automobile, Station Wagon",Turning Left,Improper Turn,Normal,,,,,,,,Yes,Yes,,,,,,,,,,,95,Annex,95,Annex (95),D14,628604.610633247,4836339.7473437
714,7425313,1298696,4/19/2012 4:00:00 AM,2127,SPADINA RD,LOWTHER AVE,,Minor Arterial,Toronto and East York,43.668945,-79.40479,At Intersection,Traffic Signal,Clear,"Dark, artificial",Dry,Non-Fatal Injury,Cyclist Collisions,Cyclist,30 to 34,Major,,South,Bicycle,Going Ahead,,,,,,Motorist turned left across cyclists path.,Driving Properly,Normal,,Yes,Yes,,,,,,,,,,,95,Annex,95,Annex (95),D14,628604.610633247,4836339.7473437
715,7405734,1290286,4/22/2012 4:00:00 AM,1337,VICTORIA PARK AVE,ARNCLIFFE CRES,,Major Arterial,North York,43.731845,-79.30559,,Traffic Signal,Clear,Daylight,Dry,Non-Fatal Injury,Cyclist Collisions,Driver,65 to 69,None,,North,"Automobile, Station Wagon",Stopped,Driving Properly,Normal,,,,,,,,Yes,Yes,,,,,,,,,,,119,Wexford/Maryvale,119,Wexford/Maryvale (119),D41,636459.352900506,4843484.25799771
716,7405735,1290286,4/22/2012 4:00:00 AM,1337,VICTORIA PARK AVE,ARNCLIFFE CRES,,Major Arterial,North York,43.731845,-79.30559,,Traffic Signal,Clear,Daylight,Dry,Non-Fatal Injury,Cyclist Collisions,Vehicle Owner,unknown,,,,Other,,,,,,,,,,,Yes,Yes,,,,,,,,,,,119,Wexford/Maryvale,119,Wexford/Maryvale (119),D41,636459.352900506,4843484.25799771
717,7405736,1290286,4/22/2012 4:00:00 AM,1337,VICTORIA PARK AVE,ARNCLIFFE CRES,,Major Arterial,North York,43.731845,-79.30559,,Traffic Signal,Clear,Daylight,Dry,Non-Fatal Injury,Cyclist Collisions,Driver,35 to 39,None,,North,"Automobile, Station Wagon",Going Ahead,Lost control,Inattentive,,,,,,,,Yes,Yes,,,,,,,,,,,119,Wexford/Maryvale,119,Wexford/Maryvale (119),D41,636459.352900506,4843484.25799771
718,7405737,1290286,4/22/2012 4:00:00 AM,1337,VICTORIA PARK AVE,ARNCLIFFE CRES,,Major Arterial,North York,43.731845,-79.30559,,Traffic Signal,Clear,Daylight,Dry,Non-Fatal Injury,Cyclist Collisions,Cyclist,50 to 54,Major,,West,Bicycle,Going Ahead,,,,,,"Motorist without ROW drives into path of cyclist at inter, lnwy, dwy-Driver not turn.",Driving Properly,Normal,,Yes,Yes,,,,,,,,,,,119,Wexford/Maryvale,119,Wexford/Maryvale (119),D41,636459.352900506,4843484.25799771
719,7427798,1299771,4/23/2012 4:00:00 AM,1530,YONGE ST,SHAFTESBURY AVE,,Major Arterial,Toronto and East York,43.681945,-79.39159,At Intersection,Traffic Signal,Rain,Daylight,Wet,Non-Fatal Injury,Pedestrian Collisions,Pedestrian,30 to 34,Major,,East,Other,,,,Other / Undefined,Crossing with right of way,Normal,,,,Yes,Yes,,,,,,,,,,,,97,Yonge-St.Clair,97,Yonge-St.Clair (97),D53,629640.798358212,4837804.12168033
720,7427799,1299771,4/23/2012 4:00:00 AM,1530,YONGE ST,SHAFTESBURY AVE,,Major Arterial,Toronto and East York,43.681945,-79.39159,At Intersection,Traffic Signal,Rain,Daylight,Wet,Non-Fatal Injury,Pedestrian Collisions,Cyclist,25 to 29,Minor,,South,Bicycle,Going Ahead,,,,,,Cyclist strikes pedestrian.,Driving Properly,Normal,Yes,Yes,,,,,,,,,,,,97,Yonge-St.Clair,97,Yonge-St.Clair (97),D53,629640.798358212,4837804.12168033
721,7430633,1301011,5/1/2012 4:00:00 AM,845,O CONNOR Dr,BERMONDSEY RD,,Major Arterial,Toronto and East York,43.713545,-79.30649,,No Control,Clear,Daylight,Dry,Non-Fatal Injury,Cyclist Collisions,Vehicle Owner,unknown,,,,Other,,,,,,,,,,,Yes,Yes,,,,,,,,,,,54,O'Connor-Parkview,54,O'Connor-Parkview (54),D55,636428.404462978,4841450.29385346
722,7430634,1301011,5/1/2012 4:00:00 AM,845,O CONNOR Dr,BERMONDSEY RD,,Major Arterial,Toronto and East York,43.713545,-79.30649,,No Control,Clear,Daylight,Dry,Non-Fatal Injury,Cyclist Collisions,Driver,35 to 39,None,,South,"Automobile, Station Wagon",Turning Right,Improper Turn,Inattentive,,,,,,,,Yes,Yes,,,,,,,,,,,54,O'Connor-Parkview,54,O'Connor-Parkview (54),D55,636428.404462978,4841450.29385346
723,7430635,1301011,5/1/2012 4:00:00 AM,845,O CONNOR Dr,BERMONDSEY RD,,Major Arterial,Toronto and East York,43.713545,-79.30649,,No Control,Clear,Daylight,Dry,Non-Fatal Injury,Cyclist Collisions,Cyclist,50 to 54,Major,,South,Bicycle,Going Ahead,,,,,,"Motorist turns right at non-signal Inter.(stop, yield, no cont.,and dwy) and strikes cyclist.",Driving Properly,Normal,,Yes,Yes,,,,,,,,,,,54,O'Connor-Parkview,54,O'Connor-Parkview (54),D55,636428.404462978,4841450.29385346
724,7431039,1301166,5/2/2012 4:00:00 AM,1745,ADELAIDE St W,SPADINA Ave,,Major Arterial,Toronto and East York,43.646745,-79.39559,,Traffic Signal,Clear,Daylight,Dry,Non-Fatal Injury,Cyclist Collisions,Driver,45 to 49,None,,North,"Automobile, Station Wagon",Turning Right,Failed to Yield Right of Way,Normal,,,,,,,,Yes,Yes,,,,,,,Yes,,,,164,Wellington Place,77,Waterfront Communities-The Island (77),D14,629393.991062547,4833888.44768185
725,7431040,1301166,5/2/2012 4:00:00 AM,1745,ADELAIDE St W,SPADINA Ave,,Major Arterial,Toronto and East York,43.646745,-79.39559,,Traffic Signal,Clear,Daylight,Dry,Non-Fatal Injury,Cyclist Collisions,Cyclist,25 to 29,Major,,East,Bicycle,Going Ahead,,,,,,Motorist turning right on green or amber at signalized intersection strikes cyclist.,Driving Properly,Normal,,Yes,Yes,,,,,,,Yes,,,,164,Wellington Place,77,Waterfront Communities-The Island (77),D14,629393.991062547,4833888.44768185
726,7431443,1301330,5/3/2012 4:00:00 AM,1200,95 KING ST E,,,Major Arterial,Toronto and East York,43.649745,-79.37499,,No Control,Clear,Daylight,Dry,Non-Fatal Injury,Cyclist Collisions,Driver,40 to 44,None,,East,"Automobile, Station Wagon",Stopped,Driving Properly,Normal,,,,,,,,Yes,Yes,,,,,,,,,,,168,Downtown Yonge East,75,Church-Yonge Corridor (75),D51,631048.852980112,4834253.96199488
727,7431444,1301330,5/3/2012 4:00:00 AM,1200,95 KING ST E,,,Major Arterial,Toronto and East York,43.649745,-79.37499,,No Control,Clear,Daylight,Dry,Non-Fatal Injury,Cyclist Collisions,Cyclist,25 to 29,Major,,East,Bicycle,Going Ahead,,,,,,Cyclist struck opened vehicle door,Driving Properly,Normal,,Yes,Yes,,,,,,,,,,,168,Downtown Yonge East,75,Church-Yonge Corridor (75),D51,631048.852980112,4834253.96199488
728,7431858,1301507,5/5/2012 4:00:00 AM,1610,COLLEGE St,SHAW St,,Major Arterial,Toronto and East York,43.654945,-79.42029,At Intersection,Stop Sign,Clear,Daylight,Dry,Non-Fatal Injury,Cyclist Collisions,Vehicle Owner,unknown,,,,Other,,,,,,,,,,,Yes,Yes,,,,,,,Yes,,,,80,Palmerston-Little Italy,80,Palmerston-Little Italy (80),D14,627384.605138518,4834760.9497988
729,7431859,1301507,5/5/2012 4:00:00 AM,1610,COLLEGE St,SHAW St,,Major Arterial,Toronto and East York,43.654945,-79.42029,At Intersection,Stop Sign,Clear,Daylight,Dry,Non-Fatal Injury,Cyclist Collisions,Driver,45 to 49,None,,South,"Automobile, Station Wagon",Turning Left,Failed to Yield Right of Way,Normal,,,,,,,,Yes,Yes,,,,,,,Yes,,,,80,Palmerston-Little Italy,80,Palmerston-Little Italy (80),D14,627384.605138518,4834760.9497988
730,7431860,1301507,5/5/2012 4:00:00 AM,1610,COLLEGE St,SHAW St,,Major Arterial,Toronto and East York,43.654945,-79.42029,At Intersection,Stop Sign,Clear,Daylight,Dry,Non-Fatal Injury,Cyclist Collisions,Cyclist,20 to 24,Major,,West,Bicycle,Going Ahead,,,,,,Motorist turned left across cyclists path.,Speed too Fast For Condition,Normal,,Yes,Yes,,,,,,,Yes,,,,80,Palmerston-Little Italy,80,Palmerston-Little Italy (80),D14,627384.605138518,4834760.9497988
731,7433404,1302130,5/10/2012 4:00:00 AM,1015,DUNDAS ST W,GORE VALE AVE,,Major Arterial,Toronto and East York,43.650845,-79.41339,,No Control,Clear,Daylight,Dry,Non-Fatal Injury,Cyclist Collisions,Vehicle Owner,unknown,,,,Other,,,,,,,,,,,Yes,Yes,,,,,,,Yes,,,,81,Trinity-Bellwoods,81,Trinity-Bellwoods (81),D14,627949.719166374,4834316.20697039
732,7433405,1302130,5/10/2012 4:00:00 AM,1015,DUNDAS ST W,GORE VALE AVE,,Major Arterial,Toronto and East York,43.650845,-79.41339,,No Control,Clear,Daylight,Dry,Non-Fatal Injury,Cyclist Collisions,Driver,25 to 29,None,,East,"Automobile, Station Wagon",Going Ahead,Improper Passing,Normal,,,,,,,,Yes,Yes,,,,,,,Yes,,,,81,Trinity-Bellwoods,81,Trinity-Bellwoods (81),D14,627949.719166374,4834316.20697039
733,7433406,1302130,5/10/2012 4:00:00 AM,1015,DUNDAS ST W,GORE VALE AVE,,Major Arterial,Toronto and East York,43.650845,-79.41339,,No Control,Clear,Daylight,Dry,Non-Fatal Injury,Cyclist Collisions,Cyclist,65 to 69,Major,,East,Bicycle,Going Ahead,,,,,,Cyclist and Driver travelling in same direction. One vehicle sideswipes the other.,Driving Properly,Normal,,Yes,Yes,,,,,,,Yes,,,,81,Trinity-Bellwoods,81,Trinity-Bellwoods (81),D14,627949.719166374,4834316.20697039
734,7433286,1302089,5/10/2012 4:00:00 AM,1810,PETER ST,ADELAIDE ST W,,Major Arterial,Toronto and East York,43.647245,-79.39279,,No Control,Clear,Dusk,Dry,Non-Fatal Injury,Cyclist Collisions,Driver,45 to 49,None,,North,"Automobile, Station Wagon",Stopped,Driving Properly,Normal,,,,,,,,Yes,Yes,,,,,,,,,,,164,Wellington Place,77,Waterfront Communities-The Island (77),D52,629618.735059479,4833948.34865651
735,7433287,1302089,5/10/2012 4:00:00 AM,1810,PETER ST,ADELAIDE ST W,,Major Arterial,Toronto and East York,43.647245,-79.39279,,No Control,Clear,Dusk,Dry,Non-Fatal Injury,Cyclist Collisions,Cyclist,20 to 24,Major,,North,Bicycle,Overtaking,,,,,,Cyclist struck opened vehicle door,Driving Properly,Unknown,,Yes,Yes,,,,,,,,,,,164,Wellington Place,77,Waterfront Communities-The Island (77),D52,629618.735059479,4833948.34865651
736,7415617,1294470,5/15/2012 4:00:00 AM,1320,KIPLING AVE,PRINCE GEORGE DR,,Major Arterial,Etobicoke York,43.667645,-79.54669,,Stop Sign,Clear,Daylight,Dry,Non-Fatal Injury,Cyclist Collisions,Driver,60 to 64,None,,East,"Automobile, Station Wagon",Turning Right,Failed to Yield Right of Way,Inattentive,,,,,,,,Yes,Yes,,,,,,,Yes,,,,10,Princess-Rosethorn,10,Princess-Rosethorn (10),D22,617167.173554225,4835985.17082389
737,7415618,1294470,5/15/2012 4:00:00 AM,1320,KIPLING AVE,PRINCE GEORGE DR,,Major Arterial,Etobicoke York,43.667645,-79.54669,,Stop Sign,Clear,Daylight,Dry,Non-Fatal Injury,Cyclist Collisions,Cyclist,50 to 54,Major,,North,Bicycle,Going Ahead,,,,,,"Motorist turns right at non-signal Inter.(stop, yield, no cont.,and dwy) and strikes cyclist.",Driving Properly,Inattentive,,Yes,Yes,,,,,,,Yes,,,,10,Princess-Rosethorn,10,Princess-Rosethorn (10),D22,617167.173554225,4835985.17082389
738,7416556,1294902,5/19/2012 4:00:00 AM,1141,FINCH AVE W,DRIFTWOOD AVE,,Major Arterial,Etobicoke York,43.749445,-79.55449,At Intersection,No Control,Clear,Daylight,Dry,Non-Fatal Injury,Cyclist Collisions,Driver,40 to 44,None,,East,"Automobile, Station Wagon",Going Ahead,Driving Properly,Normal,,,,,,,,Yes,Yes,,,,,,,,,,,22,Humbermede,22,Humbermede (22),D31,616379.913675523,4845059.19863189
739,7416557,1294902,5/19/2012 4:00:00 AM,1141,FINCH AVE W,DRIFTWOOD AVE,,Major Arterial,Etobicoke York,43.749445,-79.55449,At Intersection,No Control,Clear,Daylight,Dry,Non-Fatal Injury,Cyclist Collisions,Cyclist,45 to 49,Major,,West,Bicycle,Unknown,,,,,,"Cyclist loses control and strikes object (pole, ttc track)",Lost control,Medical or Physical Disability,,Yes,Yes,,,,,,,,,,,22,Humbermede,22,Humbermede (22),D31,616379.913675523,4845059.19863189