OBJECTID,INDEX,ACCNUM,DATE,TIME,STREET1,STREET2,OFFSET,ROAD_CLASS,DISTRICT,LATITUDE,LONGITUDE,ACCLOC,TRAFFCTL,VISIBILITY,LIGHT,RDSFCOND,ACCLASS,IMPACTYPE,INVTYPE,INVAGE,INJURY,FATAL_NO,INITDIR,VEHTYPE,MANOEUVER,DRIVACT,DRIVCOND,PEDTYPE,PEDACT,PEDCOND,CYCLISTYPE,CYCACT,CYCCOND,PEDESTRIAN,CYCLIST,AUTOMOBILE,MOTORCYCLE,TRUCK,TRSN_CITY_VEH,EMERG_VEH,PASSENGER,SPEEDING,AG_DRIV,REDLIGHT,ALCOHOL,DISABILITY,HOOD_158,NEIGHBOURHOOD_158,HOOD_140,NEIGHBOURHOOD_140,DIVISION,x,y
740,7437666,1303942,5/21/2012 4:00:00 AM,640,GOODWOOD AVE,SELLERS AVE,,Local,Toronto and East York,43.680945,-79.44479,,No Control,Clear,Daylight,Dry,Non-Fatal Injury,Cyclist Collisions,Vehicle Owner,unknown,,,,Other,,,,,,,,,,,Yes,Yes,,,,,,,,,,,92,Corso Italia-Davenport,92,Corso Italia-Davenport (92),D13,625354.822289303,4837611.27504188
741,7437667,1303942,5/21/2012 4:00:00 AM,640,GOODWOOD AVE,SELLERS AVE,,Local,Toronto and East York,43.680945,-79.44479,,No Control,Clear,Daylight,Dry,Non-Fatal Injury,Cyclist Collisions,Driver,25 to 29,None,,West,"Automobile, Station Wagon",Going Ahead,Driving Properly,Normal,,,,,,,,Yes,Yes,,,,,,,,,,,92,Corso Italia-Davenport,92,Corso Italia-Davenport (92),D13,625354.822289303,4837611.27504188
742,7437668,1303942,5/21/2012 4:00:00 AM,640,GOODWOOD AVE,SELLERS AVE,,Local,Toronto and East York,43.680945,-79.44479,,No Control,Clear,Daylight,Dry,Non-Fatal Injury,Cyclist Collisions,Cyclist,10 to 14,Major,,South,Bicycle,Going Ahead,,,,,,"Cyclist without ROW rides into path of motorist at inter, lnwy, dwy-Cyclist not turn.",Failed to Yield Right of Way,Inattentive,,Yes,Yes,,,,,,,,,,,92,Corso Italia-Davenport,92,Corso Italia-Davenport (92),D13,625354.822289303,4837611.27504188
743,7440069,1304934,5/24/2012 4:00:00 AM,1427,ROSEDALE VALLEY RD,BAYVIEW S ROSEDALE VL RAMP,,Minor Arterial,Toronto and East York,43.670245,-79.36169,At Intersection,No Control,Clear,Daylight,Dry,Non-Fatal Injury,Cyclist Collisions,Driver,30 to 34,None,,East,"Automobile, Station Wagon",Changing Lanes,Improper Lane Change,Normal,,,,,,,,Yes,Yes,,,,,,,,,,,71,Cabbagetown-South St.James Town,71,Cabbagetown-South St.James Town (71),D51,632076.484948263,4836551.84984421
744,7440070,1304934,5/24/2012 4:00:00 AM,1427,ROSEDALE VALLEY RD,BAYVIEW S ROSEDALE VL RAMP,,Minor Arterial,Toronto and East York,43.670245,-79.36169,At Intersection,No Control,Clear,Daylight,Dry,Non-Fatal Injury,Cyclist Collisions,Cyclist,60 to 64,Major,,East,Bicycle,Merging,,,,,,Cyclist and Driver travelling in same direction. One vehicle sideswipes the other.,Driving Properly,Normal,,Yes,Yes,,,,,,,,,,,71,Cabbagetown-South St.James Town,71,Cabbagetown-South St.James Town (71),D51,632076.484948263,4836551.84984421
745,7438895,1304471,5/24/2012 4:00:00 AM,1905,CHURCH ST,WESTON RD,,Minor Arterial,Etobicoke York,43.703045,-79.52539,At Intersection,Traffic Signal,Clear,Daylight,Dry,Non-Fatal Injury,Cyclist Collisions,Driver,35 to 39,None,,West,"Automobile, Station Wagon",Turning Right,Improper Turn,Inattentive,,,,,,,,Yes,Yes,,,,,,,,,,,113,Weston,113,Weston (113),D12,618814.50694094,4839947.11727871
746,7438896,1304471,5/24/2012 4:00:00 AM,1905,CHURCH ST,WESTON RD,,Minor Arterial,Etobicoke York,43.703045,-79.52539,At Intersection,Traffic Signal,Clear,Daylight,Dry,Non-Fatal Injury,Cyclist Collisions,Cyclist,60 to 64,Major,,South,Bicycle,Stopped,,,,,,Motorist turning right on red at signalized intersection strikes cyclist.,Driving Properly,Normal,,Yes,Yes,,,,,,,,,,,113,Weston,113,Weston (113),D12,618814.50694094,4839947.11727871
747,7440081,1304939,5/30/2012 4:00:00 AM,1315,DUNDAS ST W,MANNING AVE,,Major Arterial,Toronto and East York,43.651345,-79.41089,At Intersection,Traffic Signal,Clear,Daylight,Dry,Non-Fatal Injury,Cyclist Collisions,Driver,25 to 29,None,,East,"Automobile, Station Wagon",Stopped,Driving Properly,Normal,,,,,,,,Yes,Yes,,,,,,,,,,,81,Trinity-Bellwoods,81,Trinity-Bellwoods (81),D14,628150.266450154,4834375.5961946
748,7440082,1304939,5/30/2012 4:00:00 AM,1315,DUNDAS ST W,MANNING AVE,,Major Arterial,Toronto and East York,43.651345,-79.41089,At Intersection,Traffic Signal,Clear,Daylight,Dry,Non-Fatal Injury,Cyclist Collisions,Cyclist,40 to 44,Major,,East,Bicycle,Going Ahead,,,,,,Cyclist and Driver travelling in same direction. One vehicle rear-ended the other.,Lost control,Fatigue,,Yes,Yes,,,,,,,,,,,81,Trinity-Bellwoods,81,Trinity-Bellwoods (81),D14,628150.266450154,4834375.5961946
749,7441006,1305291,6/2/2012 4:00:00 AM,1218,32 SUNCREST DR,,,Local,North York,43.726645,-79.35879,,No Control,Clear,Daylight,Dry,Non-Fatal Injury,Cyclist Collisions,Driver,70 to 74,None,,North,"Automobile, Station Wagon",Reversing,Other,Inattentive,,,,,,,,Yes,Yes,,,,,,,,,,,41,Bridle Path-Sunnybrook-York Mills,41,Bridle Path-Sunnybrook-York Mills (41),D33,632186.283110302,4842820.48300124
750,7441007,1305291,6/2/2012 4:00:00 AM,1218,32 SUNCREST DR,,,Local,North York,43.726645,-79.35879,,No Control,Clear,Daylight,Dry,Non-Fatal Injury,Cyclist Collisions,Cyclist,50 to 54,Major,,West,Bicycle,Going Ahead,,,,,,Motorist reversing struck cyclist.,Other,Normal,,Yes,Yes,,,,,,,,,,,41,Bridle Path-Sunnybrook-York Mills,41,Bridle Path-Sunnybrook-York Mills (41),D33,632186.283110302,4842820.48300124
751,7527603,1305187,6/3/2012 4:00:00 AM,1720,COLLEGE ST,BORDEN ST,,Major Arterial,Toronto and East York,43.657145,-79.40519,At Intersection,No Control,Clear,Daylight,Dry,Non-Fatal Injury,Cyclist Collisions,Driver,25 to 29,None,,East,Other,Parked,Other,Normal,,,,,,,,Yes,,,,,,,,,,,,79,University,79,University (79),D14,628597.554569891,4835028.5805916
752,7527604,1305187,6/3/2012 4:00:00 AM,1720,COLLEGE ST,BORDEN ST,,Major Arterial,Toronto and East York,43.657145,-79.40519,At Intersection,No Control,Clear,Daylight,Dry,Non-Fatal Injury,Cyclist Collisions,Cyclist,20 to 24,Major,,East,Bicycle,Going Ahead,,,,,,Cyclist struck opened vehicle door,Driving Properly,Normal,,Yes,,,,,,,,,,,,79,University,79,University (79),D14,628597.554569891,4835028.5805916
753,7441269,1305388,6/4/2012 4:00:00 AM,1000,LOBB AVE,SHAW ST,,Collector,Toronto and East York,43.646945,-79.41709,At Intersection,Traffic Signal,Clear,Daylight,Dry,Non-Fatal Injury,Cyclist Collisions,Driver,50 to 54,None,,North,"Automobile, Station Wagon",Turning Left,Failed to Yield Right of Way,Normal,,,,,,,,Yes,Yes,,,,,,,Yes,,,,81,Trinity-Bellwoods,81,Trinity-Bellwoods (81),D14,627659.597205806,4833877.36304642
754,7441270,1305388,6/4/2012 4:00:00 AM,1000,LOBB AVE,SHAW ST,,Collector,Toronto and East York,43.646945,-79.41709,At Intersection,Traffic Signal,Clear,Daylight,Dry,Non-Fatal Injury,Cyclist Collisions,Cyclist,30 to 34,Major,,East,Bicycle,Going Ahead,,,,,,Motorist turned left across cyclists path.,Driving Properly,Normal,,Yes,Yes,,,,,,,Yes,,,,81,Trinity-Bellwoods,81,Trinity-Bellwoods (81),D14,627659.597205806,4833877.36304642
755,7440929,1305265,6/4/2012 4:00:00 AM,1739,O CONNOR DR,WOODMOUNT AVE,,Major Arterial,Toronto and East York,43.699445,-79.32139,,No Control,Rain,Daylight,Wet,Non-Fatal Injury,Other,Moped Driver,55 to 59,Major,,East,"Automobile, Station Wagon",Going Ahead,Lost control,Normal,,,,,,,,Yes,Yes,,,,,,,,,,,58,Old East York,58,Old East York (58),D55,635259.764118648,4839859.87032362
756,7441187,1305359,6/5/2012 4:00:00 AM,1725,BLOOR ST W,DUFFERIN ST,,Major Arterial,Toronto and East York,43.659845,-79.43539,,Traffic Signal,Clear,Daylight,Dry,Non-Fatal Injury,Cyclist Collisions,Passenger,unknown,None,,,Other,,,,,,,,,,,Yes,Yes,,,,,Yes,,,,,,83,Dufferin Grove,83,Dufferin Grove (83),D11,626156.698143052,4835282.08884821
757,7441188,1305359,6/5/2012 4:00:00 AM,1725,BLOOR ST W,DUFFERIN ST,,Major Arterial,Toronto and East York,43.659845,-79.43539,,Traffic Signal,Clear,Daylight,Dry,Non-Fatal Injury,Cyclist Collisions,Passenger,unknown,None,,,Other,,,,,,,,,,,Yes,Yes,,,,,Yes,,,,,,83,Dufferin Grove,83,Dufferin Grove (83),D11,626156.698143052,4835282.08884821
758,7441189,1305359,6/5/2012 4:00:00 AM,1725,BLOOR ST W,DUFFERIN ST,,Major Arterial,Toronto and East York,43.659845,-79.43539,,Traffic Signal,Clear,Daylight,Dry,Non-Fatal Injury,Cyclist Collisions,Vehicle Owner,unknown,,,,Other,,,,,,,,,,,Yes,Yes,,,,,Yes,,,,,,83,Dufferin Grove,83,Dufferin Grove (83),D11,626156.698143052,4835282.08884821
759,7441190,1305359,6/5/2012 4:00:00 AM,1725,BLOOR ST W,DUFFERIN ST,,Major Arterial,Toronto and East York,43.659845,-79.43539,,Traffic Signal,Clear,Daylight,Dry,Non-Fatal Injury,Cyclist Collisions,Driver,50 to 54,None,,West,"Automobile, Station Wagon",Stopped,Other,Normal,,,,,,,,Yes,Yes,,,,,Yes,,,,,,83,Dufferin Grove,83,Dufferin Grove (83),D11,626156.698143052,4835282.08884821
760,7441191,1305359,6/5/2012 4:00:00 AM,1725,BLOOR ST W,DUFFERIN ST,,Major Arterial,Toronto and East York,43.659845,-79.43539,,Traffic Signal,Clear,Daylight,Dry,Non-Fatal Injury,Cyclist Collisions,Cyclist,35 to 39,Major,,West,Bicycle,Going Ahead,,,,,,Cyclist struck opened vehicle door,Driving Properly,Normal,,Yes,Yes,,,,,Yes,,,,,,83,Dufferin Grove,83,Dufferin Grove (83),D11,626156.698143052,4835282.08884821
761,7441309,1305406,6/5/2012 4:00:00 AM,1807,QUEEN ST W,PETER ST,,Major Arterial,Toronto and East York,43.649279,-79.393665,Intersection Related,Streetcar (Stop for),Clear,Daylight,Dry,Non-Fatal Injury,Pedestrian Collisions,Vehicle Owner,unknown,,,,,,,,,,,,,,Yes,Yes,,,,Yes,,,,,,,,164,Wellington Place,77,Waterfront Communities-The Island (77),D52,629543.794453848,4834172.88461442
762,7441310,1305406,6/5/2012 4:00:00 AM,1807,QUEEN ST W,PETER ST,,Major Arterial,Toronto and East York,43.649279,-79.393665,Intersection Related,Streetcar (Stop for),Clear,Daylight,Dry,Non-Fatal Injury,Pedestrian Collisions,Driver - Not Hit,35 to 39,None,,East,Street Car,,,,,,,,,,Yes,Yes,,,,Yes,,,,,,,,164,Wellington Place,77,Waterfront Communities-The Island (77),D52,629543.794453848,4834172.88461442
763,7441311,1305406,6/5/2012 4:00:00 AM,1807,QUEEN ST W,PETER ST,,Major Arterial,Toronto and East York,43.649279,-79.393665,Intersection Related,Streetcar (Stop for),Clear,Daylight,Dry,Non-Fatal Injury,Pedestrian Collisions,Pedestrian,60 to 64,Major,,South,,,,,Pedestrian hit at mid-block,Person Getting on/off Vehicle,Normal,,,,Yes,Yes,,,,Yes,,,,,,,,164,Wellington Place,77,Waterfront Communities-The Island (77),D52,629543.794453848,4834172.88461442
764,7441312,1305406,6/5/2012 4:00:00 AM,1807,QUEEN ST W,PETER ST,,Major Arterial,Toronto and East York,43.649279,-79.393665,Intersection Related,Streetcar (Stop for),Clear,Daylight,Dry,Non-Fatal Injury,Pedestrian Collisions,Cyclist,20 to 24,None,,East,Bicycle,Going Ahead,,,,,,Cyclist strikes pedestrian.,Failed to Yield Right of Way,Inattentive,Yes,Yes,,,,Yes,,,,,,,,164,Wellington Place,77,Waterfront Communities-The Island (77),D52,629543.794453848,4834172.88461442
765,7441253,1305383,6/5/2012 4:00:00 AM,2045,DUFFERIN ST,BLOOR ST W,,Major Arterial,Toronto and East York,43.659845,-79.43539,At Intersection,Traffic Signal,Clear,Dusk,Dry,Non-Fatal Injury,Cyclist Collisions,Driver,25 to 29,None,,North,"Automobile, Station Wagon",Going Ahead,Driving Properly,Normal,,,,,,,,Yes,Yes,,,,,Yes,,,,,,83,Dufferin Grove,83,Dufferin Grove (83),D11,626156.698143052,4835282.08884821
766,7441254,1305383,6/5/2012 4:00:00 AM,2045,DUFFERIN ST,BLOOR ST W,,Major Arterial,Toronto and East York,43.659845,-79.43539,At Intersection,Traffic Signal,Clear,Dusk,Dry,Non-Fatal Injury,Cyclist Collisions,Passenger,30 to 34,None,,,Other,,,,,,,,,,,Yes,Yes,,,,,Yes,,,,,,83,Dufferin Grove,83,Dufferin Grove (83),D11,626156.698143052,4835282.08884821
767,7441255,1305383,6/5/2012 4:00:00 AM,2045,DUFFERIN ST,BLOOR ST W,,Major Arterial,Toronto and East York,43.659845,-79.43539,At Intersection,Traffic Signal,Clear,Dusk,Dry,Non-Fatal Injury,Cyclist Collisions,Passenger,20 to 24,None,,,Other,,,,,,,,,,,Yes,Yes,,,,,Yes,,,,,,83,Dufferin Grove,83,Dufferin Grove (83),D11,626156.698143052,4835282.08884821
768,7441256,1305383,6/5/2012 4:00:00 AM,2045,DUFFERIN ST,BLOOR ST W,,Major Arterial,Toronto and East York,43.659845,-79.43539,At Intersection,Traffic Signal,Clear,Dusk,Dry,Non-Fatal Injury,Cyclist Collisions,Cyclist,20 to 24,Major,,West,Bicycle,Going Ahead,,,,,,"Cyclist without ROW rides into path of motorist at inter, lnwy, dwy-Cyclist not turn.",Disobeyed Traffic Control,Unknown,,Yes,Yes,,,,,Yes,,,,,,83,Dufferin Grove,83,Dufferin Grove (83),D11,626156.698143052,4835282.08884821
769,7441866,1305650,6/7/2012 4:00:00 AM,2000,WALLACE AVE,PERTH AVE,,Local,Toronto and East York,43.661045,-79.45059,At Intersection,Stop Sign,Clear,"Dark, artificial",Dry,Non-Fatal Injury,Cyclist Collisions,Driver,unknown,None,,North,"Automobile, Station Wagon",Going Ahead,Failed to Yield Right of Way,Unknown,,,,,,,,Yes,Yes,,,,,,,Yes,,,,171,Junction-Wallace Emerson,93,Dovercourt-Wallace Emerson-Junction (93),D11,624928.600434093,4835392.36537462
770,7441867,1305650,6/7/2012 4:00:00 AM,2000,WALLACE AVE,PERTH AVE,,Local,Toronto and East York,43.661045,-79.45059,At Intersection,Stop Sign,Clear,"Dark, artificial",Dry,Non-Fatal Injury,Cyclist Collisions,Cyclist,45 to 49,Major,,East,Bicycle,Going Ahead,,,,,,"Motorist without ROW drives into path of cyclist at inter, lnwy, dwy-Driver not turn.",Driving Properly,Had Been Drinking,,Yes,Yes,,,,,,,Yes,,,,171,Junction-Wallace Emerson,93,Dovercourt-Wallace Emerson-Junction (93),D11,624928.600434093,4835392.36537462
771,7442504,1305919,6/10/2012 4:00:00 AM,1916,BLOOR Stre W,PALMERSTON Boul,,Major Arterial,Toronto and East York,43.664545,-79.41379,,Traffic Signal,Clear,Daylight,Dry,Non-Fatal Injury,Cyclist Collisions,Driver,50 to 54,None,,East,"Automobile, Station Wagon",Parked,Other,Normal,,,,,,,,Yes,Yes,,,,,,,,,,,80,Palmerston-Little Italy,80,Palmerston-Little Italy (80),D14,627888.373850253,4835837.15563225
772,7442505,1305919,6/10/2012 4:00:00 AM,1916,BLOOR Stre W,PALMERSTON Boul,,Major Arterial,Toronto and East York,43.664545,-79.41379,,Traffic Signal,Clear,Daylight,Dry,Non-Fatal Injury,Cyclist Collisions,Cyclist,45 to 49,Major,,East,Bicycle,Overtaking,,,,,,Cyclist struck opened vehicle door,Driving Properly,Normal,,Yes,Yes,,,,,,,,,,,80,Palmerston-Little Italy,80,Palmerston-Little Italy (80),D14,627888.373850253,4835837.15563225
773,7427000,1299440,6/13/2012 4:00:00 AM,1111,GERRARD Stre E,RIVER Stre,,Minor Arterial,Toronto and East York,43.663645,-79.35929,,Traffic Signal,Clear,Daylight,Dry,Non-Fatal Injury,Cyclist Collisions,Driver,unknown,None,,North,"Automobile, Station Wagon",Going Ahead,Disobeyed Traffic Control,Unknown,,,,,,,,Yes,Yes,,,,,,,Yes,Yes,,,72,Regent Park,72,Regent Park (72),D51,632284.466312989,4835822.65497727
774,7427001,1299440,6/13/2012 4:00:00 AM,1111,GERRARD Stre E,RIVER Stre,,Minor Arterial,Toronto and East York,43.663645,-79.35929,,Traffic Signal,Clear,Daylight,Dry,Non-Fatal Injury,Cyclist Collisions,Cyclist,50 to 54,Major,,West,Bicycle,Going Ahead,,,,,,"Motorist without ROW drives into path of cyclist at inter, lnwy, dwy-Driver not turn.",Driving Properly,Normal,,Yes,Yes,,,,,,,Yes,Yes,,,72,Regent Park,72,Regent Park (72),D51,632284.466312989,4835822.65497727
775,7443464,1306296,6/13/2012 4:00:00 AM,1752,DON JAIL Road,BROADVIEW Aven,,Minor Arterial,Toronto and East York,43.666145,-79.35289,At Intersection,No Control,Clear,Daylight,Dry,Non-Fatal Injury,Cyclist Collisions,Driver,60 to 64,None,,West,"Automobile, Station Wagon",Going Ahead,Failed to Yield Right of Way,Inattentive,,,,,,,,Yes,Yes,,,,,,,Yes,,,,68,North Riverdale,68,North Riverdale (68),D55,632794.968046851,4836110.53834338
776,7443465,1306296,6/13/2012 4:00:00 AM,1752,DON JAIL Road,BROADVIEW Aven,,Minor Arterial,Toronto and East York,43.666145,-79.35289,At Intersection,No Control,Clear,Daylight,Dry,Non-Fatal Injury,Cyclist Collisions,Cyclist,40 to 44,Major,,South,Bicycle,Going Ahead,,,,,,"Motorist without ROW drives into path of cyclist at inter, lnwy, dwy-Driver not turn.",Driving Properly,Normal,,Yes,Yes,,,,,,,Yes,,,,68,North Riverdale,68,North Riverdale (68),D55,632794.968046851,4836110.53834338
777,7444583,1306744,6/21/2012 4:00:00 AM,1606,3477 SHEPPARD AVE E,,,Major Arterial,Scarborough,43.779745,-79.30349,,No Control,Clear,Daylight,Dry,Non-Fatal Injury,Cyclist Collisions,Driver,75 to 79,None,,North,"Automobile, Station Wagon",Going Ahead,Driving Properly,Normal,,,,,,,,Yes,Yes,,,,,,,,,,,118,Tam O'Shanter-Sullivan,118,Tam O'Shanter-Sullivan (118),D42,636519.504899104,4848807.74196721
778,7444584,1306744,6/21/2012 4:00:00 AM,1606,3477 SHEPPARD AVE E,,,Major Arterial,Scarborough,43.779745,-79.30349,,No Control,Clear,Daylight,Dry,Non-Fatal Injury,Cyclist Collisions,Cyclist,60 to 64,Major,,East,Bicycle,Going Ahead,,,,,,"Motorist without ROW drives into path of cyclist at inter, lnwy, dwy-Driver not turn.",Other,Normal,,Yes,Yes,,,,,,,,,,,118,Tam O'Shanter-Sullivan,118,Tam O'Shanter-Sullivan (118),D42,636519.504899104,4848807.74196721
779,7429802,1300673,6/25/2012 4:00:00 AM,1210,RATHBURN RD,THE EAST MALL,,Minor Arterial,Etobicoke York,43.654746,-79.565189,At Intersection,No Control,Clear,Daylight,Dry,Non-Fatal Injury,Cyclist Collisions,Driver,60 to 64,None,,West,"Automobile, Station Wagon",Merging,Improper Lane Change,Normal,,,,,,,,Yes,Yes,,,,,,,,,,,11,Eringate-Centennial-West Deane,11,Eringate-Centennial-West Deane (11),D22,615700.529389131,4834526.61129493
780,7429803,1300673,6/25/2012 4:00:00 AM,1210,RATHBURN RD,THE EAST MALL,,Minor Arterial,Etobicoke York,43.654746,-79.565189,At Intersection,No Control,Clear,Daylight,Dry,Non-Fatal Injury,Cyclist Collisions,Cyclist,80 to 84,Major,,West,Bicycle,Going Ahead,,,,,,Cyclist and Driver travelling in same direction. One vehicle sideswipes the other.,Driving Properly,Normal,,Yes,Yes,,,,,,,,,,,11,Eringate-Centennial-West Deane,11,Eringate-Centennial-West Deane (11),D22,615700.529389131,4834526.61129493
781,7446235,1307372,6/26/2012 4:00:00 AM,1615,COLLEGE ST,BORDEN ST,,Major Arterial,Toronto and East York,43.656945,-79.40519,At Intersection,Traffic Signal,Clear,Daylight,Dry,Non-Fatal Injury,Cyclist Collisions,Driver,45 to 49,None,,West,"Automobile, Station Wagon",Turning Right,Driving Properly,Normal,,,,,,,,Yes,Yes,,,,,,,,,,,78,Kensington-Chinatown,78,Kensington-Chinatown (78),D14,628597.981504919,4835006.36795692
782,7446236,1307372,6/26/2012 4:00:00 AM,1615,COLLEGE ST,BORDEN ST,,Major Arterial,Toronto and East York,43.656945,-79.40519,At Intersection,Traffic Signal,Clear,Daylight,Dry,Non-Fatal Injury,Cyclist Collisions,Cyclist,30 to 34,Major,,West,Bicycle,Going Ahead,,,,,,Cyclist and Driver travelling in same direction. One vehicle rear-ended the other.,Following too Close,Normal,,Yes,Yes,,,,,,,,,,,78,Kensington-Chinatown,78,Kensington-Chinatown (78),D14,628597.981504919,4835006.36795692
783,7433999,1302395,6/27/2012 4:00:00 AM,1910,TIPPET RD,WILSON AVE,,Major Arterial,North York,43.734576,-79.447261,At Intersection,Traffic Signal,Clear,Daylight,Dry,Non-Fatal Injury,Cyclist Collisions,Driver,60 to 64,None,,North,"Automobile, Station Wagon",Going Ahead,Driving Properly,Normal,,,,,,,,Yes,Yes,,,,,,,,,,,33,Clanton Park,33,Clanton Park (33),D32,625044.082752257,4843564.01573974
784,7434000,1302395,6/27/2012 4:00:00 AM,1910,TIPPET RD,WILSON AVE,,Major Arterial,North York,43.734576,-79.447261,At Intersection,Traffic Signal,Clear,Daylight,Dry,Non-Fatal Injury,Cyclist Collisions,Cyclist,55 to 59,Major,,East,Bicycle,Going Ahead,,,,,,"Cyclist without ROW rides into path of motorist at inter, lnwy, dwy-Cyclist not turn.",Disobeyed Traffic Control,Inattentive,,Yes,Yes,,,,,,,,,,,33,Clanton Park,33,Clanton Park (33),D32,625044.082752257,4843564.01573974
785,7645161,1301986,6/28/2012 4:00:00 AM,155,UNIVERSITY AVE,ELM ST,,Major Arterial,Toronto and East York,43.656345,-79.38899,At Intersection,Traffic Signal,Clear,"Dark, artificial",Dry,Non-Fatal Injury,Cyclist Collisions,Driver,40 to 44,None,,West,"Automobile, Station Wagon",Turning Left,Driving Properly,Normal,,,,,,,,Yes,Yes,,,,,,,,,,,78,Kensington-Chinatown,78,Kensington-Chinatown (78),D52,629905.580699254,4834964.96524484
786,7645162,1301986,6/28/2012 4:00:00 AM,155,UNIVERSITY AVE,ELM ST,,Major Arterial,Toronto and East York,43.656345,-79.38899,At Intersection,Traffic Signal,Clear,"Dark, artificial",Dry,Non-Fatal Injury,Cyclist Collisions,Cyclist,50 to 54,Major,,East,Bicycle,Going Ahead,,,,,,"Cyclist without ROW rides into path of motorist at inter, lnwy, dwy-Cyclist not turn.",Other,Unknown,,Yes,Yes,,,,,,,,,,,78,Kensington-Chinatown,78,Kensington-Chinatown (78),D52,629905.580699254,4834964.96524484
787,7448107,1308128,7/6/2012 4:00:00 AM,1010,STEELES AVE E,BIRCHMOUNT RD,,Major Arterial,Scarborough,43.821345,-79.31689,At Intersection,Traffic Signal,Clear,Daylight,Dry,Non-Fatal Injury,Cyclist Collisions,Vehicle Owner,unknown,,,,Other,,,,,,,,,,,Yes,Yes,,,,,,,Yes,,,,116,Steeles,116,Steeles (116),D42,635347.214848062,4853406.07602718
788,7448108,1308128,7/6/2012 4:00:00 AM,1010,STEELES AVE E,BIRCHMOUNT RD,,Major Arterial,Scarborough,43.821345,-79.31689,At Intersection,Traffic Signal,Clear,Daylight,Dry,Non-Fatal Injury,Cyclist Collisions,Driver,55 to 59,None,,West,"Automobile, Station Wagon",Turning Left,Failed to Yield Right of Way,Normal,,,,,,,,Yes,Yes,,,,,,,Yes,,,,116,Steeles,116,Steeles (116),D42,635347.214848062,4853406.07602718
789,7448109,1308128,7/6/2012 4:00:00 AM,1010,STEELES AVE E,BIRCHMOUNT RD,,Major Arterial,Scarborough,43.821345,-79.31689,At Intersection,Traffic Signal,Clear,Daylight,Dry,Non-Fatal Injury,Cyclist Collisions,Cyclist,75 to 79,Major,,West,Bicycle,Going Ahead,,,,,,Motorist turned left across cyclists path.,Driving Properly,Normal,,Yes,Yes,,,,,,,Yes,,,,116,Steeles,116,Steeles (116),D42,635347.214848062,4853406.07602718
790,7448153,1308147,7/6/2012 4:00:00 AM,1720,BATHURST ST,HARBORD ST,,Major Arterial,Toronto and East York,43.661545,-79.40979,At Intersection,Traffic Signal,Clear,Daylight,Dry,Non-Fatal Injury,Cyclist Collisions,Driver,25 to 29,None,,South,"Automobile, Station Wagon",Going Ahead,Driving Properly,Normal,,,,,,,,Yes,Yes,,,,,,,,,,,80,Palmerston-Little Italy,80,Palmerston-Little Italy (80),D14,628217.263811966,4835510.13964493
791,7448154,1308147,7/6/2012 4:00:00 AM,1720,BATHURST ST,HARBORD ST,,Major Arterial,Toronto and East York,43.661545,-79.40979,At Intersection,Traffic Signal,Clear,Daylight,Dry,Non-Fatal Injury,Cyclist Collisions,Cyclist,25 to 29,Major,,North,Bicycle,Turning Left,,,,,,Cyclist turned left across motorists path.,Disobeyed Traffic Control,Unknown,,Yes,Yes,,,,,,,,,,,80,Palmerston-Little Italy,80,Palmerston-Little Italy (80),D14,628217.263811966,4835510.13964493
792,7448747,1308396,7/10/2012 4:00:00 AM,1740,CHESTNUT ST,DUNDAS ST W,,Collector,Toronto and East York,43.654645,-79.38579,,No Control,Clear,Daylight,Dry,Non-Fatal Injury,Cyclist Collisions,Vehicle Owner,unknown,,,,Other,,,,,,,,,,,Yes,Yes,,,,,,,,,,,170,Yonge-Bay Corridor,76,Bay Street Corridor (76),D52,630167.29197263,4834781.17272148
793,7448748,1308396,7/10/2012 4:00:00 AM,1740,CHESTNUT ST,DUNDAS ST W,,Collector,Toronto and East York,43.654645,-79.38579,,No Control,Clear,Daylight,Dry,Non-Fatal Injury,Cyclist Collisions,Driver,45 to 49,None,,North,"Automobile, Station Wagon",Parked,Other,Inattentive,,,,,,,,Yes,Yes,,,,,,,,,,,170,Yonge-Bay Corridor,76,Bay Street Corridor (76),D52,630167.29197263,4834781.17272148
794,7448749,1308396,7/10/2012 4:00:00 AM,1740,CHESTNUT ST,DUNDAS ST W,,Collector,Toronto and East York,43.654645,-79.38579,,No Control,Clear,Daylight,Dry,Non-Fatal Injury,Cyclist Collisions,Cyclist,45 to 49,Major,,North,Bicycle,Going Ahead,,,,,,Cyclist struck opened vehicle door,Driving Properly,Normal,,Yes,Yes,,,,,,,,,,,170,Yonge-Bay Corridor,76,Bay Street Corridor (76),D52,630167.29197263,4834781.17272148