OBJECTID,INDEX,ACCNUM,DATE,TIME,STREET1,STREET2,OFFSET,ROAD_CLASS,DISTRICT,LATITUDE,LONGITUDE,ACCLOC,TRAFFCTL,VISIBILITY,LIGHT,RDSFCOND,ACCLASS,IMPACTYPE,INVTYPE,INVAGE,INJURY,FATAL_NO,INITDIR,VEHTYPE,MANOEUVER,DRIVACT,DRIVCOND,PEDTYPE,PEDACT,PEDCOND,CYCLISTYPE,CYCACT,CYCCOND,PEDESTRIAN,CYCLIST,AUTOMOBILE,MOTORCYCLE,TRUCK,TRSN_CITY_VEH,EMERG_VEH,PASSENGER,SPEEDING,AG_DRIV,REDLIGHT,ALCOHOL,DISABILITY,HOOD_158,NEIGHBOURHOOD_158,HOOD_140,NEIGHBOURHOOD_140,DIVISION,x,y
852,7492268,1326911,10/11/2012 4:00:00 AM,2140,YONGE St,CRESCENT Rd,,Major Arterial,Toronto and East York,43.676945,-79.38949,At Intersection,Traffic Signal,Clear,"Dark, artificial",Dry,Non-Fatal Injury,Cyclist Collisions,Cyclist,20 to 24,Major,,North,Bicycle,Going Ahead,,,,,,Motorist turned left across cyclists path.,Driving Properly,Normal,,Yes,Yes,,,,,,,Yes,,,,98,Rosedale-Moore Park,98,Rosedale-Moore Park (98),D53,629820.84690176,4837252.08833794
853,7491963,1326780,10/11/2012 4:00:00 AM,2148,SHEPPARD AVE E,PARKWAY FOREST DR,,Major Arterial,North York,43.775824,-79.343715,At Intersection,Traffic Signal,Rain,Dark,Wet,Non-Fatal Injury,Turning Movement,Vehicle Owner,unknown,,,,Other,,,,,,,,,,,Yes,Yes,,,,,,,Yes,,,,53,Henry Farm,53,Henry Farm (53),D33,633291.246367696,4848306.70712461
854,7491964,1326780,10/11/2012 4:00:00 AM,2148,SHEPPARD AVE E,PARKWAY FOREST DR,,Major Arterial,North York,43.775824,-79.343715,At Intersection,Traffic Signal,Rain,Dark,Wet,Non-Fatal Injury,Turning Movement,Driver,35 to 39,None,,West,"Automobile, Station Wagon",Turning Left,Failed to Yield Right of Way,Inattentive,,,,,,,,Yes,Yes,,,,,,,Yes,,,,53,Henry Farm,53,Henry Farm (53),D33,633291.246367696,4848306.70712461
855,7491965,1326780,10/11/2012 4:00:00 AM,2148,SHEPPARD AVE E,PARKWAY FOREST DR,,Major Arterial,North York,43.775824,-79.343715,At Intersection,Traffic Signal,Rain,Dark,Wet,Non-Fatal Injury,Turning Movement,Moped Driver,50 to 54,Major,,East,Other,Going Ahead,Driving Properly,Normal,,,,,,,,Yes,Yes,,,,,,,Yes,,,,53,Henry Farm,53,Henry Farm (53),D33,633291.246367696,4848306.70712461
856,7548472,1344412,10/12/2012 4:00:00 AM,1415,FIFTH Stre,LAKE SHORE Boul W,,Major Arterial,Etobicoke York,43.601245,-79.502986,,Traffic Signal,Clear,Daylight,Dry,Non-Fatal Injury,Cyclist Collisions,Driver,60 to 64,None,,North,"Automobile, Station Wagon",Going Ahead,Other,Unknown,,,,,,,,Yes,Yes,,,,,,,,,,,18,New Toronto,18,New Toronto (18),D22,620823.649373277,4828673.2715027
857,7548473,1344412,10/12/2012 4:00:00 AM,1415,FIFTH Stre,LAKE SHORE Boul W,,Major Arterial,Etobicoke York,43.601245,-79.502986,,Traffic Signal,Clear,Daylight,Dry,Non-Fatal Injury,Cyclist Collisions,Cyclist,30 to 34,Major,,East,Bicycle,Going Ahead,,,,,,Insufficient information (to determine cyclist crash type).,Other,Unknown,,Yes,Yes,,,,,,,,,,,18,New Toronto,18,New Toronto (18),D22,620823.649373277,4828673.2715027
858,7528663,1321561,10/22/2012 4:00:00 AM,1059,FINCH AVE E,MILLIKEN BLVD,,Major Arterial,Scarborough,43.801845,-79.29429,At Intersection,Traffic Signal,Clear,Daylight,Dry,Non-Fatal Injury,Cyclist Collisions,Driver,75 to 79,None,,South,"Automobile, Station Wagon",Turning Left,Improper Turn,Inattentive,,,,,,,,Yes,Yes,,,,,,,,,,,130,Milliken,130,Milliken (130),D42,637209.260897397,4851277.50990607
859,7528664,1321561,10/22/2012 4:00:00 AM,1059,FINCH AVE E,MILLIKEN BLVD,,Major Arterial,Scarborough,43.801845,-79.29429,At Intersection,Traffic Signal,Clear,Daylight,Dry,Non-Fatal Injury,Cyclist Collisions,Cyclist,55 to 59,Major,,North,Bicycle,Going Ahead,,,,,,Motorist turned left across cyclists path.,Driving Properly,Normal,,Yes,Yes,,,,,,,,,,,130,Milliken,130,Milliken (130),D42,637209.260897397,4851277.50990607
860,7645364,1330074,11/5/2012 5:00:00 AM,1320,810 COLLEGE ST,,,Major Arterial,Toronto and East York,43.654544,-79.42189,,No Control,Clear,Daylight,Dry,Non-Fatal Injury,Cyclist Collisions,Driver,55 to 59,None,,West,"Automobile, Station Wagon",Parked,Other,Normal,,,,,,,,Yes,Yes,,,,,,,,,,,81,Trinity-Bellwoods,81,Trinity-Bellwoods (81),D14,627256.430110394,4834713.95848002
861,7645365,1330074,11/5/2012 5:00:00 AM,1320,810 COLLEGE ST,,,Major Arterial,Toronto and East York,43.654544,-79.42189,,No Control,Clear,Daylight,Dry,Non-Fatal Injury,Cyclist Collisions,Cyclist,20 to 24,Major,,West,Bicycle,Going Ahead,,,,,,Cyclist struck opened vehicle door,Driving Properly,Normal,,Yes,Yes,,,,,,,,,,,81,Trinity-Bellwoods,81,Trinity-Bellwoods (81),D14,627256.430110394,4834713.95848002
862,7486698,1324513,11/7/2012 5:00:00 AM,1437,RICHMOND ST W,UNIVERSITY AVE,,Major Arterial,Toronto and East York,43.650045,-79.38629,At Intersection,Traffic Signal,Clear,Daylight,Dry,Fatal,Cyclist Collisions,Vehicle Owner,unknown,,,,Other,,,,,,,,,,,Yes,Yes,,,,,Yes,,,,,,170,Yonge-Bay Corridor,76,Bay Street Corridor (76),D52,630136.907434967,4834269.49805031
863,7486699,1324513,11/7/2012 5:00:00 AM,1437,RICHMOND ST W,UNIVERSITY AVE,,Major Arterial,Toronto and East York,43.650045,-79.38629,At Intersection,Traffic Signal,Clear,Daylight,Dry,Fatal,Cyclist Collisions,Driver,30 to 34,None,,North,"Automobile, Station Wagon",Going Ahead,Driving Properly,Normal,,,,,,,,Yes,Yes,,,,,Yes,,,,,,170,Yonge-Bay Corridor,76,Bay Street Corridor (76),D52,630136.907434967,4834269.49805031
864,7486700,1324513,11/7/2012 5:00:00 AM,1437,RICHMOND ST W,UNIVERSITY AVE,,Major Arterial,Toronto and East York,43.650045,-79.38629,At Intersection,Traffic Signal,Clear,Daylight,Dry,Fatal,Cyclist Collisions,Passenger,35 to 39,None,,,Other,,,,,,,,,,,Yes,Yes,,,,,Yes,,,,,,170,Yonge-Bay Corridor,76,Bay Street Corridor (76),D52,630136.907434967,4834269.49805031
865,7486701,1324513,11/7/2012 5:00:00 AM,1437,RICHMOND ST W,UNIVERSITY AVE,,Major Arterial,Toronto and East York,43.650045,-79.38629,At Intersection,Traffic Signal,Clear,Daylight,Dry,Fatal,Cyclist Collisions,Cyclist,55 to 59,Fatal,38,West,Bicycle,Going Ahead,,,,,,"Cyclist without ROW rides into path of motorist at inter, lnwy, dwy-Cyclist not turn.",Disobeyed Traffic Control,Unknown,,Yes,Yes,,,,,Yes,,,,,,170,Yonge-Bay Corridor,76,Bay Street Corridor (76),D52,630136.907434967,4834269.49805031
866,7559958,1326953,11/7/2012 5:00:00 AM,1853,LESLIE ST,LAKE SHORE BLVD E,,Major Arterial,Toronto and East York,43.659243,-79.328388,At Intersection,Traffic Signal,Clear,Dark,Dry,Non-Fatal Injury,Cyclist Collisions,Driver,unknown,None,,South,"Automobile, Station Wagon",Unknown,Other,Unknown,,,,,,,,Yes,Yes,,,,,,,,,,,70,South Riverdale,63,The Beaches (63),D55,634785.860447288,4835383.49127382
867,7559959,1326953,11/7/2012 5:00:00 AM,1853,LESLIE ST,LAKE SHORE BLVD E,,Major Arterial,Toronto and East York,43.659243,-79.328388,At Intersection,Traffic Signal,Clear,Dark,Dry,Non-Fatal Injury,Cyclist Collisions,Cyclist,45 to 49,Major,,East,Bicycle,Going Ahead,,,,,,Insufficient information (to determine cyclist crash type).,Other,Unknown,,Yes,Yes,,,,,,,,,,,70,South Riverdale,63,The Beaches (63),D55,634785.860447288,4835383.49127382
868,7529354,1325529,11/13/2012 5:00:00 AM,844,GERRARD ST E,YONGE ST,,Major Arterial,Toronto and East York,43.659045,-79.38209,At Intersection,Traffic Signal,Clear,Daylight,Dry,Non-Fatal Injury,Cyclist Collisions,Vehicle Owner,unknown,,,,Other,,,,,,,,,,,Yes,,,Yes,,,,,,,,,168,Downtown Yonge East,75,Church-Yonge Corridor (75),D51,630456.12850125,4835275.66182164
869,7529355,1325529,11/13/2012 5:00:00 AM,844,GERRARD ST E,YONGE ST,,Major Arterial,Toronto and East York,43.659045,-79.38209,At Intersection,Traffic Signal,Clear,Daylight,Dry,Non-Fatal Injury,Cyclist Collisions,Truck Driver,35 to 39,None,,West,Truck - Open,Turning Right,Improper Turn,Normal,,,,,,,,Yes,,,Yes,,,,,,,,,168,Downtown Yonge East,75,Church-Yonge Corridor (75),D51,630456.12850125,4835275.66182164
870,7529356,1325529,11/13/2012 5:00:00 AM,844,GERRARD ST E,YONGE ST,,Major Arterial,Toronto and East York,43.659045,-79.38209,At Intersection,Traffic Signal,Clear,Daylight,Dry,Non-Fatal Injury,Cyclist Collisions,Cyclist,35 to 39,Major,,West,Bicycle,Going Ahead,,,,,,Motorist turning right on green or amber at signalized intersection strikes cyclist.,Other,Unknown,,Yes,,,Yes,,,,,,,,,168,Downtown Yonge East,75,Church-Yonge Corridor (75),D51,630456.12850125,4835275.66182164
871,7542674,1327099,11/23/2012 5:00:00 AM,643,DAVENPORT RD,LANSDOWNE AVE,,Minor Arterial,Toronto and East York,43.671546,-79.448291,At Intersection,Traffic Signal,Clear,"Dark, artificial",Dry,Fatal,Cyclist Collisions,Cyclist,35 to 39,Fatal,39,North,Bicycle,Going Ahead,,,,,,"Cyclist without ROW rides into path of motorist at inter, lnwy, dwy-Cyclist not turn.",,,,Yes,Yes,,,,,,,Yes,Yes,,,171,Junction-Wallace Emerson,93,Dovercourt-Wallace Emerson-Junction (93),D13,625092.156252868,4836562.10456957
872,7542675,1327099,11/23/2012 5:00:00 AM,643,DAVENPORT RD,LANSDOWNE AVE,,Minor Arterial,Toronto and East York,43.671546,-79.448291,At Intersection,Traffic Signal,Clear,"Dark, artificial",Dry,Fatal,Cyclist Collisions,Driver,60 to 64,None,,East,Passenger Van,Going Ahead,Disobeyed Traffic Control,Normal,,,,,,,,Yes,Yes,,,,,,,Yes,Yes,,,171,Junction-Wallace Emerson,93,Dovercourt-Wallace Emerson-Junction (93),D13,625092.156252868,4836562.10456957
873,7542676,1327099,11/23/2012 5:00:00 AM,643,DAVENPORT RD,LANSDOWNE AVE,,Minor Arterial,Toronto and East York,43.671546,-79.448291,At Intersection,Traffic Signal,Clear,"Dark, artificial",Dry,Fatal,Cyclist Collisions,Driver,20 to 24,None,,West,"Automobile, Station Wagon",Going Ahead,Driving Properly,Unknown,,,,,,,,Yes,Yes,,,,,,,Yes,Yes,,,171,Junction-Wallace Emerson,93,Dovercourt-Wallace Emerson-Junction (93),D13,625092.156252868,4836562.10456957
874,7523089,1335478,11/26/2012 5:00:00 AM,1405,QUEEN ST W,BAY ST,,Major Arterial,Toronto and East York,43.651645,-79.38279,,No Control,Clear,Daylight,Dry,Non-Fatal Injury,Cyclist Collisions,Driver,40 to 44,None,,East,"Automobile, Station Wagon",Stopped,Other,Normal,,,,,,,,Yes,Yes,,,,,,,,,,,170,Yonge-Bay Corridor,76,Bay Street Corridor (76),D52,630415.703248164,4834452.6937432
875,7523090,1335478,11/26/2012 5:00:00 AM,1405,QUEEN ST W,BAY ST,,Major Arterial,Toronto and East York,43.651645,-79.38279,,No Control,Clear,Daylight,Dry,Non-Fatal Injury,Cyclist Collisions,Cyclist,45 to 49,Major,,East,Bicycle,Going Ahead,,,,,,Cyclist and Driver travelling in same direction. One vehicle sideswipes the other.,Improper Passing,Inattentive,,Yes,Yes,,,,,,,,,,,170,Yonge-Bay Corridor,76,Bay Street Corridor (76),D52,630415.703248164,4834452.6937432
876,7536852,1340319,12/19/2012 5:00:00 AM,1720,PALMERSTON BLVD,LENNOX ST,,Collector,Toronto and East York,43.663345,-79.41309,At Intersection,Stop Sign,Clear,"Dark, artificial",Dry,Non-Fatal Injury,Cyclist Collisions,Driver,50 to 54,None,,South,"Automobile, Station Wagon",Going Ahead,Driving Properly,Normal,,,,,,,,Yes,Yes,,,,,,,,,,,80,Palmerston-Little Italy,80,Palmerston-Little Italy (80),D14,627947.361236083,4835704.95899528
877,7536853,1340319,12/19/2012 5:00:00 AM,1720,PALMERSTON BLVD,LENNOX ST,,Collector,Toronto and East York,43.663345,-79.41309,At Intersection,Stop Sign,Clear,"Dark, artificial",Dry,Non-Fatal Injury,Cyclist Collisions,Cyclist,40 to 44,Major,,West,Bicycle,Going Ahead,,,,,,"Cyclist without ROW rides into path of motorist at inter, lnwy, dwy-Cyclist not turn.",Failed to Yield Right of Way,Normal,,Yes,Yes,,,,,,,,,,,80,Palmerston-Little Italy,80,Palmerston-Little Italy (80),D14,627947.361236083,4835704.95899528
878,7791137,1344579,1/19/2013 5:00:00 AM,852,DAVENPORT RD,SHAW ST,,Minor Arterial,Toronto and East York,43.674745,-79.42829,At Intersection,Pedestrian Crossover,Clear,Dark,Wet,Non-Fatal Injury,Cyclist Collisions,Driver,60 to 64,None,,West,"Automobile, Station Wagon",Turning Left,Failed to Yield Right of Way,Inattentive,,,,,,,,Yes,Yes,,,,,,,Yes,,,,94,Wychwood,94,Wychwood (94),D13,626697.835025774,4836947.75202523
879,7791138,1344579,1/19/2013 5:00:00 AM,852,DAVENPORT RD,SHAW ST,,Minor Arterial,Toronto and East York,43.674745,-79.42829,At Intersection,Pedestrian Crossover,Clear,Dark,Wet,Non-Fatal Injury,Cyclist Collisions,Cyclist,25 to 29,Major,,East,Bicycle,Going Ahead,,,,,,Motorist turned left across cyclists path.,Driving Properly,Normal,,Yes,Yes,,,,,,,Yes,,,,94,Wychwood,94,Wychwood (94),D13,626697.835025774,4836947.75202523
880,7783241,1340591,2/13/2013 5:00:00 AM,1626,QUEEN ST W,AUGUSTA AVE,,Major Arterial,Toronto and East York,43.648055,-79.399661,,Traffic Signal,Clear,Daylight,Dry,Non-Fatal Injury,Cyclist Collisions,Driver,45 to 49,Major,,North,"Automobile, Station Wagon",Going Ahead,Driving Properly,Normal,,,,,,,,Yes,Yes,,,,,,,Yes,Yes,,,164,Wellington Place,77,Waterfront Communities-The Island (77),D14,629062.86013057,4834027.60094403
881,7783242,1340591,2/13/2013 5:00:00 AM,1626,QUEEN ST W,AUGUSTA AVE,,Major Arterial,Toronto and East York,43.648055,-79.399661,,Traffic Signal,Clear,Daylight,Dry,Non-Fatal Injury,Cyclist Collisions,Vehicle Owner,unknown,,,,Other,,,,,,,,,,,Yes,Yes,,,,,,,Yes,Yes,,,164,Wellington Place,77,Waterfront Communities-The Island (77),D14,629062.86013057,4834027.60094403
882,7783243,1340591,2/13/2013 5:00:00 AM,1626,QUEEN ST W,AUGUSTA AVE,,Major Arterial,Toronto and East York,43.648055,-79.399661,,Traffic Signal,Clear,Daylight,Dry,Non-Fatal Injury,Cyclist Collisions,Driver,20 to 24,Minimal,,East,"Automobile, Station Wagon",Going Ahead,Disobeyed Traffic Control,Normal,,,,,,,,Yes,Yes,,,,,,,Yes,Yes,,,164,Wellington Place,77,Waterfront Communities-The Island (77),D14,629062.86013057,4834027.60094403
883,7783244,1340591,2/13/2013 5:00:00 AM,1626,QUEEN ST W,AUGUSTA AVE,,Major Arterial,Toronto and East York,43.648055,-79.399661,,Traffic Signal,Clear,Daylight,Dry,Non-Fatal Injury,Cyclist Collisions,Other Property Owner,unknown,,,,Other,,,,,,,,,,,Yes,Yes,,,,,,,Yes,Yes,,,164,Wellington Place,77,Waterfront Communities-The Island (77),D14,629062.86013057,4834027.60094403
884,7783245,1340591,2/13/2013 5:00:00 AM,1626,QUEEN ST W,AUGUSTA AVE,,Major Arterial,Toronto and East York,43.648055,-79.399661,,Traffic Signal,Clear,Daylight,Dry,Non-Fatal Injury,Cyclist Collisions,Cyclist,20 to 24,Major,,West,Bicycle,Stopped,,,,,,"Motorist without ROW drives into path of cyclist at inter, lnwy, dwy-Driver not turn.",Driving Properly,Normal,,Yes,Yes,,,,,,,Yes,Yes,,,164,Wellington Place,77,Waterfront Communities-The Island (77),D14,629062.86013057,4834027.60094403
885,7802013,1349064,3/2/2013 5:00:00 AM,1107,ENCHANTED HILLS Cres,WILDERNESS Dr,,Local,Scarborough,43.829145,-79.27609,At Intersection,Stop Sign,Clear,Daylight,Dry,Non-Fatal Injury,Cyclist Collisions,Vehicle Owner,unknown,,,,Other,,,,,,,,,,,Yes,Yes,,,,,,,,,,,130,Milliken,130,Milliken (130),D42,638610.124492435,4854339.95895376
886,7802014,1349064,3/2/2013 5:00:00 AM,1107,ENCHANTED HILLS Cres,WILDERNESS Dr,,Local,Scarborough,43.829145,-79.27609,At Intersection,Stop Sign,Clear,Daylight,Dry,Non-Fatal Injury,Cyclist Collisions,Driver,55 to 59,None,,East,"Automobile, Station Wagon",Turning Left,Improper Turn,Inattentive,,,,,,,,Yes,Yes,,,,,,,,,,,130,Milliken,130,Milliken (130),D42,638610.124492435,4854339.95895376
887,7802015,1349064,3/2/2013 5:00:00 AM,1107,ENCHANTED HILLS Cres,WILDERNESS Dr,,Local,Scarborough,43.829145,-79.27609,At Intersection,Stop Sign,Clear,Daylight,Dry,Non-Fatal Injury,Cyclist Collisions,Cyclist,55 to 59,Major,,South,Bicycle,Going Ahead,,,,,,Motorist turned left across cyclists path.,Driving Properly,Normal,,Yes,Yes,,,,,,,,,,,130,Milliken,130,Milliken (130),D42,638610.124492435,4854339.95895376
888,7811254,1353008,3/8/2013 5:00:00 AM,1815,DUNDAS ST E,CRAVEN RD,,Minor Arterial,Toronto and East York,43.668445,-79.31959,At Intersection,Stop Sign,Clear,Dusk,Dry,Non-Fatal Injury,Cyclist Collisions,Vehicle Owner,unknown,,,,Other,,,,,,,,,,,Yes,Yes,,,,,,,,,,,65,Greenwood-Coxwell,65,Greenwood-Coxwell (65),D55,635474.570482015,4836419.82816746
889,7811255,1353008,3/8/2013 5:00:00 AM,1815,DUNDAS ST E,CRAVEN RD,,Minor Arterial,Toronto and East York,43.668445,-79.31959,At Intersection,Stop Sign,Clear,Dusk,Dry,Non-Fatal Injury,Cyclist Collisions,Driver,50 to 54,None,,North,"Automobile, Station Wagon",Going Ahead,Driving Properly,Normal,,,,,,,,Yes,Yes,,,,,,,,,,,65,Greenwood-Coxwell,65,Greenwood-Coxwell (65),D55,635474.570482015,4836419.82816746
890,7811256,1353008,3/8/2013 5:00:00 AM,1815,DUNDAS ST E,CRAVEN RD,,Minor Arterial,Toronto and East York,43.668445,-79.31959,At Intersection,Stop Sign,Clear,Dusk,Dry,Non-Fatal Injury,Cyclist Collisions,Cyclist,30 to 34,Major,,West,Bicycle,Going Ahead,,,,,,"Cyclist without ROW rides into path of motorist at inter, lnwy, dwy-Cyclist not turn.",Wrong Way on One Way Road,Normal,,Yes,Yes,,,,,,,,,,,65,Greenwood-Coxwell,65,Greenwood-Coxwell (65),D55,635474.570482015,4836419.82816746
891,7793634,1345603,3/10/2013 5:00:00 AM,400,BLOOR ST W,ST HELENS AVE,,Major Arterial,Toronto and East York,43.658045,-79.44399,At Intersection,Stop Sign,Clear,"Dark, artificial",Dry,Non-Fatal Injury,Cyclist Collisions,Passenger,20 to 24,Minimal,,,Other,,,,,,,,,,,Yes,Yes,,,,,Yes,,,,,,83,Dufferin Grove,83,Dufferin Grove (83),D11,625467.010488645,4835069.13494581
892,7793635,1345603,3/10/2013 5:00:00 AM,400,BLOOR ST W,ST HELENS AVE,,Major Arterial,Toronto and East York,43.658045,-79.44399,At Intersection,Stop Sign,Clear,"Dark, artificial",Dry,Non-Fatal Injury,Cyclist Collisions,Driver,30 to 34,None,,West,"Automobile, Station Wagon",Going Ahead,Driving Properly,Normal,,,,,,,,Yes,Yes,,,,,Yes,,,,,,83,Dufferin Grove,83,Dufferin Grove (83),D11,625467.010488645,4835069.13494581
893,7793636,1345603,3/10/2013 5:00:00 AM,400,BLOOR ST W,ST HELENS AVE,,Major Arterial,Toronto and East York,43.658045,-79.44399,At Intersection,Stop Sign,Clear,"Dark, artificial",Dry,Non-Fatal Injury,Cyclist Collisions,Cyclist,20 to 24,Major,,North,Bicycle,Turning Right,,,,,,Cyclist turns right across motorists path,Improper Turn,Other,,Yes,Yes,,,,,Yes,,,,,,83,Dufferin Grove,83,Dufferin Grove (83),D11,625467.010488645,4835069.13494581
894,7796511,1346813,3/16/2013 4:00:00 AM,1252,WARDEN AVE,STEELES AVE E,,Major Arterial,Scarborough,43.819645,-79.32439,,Traffic Signal,Clear,Daylight,Dry,Non-Fatal Injury,Cyclist Collisions,Driver,30 to 34,None,,South,"Automobile, Station Wagon",Turning Right,Improper Turn,Normal,,,,,,,,Yes,Yes,,,,,,,,,,,NSA,NSA,NSA,NSA,D42,634747.921076628,4853205.01960569
895,7796512,1346813,3/16/2013 4:00:00 AM,1252,WARDEN AVE,STEELES AVE E,,Major Arterial,Scarborough,43.819645,-79.32439,,Traffic Signal,Clear,Daylight,Dry,Non-Fatal Injury,Cyclist Collisions,Cyclist,65 to 69,Major,,East,Bicycle,Going Ahead,,,,,,Motorist turning right on green or amber at signalized intersection strikes cyclist.,Other,Normal,,Yes,Yes,,,,,,,,,,,NSA,NSA,NSA,NSA,D42,634747.921076628,4853205.01960569
896,7806052,1350739,3/21/2013 4:00:00 AM,1315,QUEEN ST W,BATHURST ST,,Major Arterial,Toronto and East York,43.647116,-79.403972,At Intersection,Traffic Signal,Clear,Daylight,Wet,Non-Fatal Injury,Cyclist Collisions,Vehicle Owner,unknown,,,,,,,,,,,,,,,Yes,,,Yes,,,,,,,,,164,Wellington Place,77,Waterfront Communities-The Island (77),D14,628717.192111638,4833916.61732372
897,7806053,1350739,3/21/2013 4:00:00 AM,1315,QUEEN ST W,BATHURST ST,,Major Arterial,Toronto and East York,43.647116,-79.403972,At Intersection,Traffic Signal,Clear,Daylight,Wet,Non-Fatal Injury,Cyclist Collisions,Truck Driver,35 to 39,None,,East,Truck-Tractor,Turning Right,Driving Properly,Normal,,,,,,,,Yes,,,Yes,,,,,,,,,164,Wellington Place,77,Waterfront Communities-The Island (77),D14,628717.192111638,4833916.61732372
898,7806054,1350739,3/21/2013 4:00:00 AM,1315,QUEEN ST W,BATHURST ST,,Major Arterial,Toronto and East York,43.647116,-79.403972,At Intersection,Traffic Signal,Clear,Daylight,Wet,Non-Fatal Injury,Cyclist Collisions,Other,unknown,None,,,,,,,,,,,,,,Yes,,,Yes,,,,,,,,,164,Wellington Place,77,Waterfront Communities-The Island (77),D14,628717.192111638,4833916.61732372
899,7806055,1350739,3/21/2013 4:00:00 AM,1315,QUEEN ST W,BATHURST ST,,Major Arterial,Toronto and East York,43.647116,-79.403972,At Intersection,Traffic Signal,Clear,Daylight,Wet,Non-Fatal Injury,Cyclist Collisions,Cyclist,20 to 24,Major,,West,Bicycle,Going Ahead,,,,,,"Motorist without ROW drives into path of cyclist at inter, lnwy, dwy-Driver not turn.",Failed to Yield Right of Way,Normal,,Yes,,,Yes,,,,,,,,,164,Wellington Place,77,Waterfront Communities-The Island (77),D14,628717.192111638,4833916.61732372
900,7805821,1350654,3/30/2013 4:00:00 AM,1214,JANE ST,DALRYMPLE DR,,Major Arterial,Etobicoke York,43.677233,-79.496135,At Intersection,No Control,Clear,Daylight,Dry,Non-Fatal Injury,Cyclist Collisions,Driver,unknown,None,,North,"Automobile, Station Wagon",Turning Left,Failed to Yield Right of Way,Unknown,,,,,,,,Yes,Yes,,,,,,,Yes,,,,111,Rockcliffe-Smythe,111,Rockcliffe-Smythe (111),D12,621223.692409047,4837122.68629041
901,7805822,1350654,3/30/2013 4:00:00 AM,1214,JANE ST,DALRYMPLE DR,,Major Arterial,Etobicoke York,43.677233,-79.496135,At Intersection,No Control,Clear,Daylight,Dry,Non-Fatal Injury,Cyclist Collisions,Cyclist,40 to 44,Major,,South,Bicycle,Going Ahead,,,,,,Motorist turned left across cyclists path.,Driving Properly,Normal,,Yes,Yes,,,,,,,Yes,,,,111,Rockcliffe-Smythe,111,Rockcliffe-Smythe (111),D12,621223.692409047,4837122.68629041
902,7812849,1353734,4/4/2013 4:00:00 AM,2000,QUEEN St W,SPADINA Ave,,Major Arterial,Toronto and East York,43.648944,-79.395587,,No Control,Clear,"Dusk, artificial",Dry,Non-Fatal Injury,Approaching,Vehicle Owner,unknown,,,,,,,,,,,,,,,Yes,,,,Yes,,Yes,,,,,,78,Kensington-Chinatown,78,Kensington-Chinatown (78),D52,629389.51138183,4834132.67996906
903,7812850,1353734,4/4/2013 4:00:00 AM,2000,QUEEN St W,SPADINA Ave,,Major Arterial,Toronto and East York,43.648944,-79.395587,,No Control,Clear,"Dusk, artificial",Dry,Non-Fatal Injury,Approaching,Driver,25 to 29,None,,West,Street Car,Going Ahead,Driving Properly,Normal,,,,,,,,Yes,,,,Yes,,Yes,,,,,,78,Kensington-Chinatown,78,Kensington-Chinatown (78),D52,629389.51138183,4834132.67996906
904,7812851,1353734,4/4/2013 4:00:00 AM,2000,QUEEN St W,SPADINA Ave,,Major Arterial,Toronto and East York,43.648944,-79.395587,,No Control,Clear,"Dusk, artificial",Dry,Non-Fatal Injury,Approaching,Passenger,55 to 59,Minor,,,,,,,,,,,,,,Yes,,,,Yes,,Yes,,,,,,78,Kensington-Chinatown,78,Kensington-Chinatown (78),D52,629389.51138183,4834132.67996906
905,7812852,1353734,4/4/2013 4:00:00 AM,2000,QUEEN St W,SPADINA Ave,,Major Arterial,Toronto and East York,43.648944,-79.395587,,No Control,Clear,"Dusk, artificial",Dry,Non-Fatal Injury,Approaching,Moped Driver,55 to 59,Major,,East,Moped,Going Ahead,,,,,,,,,,Yes,,,,Yes,,Yes,,,,,,78,Kensington-Chinatown,78,Kensington-Chinatown (78),D52,629389.51138183,4834132.67996906
906,7814391,1354394,4/5/2013 4:00:00 AM,2259,BLOOR ST W,MARGUERETTA ST,,Major Arterial,Toronto and East York,43.658946,-79.439693,At Intersection,No Control,Clear,Dark,Dry,Non-Fatal Injury,Cyclist Collisions,Driver,unknown,None,,West,"Automobile, Station Wagon",Going Ahead,Improper Passing,Unknown,,,,,,,,Yes,Yes,,,,,,,Yes,,,,83,Dufferin Grove,83,Dufferin Grove (83),D11,625811.615508618,4835175.70940491
907,7814392,1354394,4/5/2013 4:00:00 AM,2259,BLOOR ST W,MARGUERETTA ST,,Major Arterial,Toronto and East York,43.658946,-79.439693,At Intersection,No Control,Clear,Dark,Dry,Non-Fatal Injury,Cyclist Collisions,Cyclist,35 to 39,Major,,West,Bicycle,Going Ahead,,,,,,Cyclist and Driver travelling in same direction. One vehicle rear-ended the other.,,,,Yes,Yes,,,,,,,Yes,,,,83,Dufferin Grove,83,Dufferin Grove (83),D11,625811.615508618,4835175.70940491
908,7813700,1354069,4/8/2013 4:00:00 AM,1722,JARVIS ST,EARL PL,,Major Arterial,Toronto and East York,43.667945,-79.37899,,Traffic Signal,Clear,Daylight,Wet,Non-Fatal Injury,Cyclist Collisions,Driver,50 to 54,None,,North,"Automobile, Station Wagon",Going Ahead,Driving Properly,Normal,,,,,,,,Yes,Yes,,,,,,,,,,,74,North St.James Town,74,North St.James Town (74),D51,630686.778697654,4836269.00457347