OBJECTID,INDEX,ACCNUM,DATE,TIME,STREET1,STREET2,OFFSET,ROAD_CLASS,DISTRICT,LATITUDE,LONGITUDE,ACCLOC,TRAFFCTL,VISIBILITY,LIGHT,RDSFCOND,ACCLASS,IMPACTYPE,INVTYPE,INVAGE,INJURY,FATAL_NO,INITDIR,VEHTYPE,MANOEUVER,DRIVACT,DRIVCOND,PEDTYPE,PEDACT,PEDCOND,CYCLISTYPE,CYCACT,CYCCOND,PEDESTRIAN,CYCLIST,AUTOMOBILE,MOTORCYCLE,TRUCK,TRSN_CITY_VEH,EMERG_VEH,PASSENGER,SPEEDING,AG_DRIV,REDLIGHT,ALCOHOL,DISABILITY,HOOD_158,NEIGHBOURHOOD_158,HOOD_140,NEIGHBOURHOOD_140,DIVISION,x,y
909,7813701,1354069,4/8/2013 4:00:00 AM,1722,JARVIS ST,EARL PL,,Major Arterial,Toronto and East York,43.667945,-79.37899,,Traffic Signal,Clear,Daylight,Wet,Non-Fatal Injury,Cyclist Collisions,Driver,50 to 54,None,,North,"Automobile, Station Wagon",Going Ahead,Driving Properly,Normal,,,,,,,,Yes,Yes,,,,,,,,,,,74,North St.James Town,74,North St.James Town (74),D51,630686.778697654,4836269.00457347
910,7813702,1354069,4/8/2013 4:00:00 AM,1722,JARVIS ST,EARL PL,,Major Arterial,Toronto and East York,43.667945,-79.37899,,Traffic Signal,Clear,Daylight,Wet,Non-Fatal Injury,Cyclist Collisions,Cyclist,20 to 24,Major,,North,Bicycle,Changing Lanes,,,,,,Cyclist and Driver travelling in same direction. One vehicle sideswipes the other.,Improper Lane Change,Inattentive,,Yes,Yes,,,,,,,,,,,74,North St.James Town,74,North St.James Town (74),D51,630686.778697654,4836269.00457347
911,7807807,1351458,4/12/2013 4:00:00 AM,2110,STEELES Ave E,BIRCHMOUNT Rd,,Major Arterial,Scarborough,43.821345,-79.31689,At Intersection,Traffic Signal,Clear,"Dark, artificial",Wet,Non-Fatal Injury,Cyclist Collisions,Driver,45 to 49,Minor,,West,"Automobile, Station Wagon",Turning Left,Failed to Yield Right of Way,Normal,,,,,,,,Yes,Yes,,,,,Yes,,Yes,,,,116,Steeles,116,Steeles (116),D42,635347.214848062,4853406.07602718
912,7807808,1351458,4/12/2013 4:00:00 AM,2110,STEELES Ave E,BIRCHMOUNT Rd,,Major Arterial,Scarborough,43.821345,-79.31689,At Intersection,Traffic Signal,Clear,"Dark, artificial",Wet,Non-Fatal Injury,Cyclist Collisions,Passenger,25 to 29,Minimal,,,Other,,,,,,,,,,,Yes,Yes,,,,,Yes,,Yes,,,,116,Steeles,116,Steeles (116),D42,635347.214848062,4853406.07602718
913,7807809,1351458,4/12/2013 4:00:00 AM,2110,STEELES Ave E,BIRCHMOUNT Rd,,Major Arterial,Scarborough,43.821345,-79.31689,At Intersection,Traffic Signal,Clear,"Dark, artificial",Wet,Non-Fatal Injury,Cyclist Collisions,Passenger,25 to 29,Minimal,,,Other,,,,,,,,,,,Yes,Yes,,,,,Yes,,Yes,,,,116,Steeles,116,Steeles (116),D42,635347.214848062,4853406.07602718
914,7807810,1351458,4/12/2013 4:00:00 AM,2110,STEELES Ave E,BIRCHMOUNT Rd,,Major Arterial,Scarborough,43.821345,-79.31689,At Intersection,Traffic Signal,Clear,"Dark, artificial",Wet,Non-Fatal Injury,Cyclist Collisions,Driver,20 to 24,Minimal,,East,"Automobile, Station Wagon",Going Ahead,Driving Properly,Normal,,,,,,,,Yes,Yes,,,,,Yes,,Yes,,,,116,Steeles,116,Steeles (116),D42,635347.214848062,4853406.07602718
915,7807811,1351458,4/12/2013 4:00:00 AM,2110,STEELES Ave E,BIRCHMOUNT Rd,,Major Arterial,Scarborough,43.821345,-79.31689,At Intersection,Traffic Signal,Clear,"Dark, artificial",Wet,Non-Fatal Injury,Cyclist Collisions,Cyclist,55 to 59,Major,,East,Bicycle,Going Ahead,,,,,,Insufficient information (to determine cyclist crash type).,Driving Properly,Normal,,Yes,Yes,,,,,Yes,,Yes,,,,116,Steeles,116,Steeles (116),D42,635347.214848062,4853406.07602718
916,7808065,1351606,4/13/2013 4:00:00 AM,1846,KENNEDY RD,401 C E KENNEDY RAMP RD E,,Major Arterial,Scarborough,43.773146,-79.283893,At Intersection,Traffic Signal,Clear,Dusk,Dry,Fatal,Cyclist Collisions,Driver,40 to 44,None,,South,"Automobile, Station Wagon",Going Ahead,Driving Properly,Normal,,,,,,,,Yes,Yes,,,,,Yes,Yes,Yes,Yes,Yes,,126,Dorset Park,126,Dorset Park (126),D41,638111.700385215,4848107.32355604
917,7808066,1351606,4/13/2013 4:00:00 AM,1846,KENNEDY RD,401 C E KENNEDY RAMP RD E,,Major Arterial,Scarborough,43.773146,-79.283893,At Intersection,Traffic Signal,Clear,Dusk,Dry,Fatal,Cyclist Collisions,Driver,75 to 79,None,,South,"Automobile, Station Wagon",Going Ahead,Driving Properly,Normal,,,,,,,,Yes,Yes,,,,,Yes,Yes,Yes,Yes,Yes,,126,Dorset Park,126,Dorset Park (126),D41,638111.700385215,4848107.32355604
918,7808067,1351606,4/13/2013 4:00:00 AM,1846,KENNEDY RD,401 C E KENNEDY RAMP RD E,,Major Arterial,Scarborough,43.773146,-79.283893,At Intersection,Traffic Signal,Clear,Dusk,Dry,Fatal,Cyclist Collisions,Passenger,20 to 24,Minimal,,,,,,,,,,,,,,Yes,Yes,,,,,Yes,Yes,Yes,Yes,Yes,,126,Dorset Park,126,Dorset Park (126),D41,638111.700385215,4848107.32355604
919,7808068,1351606,4/13/2013 4:00:00 AM,1846,KENNEDY RD,401 C E KENNEDY RAMP RD E,,Major Arterial,Scarborough,43.773146,-79.283893,At Intersection,Traffic Signal,Clear,Dusk,Dry,Fatal,Cyclist Collisions,Passenger,20 to 24,Minor,,,,,,,,,,,,,,Yes,Yes,,,,,Yes,Yes,Yes,Yes,Yes,,126,Dorset Park,126,Dorset Park (126),D41,638111.700385215,4848107.32355604
920,7808069,1351606,4/13/2013 4:00:00 AM,1846,KENNEDY RD,401 C E KENNEDY RAMP RD E,,Major Arterial,Scarborough,43.773146,-79.283893,At Intersection,Traffic Signal,Clear,Dusk,Dry,Fatal,Cyclist Collisions,Driver,20 to 24,Minor,,North,"Automobile, Station Wagon",Stopped,Driving Properly,Normal,,,,,,,,Yes,Yes,,,,,Yes,Yes,Yes,Yes,Yes,,126,Dorset Park,126,Dorset Park (126),D41,638111.700385215,4848107.32355604
921,7808070,1351606,4/13/2013 4:00:00 AM,1846,KENNEDY RD,401 C E KENNEDY RAMP RD E,,Major Arterial,Scarborough,43.773146,-79.283893,At Intersection,Traffic Signal,Clear,Dusk,Dry,Fatal,Cyclist Collisions,Driver,45 to 49,None,,East,"Automobile, Station Wagon",Going Ahead,Disobeyed Traffic Control,"Ability Impaired, Alcohol Over .08",,,,,,,,Yes,Yes,,,,,Yes,Yes,Yes,Yes,Yes,,126,Dorset Park,126,Dorset Park (126),D41,638111.700385215,4848107.32355604
922,7808071,1351606,4/13/2013 4:00:00 AM,1846,KENNEDY RD,401 C E KENNEDY RAMP RD E,,Major Arterial,Scarborough,43.773146,-79.283893,At Intersection,Traffic Signal,Clear,Dusk,Dry,Fatal,Cyclist Collisions,Driver,25 to 29,Minor,,South,"Automobile, Station Wagon",Going Ahead,Driving Properly,Normal,,,,,,,,Yes,Yes,,,,,Yes,Yes,Yes,Yes,Yes,,126,Dorset Park,126,Dorset Park (126),D41,638111.700385215,4848107.32355604
923,7808072,1351606,4/13/2013 4:00:00 AM,1846,KENNEDY RD,401 C E KENNEDY RAMP RD E,,Major Arterial,Scarborough,43.773146,-79.283893,At Intersection,Traffic Signal,Clear,Dusk,Dry,Fatal,Cyclist Collisions,Passenger,50 to 54,Major,,,,,,,,,,,,,,Yes,Yes,,,,,Yes,Yes,Yes,Yes,Yes,,126,Dorset Park,126,Dorset Park (126),D41,638111.700385215,4848107.32355604
924,7808073,1351606,4/13/2013 4:00:00 AM,1846,KENNEDY RD,401 C E KENNEDY RAMP RD E,,Major Arterial,Scarborough,43.773146,-79.283893,At Intersection,Traffic Signal,Clear,Dusk,Dry,Fatal,Cyclist Collisions,Driver,25 to 29,None,,South,"Automobile, Station Wagon",Going Ahead,Driving Properly,Normal,,,,,,,,Yes,Yes,,,,,Yes,Yes,Yes,Yes,Yes,,126,Dorset Park,126,Dorset Park (126),D41,638111.700385215,4848107.32355604
925,7808074,1351606,4/13/2013 4:00:00 AM,1846,KENNEDY RD,401 C E KENNEDY RAMP RD E,,Major Arterial,Scarborough,43.773146,-79.283893,At Intersection,Traffic Signal,Clear,Dusk,Dry,Fatal,Cyclist Collisions,Cyclist,35 to 39,Fatal,10,North,Bicycle,Going Ahead,,,,,,"Motorist without ROW drives into path of cyclist at inter, lnwy, dwy-Driver not turn.",Driving Properly,Unknown,,Yes,Yes,,,,,Yes,Yes,Yes,Yes,Yes,,126,Dorset Park,126,Dorset Park (126),D41,638111.700385215,4848107.32355604
926,7820784,1357155,4/23/2013 4:00:00 AM,1800,JANE ST,FOXWELL ST,,Major Arterial,Etobicoke York,43.671645,-79.493686,At Intersection,Traffic Signal,Clear,Daylight,Dry,Non-Fatal Injury,Cyclist Collisions,Driver,50 to 54,None,,South,"Automobile, Station Wagon",Going Ahead,Driving Properly,Normal,,,,,,,,Yes,Yes,,,,,,,,,,,111,Rockcliffe-Smythe,111,Rockcliffe-Smythe (111),D12,621432.373238173,4836505.64683708
927,7820785,1357155,4/23/2013 4:00:00 AM,1800,JANE ST,FOXWELL ST,,Major Arterial,Etobicoke York,43.671645,-79.493686,At Intersection,Traffic Signal,Clear,Daylight,Dry,Non-Fatal Injury,Cyclist Collisions,Cyclist,20 to 24,Major,,North,Bicycle,Turning Left,,,,,,Cyclist turned left across motorists path.,Other,Unknown,,Yes,Yes,,,,,,,,,,,111,Rockcliffe-Smythe,111,Rockcliffe-Smythe (111),D12,621432.373238173,4836505.64683708
928,7830521,1361387,5/5/2013 4:00:00 AM,1425,8 GARDEN PARK AVE,,,Local,Scarborough,43.785245,-79.27169,,No Control,Clear,Daylight,Dry,Non-Fatal Injury,Cyclist Collisions,Driver,65 to 69,None,,South,"Automobile, Station Wagon",Going Ahead,Driving Properly,Normal,,,,,,,,Yes,Yes,,,,,,,,,,,128,Agincourt South-Malvern West,128,Agincourt South-Malvern West (128),D42,639065.75083486,4849471.53593707
929,7830522,1361387,5/5/2013 4:00:00 AM,1425,8 GARDEN PARK AVE,,,Local,Scarborough,43.785245,-79.27169,,No Control,Clear,Daylight,Dry,Non-Fatal Injury,Cyclist Collisions,Cyclist,5 to 9,Major,,East,Bicycle,Going Ahead,,,,,,Cyclist rode off sidewalk into road at midblock.,Failed to Yield Right of Way,Inattentive,,Yes,Yes,,,,,,,,,,,128,Agincourt South-Malvern West,128,Agincourt South-Malvern West (128),D42,639065.75083486,4849471.53593707
930,7831270,1361719,5/7/2013 4:00:00 AM,948,WOODBINE AVE,MORTIMER AVE,,Major Arterial,Toronto and East York,43.692645,-79.315791,,No Control,Clear,Daylight,Dry,Non-Fatal Injury,Cyclist Collisions,Vehicle Owner,unknown,,,,,,,,,,,,,,,Yes,Yes,,,,,,,,,,,60,Woodbine-Lumsden,60,Woodbine-Lumsden (60),D55,635726.268864054,4839113.78414593
931,7831271,1361719,5/7/2013 4:00:00 AM,948,WOODBINE AVE,MORTIMER AVE,,Major Arterial,Toronto and East York,43.692645,-79.315791,,No Control,Clear,Daylight,Dry,Non-Fatal Injury,Cyclist Collisions,Driver,55 to 59,None,,South,"Automobile, Station Wagon",Going Ahead,Driving Properly,Normal,,,,,,,,Yes,Yes,,,,,,,,,,,60,Woodbine-Lumsden,60,Woodbine-Lumsden (60),D55,635726.268864054,4839113.78414593
932,7831272,1361719,5/7/2013 4:00:00 AM,948,WOODBINE AVE,MORTIMER AVE,,Major Arterial,Toronto and East York,43.692645,-79.315791,,No Control,Clear,Daylight,Dry,Non-Fatal Injury,Cyclist Collisions,Cyclist,20 to 24,Major,,South,Bicycle,Going Ahead,,,,,,"Cyclist loses control and strikes object (pole, ttc track)",Lost control,Normal,,Yes,Yes,,,,,,,,,,,60,Woodbine-Lumsden,60,Woodbine-Lumsden (60),D55,635726.268864054,4839113.78414593
933,7816203,1355187,5/7/2013 4:00:00 AM,2100,LAWRENCE AVE E,KINGSTON RD,,Major Arterial,Scarborough,43.767646,-79.189586,At Intersection,Traffic Signal,Clear,"Dark, artificial",Dry,Non-Fatal Injury,Cyclist Collisions,Vehicle Owner,unknown,,,,Other,,,,,,,,,,,Yes,,,,Yes,,,,,,,,136,West Hill,136,West Hill (136),D43,645714.944656778,4847658.10236587
934,7816204,1355187,5/7/2013 4:00:00 AM,2100,LAWRENCE AVE E,KINGSTON RD,,Major Arterial,Scarborough,43.767646,-79.189586,At Intersection,Traffic Signal,Clear,"Dark, artificial",Dry,Non-Fatal Injury,Cyclist Collisions,Driver,35 to 39,None,,East,Municipal Transit Bus (TTC),Going Ahead,Driving Properly,Normal,,,,,,,,Yes,,,,Yes,,,,,,,,136,West Hill,136,West Hill (136),D43,645714.944656778,4847658.10236587
935,7816205,1355187,5/7/2013 4:00:00 AM,2100,LAWRENCE AVE E,KINGSTON RD,,Major Arterial,Scarborough,43.767646,-79.189586,At Intersection,Traffic Signal,Clear,"Dark, artificial",Dry,Non-Fatal Injury,Cyclist Collisions,Cyclist,10 to 14,Major,,North,Bicycle,Going Ahead,,,,,,"Cyclist without ROW rides into path of motorist at inter, lnwy, dwy-Cyclist not turn.",Disobeyed Traffic Control,Inattentive,,Yes,,,,Yes,,,,,,,,136,West Hill,136,West Hill (136),D43,645714.944656778,4847658.10236587
936,7835555,1363588,5/13/2013 4:00:00 AM,1830,BORDEN ST,BLOOR ST W,,Major Arterial,Toronto and East York,43.665645,-79.40869,,No Control,Clear,Daylight,Dry,Non-Fatal Injury,SMV Other,Driver - Not Hit,unknown,,,,"Automobile, Station Wagon",,,,,,,,,,,Yes,Yes,,,,,,,Yes,,,,79,University,79,University (79),D14,628297.222752628,4835967.19962182
937,7835556,1363588,5/13/2013 4:00:00 AM,1830,BORDEN ST,BLOOR ST W,,Major Arterial,Toronto and East York,43.665645,-79.40869,,No Control,Clear,Daylight,Dry,Non-Fatal Injury,SMV Other,Moped Driver,40 to 44,Major,,North,Moped,Going Ahead,Failed to Yield Right of Way,Normal,,,,,,,,Yes,Yes,,,,,,,Yes,,,,79,University,79,University (79),D14,628297.222752628,4835967.19962182
938,7835237,1363452,5/20/2013 4:00:00 AM,1040,LAKE SHORE BLVD W,REES ST,,Major Arterial,Toronto and East York,43.639945,-79.38699,At Intersection,Traffic Signal,Clear,Daylight,Dry,Non-Fatal Injury,Cyclist Collisions,Driver,35 to 39,None,,East,"Automobile, Station Wagon",Turning Right,Improper Turn,Inattentive,,,,,,,,Yes,Yes,,,,,,,,,,,165,Harbourfront-CityPlace,77,Waterfront Communities-The Island (77),D52,630102.257213244,4833146.66419292
939,7835238,1363452,5/20/2013 4:00:00 AM,1040,LAKE SHORE BLVD W,REES ST,,Major Arterial,Toronto and East York,43.639945,-79.38699,At Intersection,Traffic Signal,Clear,Daylight,Dry,Non-Fatal Injury,Cyclist Collisions,Cyclist,50 to 54,Major,,East,Bicycle,Going Ahead,,,,,,"Cyclist without ROW rides into path of motorist at inter, lnwy, dwy-Cyclist not turn.",Disobeyed Traffic Control,Inattentive,,Yes,Yes,,,,,,,,,,,165,Harbourfront-CityPlace,77,Waterfront Communities-The Island (77),D52,630102.257213244,4833146.66419292
940,7840756,1365804,5/23/2013 4:00:00 AM,1850,GERRARD St E,BROADVIEW Ave,,Minor Arterial,Toronto and East York,43.665745,-79.35139,,No Control,Clear,Daylight,Dry,Non-Fatal Injury,Cyclist Collisions,Driver,50 to 54,None,,East,"Automobile, Station Wagon",Parked,Failed to Yield Right of Way,Normal,,,,,,,,Yes,Yes,,,,,,,Yes,,,,68,North Riverdale,68,North Riverdale (68),D55,632916.786731185,4836068.5151471
941,7840757,1365804,5/23/2013 4:00:00 AM,1850,GERRARD St E,BROADVIEW Ave,,Minor Arterial,Toronto and East York,43.665745,-79.35139,,No Control,Clear,Daylight,Dry,Non-Fatal Injury,Cyclist Collisions,Cyclist,35 to 39,Major,,East,Bicycle,Going Ahead,,,,,,Cyclist struck opened vehicle door,Driving Properly,Normal,,Yes,Yes,,,,,,,Yes,,,,68,North Riverdale,68,North Riverdale (68),D55,632916.786731185,4836068.5151471
942,7842401,1366444,6/2/2013 4:00:00 AM,535,BATHURST ST,ROBINSON ST,,Major Arterial,Toronto and East York,43.648845,-79.40459,At Intersection,Traffic Signal,Rain,"Dawn, artificial",Wet,Non-Fatal Injury,Cyclist Collisions,Vehicle Owner,unknown,,,,Other,,,,,,,,,,,Yes,Yes,,,,,,,Yes,,,,78,Kensington-Chinatown,78,Kensington-Chinatown (78),D14,628663.659229504,4834107.6869316
943,7842402,1366444,6/2/2013 4:00:00 AM,535,BATHURST ST,ROBINSON ST,,Major Arterial,Toronto and East York,43.648845,-79.40459,At Intersection,Traffic Signal,Rain,"Dawn, artificial",Wet,Non-Fatal Injury,Cyclist Collisions,Driver,25 to 29,None,,North,"Automobile, Station Wagon",Turning Left,Failed to Yield Right of Way,Normal,,,,,,,,Yes,Yes,,,,,,,Yes,,,,78,Kensington-Chinatown,78,Kensington-Chinatown (78),D14,628663.659229504,4834107.6869316
944,7842403,1366444,6/2/2013 4:00:00 AM,535,BATHURST ST,ROBINSON ST,,Major Arterial,Toronto and East York,43.648845,-79.40459,At Intersection,Traffic Signal,Rain,"Dawn, artificial",Wet,Non-Fatal Injury,Cyclist Collisions,Cyclist,35 to 39,Major,,South,Bicycle,Going Ahead,,,,,,Motorist turned left across cyclists path.,Driving Properly,Normal,,Yes,Yes,,,,,,,Yes,,,,78,Kensington-Chinatown,78,Kensington-Chinatown (78),D14,628663.659229504,4834107.6869316
945,7825626,1359211,6/3/2013 4:00:00 AM,1309,EGLINTON AVE W,PARK HILL RD,,Major Arterial,North York,43.698445,-79.43729,At Intersection,No Control,Clear,Daylight,Dry,Non-Fatal Injury,Cyclist Collisions,Vehicle Owner,unknown,,,,Other,,,,,,,,,,,Yes,,,,Yes,,,,,,,,107,Oakwood Village,107,Oakwood Village (107),D13,625922.725022898,4839566.25236263
946,7825627,1359211,6/3/2013 4:00:00 AM,1309,EGLINTON AVE W,PARK HILL RD,,Major Arterial,North York,43.698445,-79.43729,At Intersection,No Control,Clear,Daylight,Dry,Non-Fatal Injury,Cyclist Collisions,Driver,50 to 54,None,,East,Municipal Transit Bus (TTC),Going Ahead,Driving Properly,Normal,,,,,,,,Yes,,,,Yes,,,,,,,,107,Oakwood Village,107,Oakwood Village (107),D13,625922.725022898,4839566.25236263
947,7825628,1359211,6/3/2013 4:00:00 AM,1309,EGLINTON AVE W,PARK HILL RD,,Major Arterial,North York,43.698445,-79.43729,At Intersection,No Control,Clear,Daylight,Dry,Non-Fatal Injury,Cyclist Collisions,Cyclist,45 to 49,Major,,West,Bicycle,Overtaking,,,,,,Insufficient information (to determine cyclist crash type).,Improper Passing,Normal,,Yes,,,,Yes,,,,,,,,107,Oakwood Village,107,Oakwood Village (107),D13,625922.725022898,4839566.25236263
948,7826019,1359371,6/4/2013 4:00:00 AM,1120,THE QUEENSWAY,ATOMIC AVE,,Major Arterial,Etobicoke York,43.617445,-79.54199,,No Control,Clear,Daylight,Dry,Non-Fatal Injury,Cyclist Collisions,Vehicle Owner,unknown,,,,Other,,,,,,,,,,,Yes,Yes,,,,,,,,,,,159,Etobicoke City Centre,14,Islington-City Centre West (14),D22,617644.032705819,4830416.47850114
949,7826020,1359371,6/4/2013 4:00:00 AM,1120,THE QUEENSWAY,ATOMIC AVE,,Major Arterial,Etobicoke York,43.617445,-79.54199,,No Control,Clear,Daylight,Dry,Non-Fatal Injury,Cyclist Collisions,Driver,25 to 29,None,,East,"Automobile, Station Wagon",Going Ahead,Driving Properly,Normal,,,,,,,,Yes,Yes,,,,,,,,,,,159,Etobicoke City Centre,14,Islington-City Centre West (14),D22,617644.032705819,4830416.47850114
950,7826021,1359371,6/4/2013 4:00:00 AM,1120,THE QUEENSWAY,ATOMIC AVE,,Major Arterial,Etobicoke York,43.617445,-79.54199,,No Control,Clear,Daylight,Dry,Non-Fatal Injury,Cyclist Collisions,Cyclist,65 to 69,Major,,East,Bicycle,Changing Lanes,,,,,,Cyclist and Driver travelling in same direction. One vehicle sideswipes the other.,Improper Lane Change,Normal,,Yes,Yes,,,,,,,,,,,159,Etobicoke City Centre,14,Islington-City Centre West (14),D22,617644.032705819,4830416.47850114
951,7844809,1367433,6/4/2013 4:00:00 AM,2104,YONGE ST,SHUTER ST,,Major Arterial,Toronto and East York,43.654045,-79.37999,,Traffic Signal,Clear,"Dark, artificial",Dry,Non-Fatal Injury,Cyclist Collisions,Vehicle Owner,unknown,,,,Other,,,,,,,,,,,Yes,Yes,,,,,,,,,,,170,Yonge-Bay Corridor,76,Bay Street Corridor (76),D52,630636.300566738,4834723.64968509
952,7844810,1367433,6/4/2013 4:00:00 AM,2104,YONGE ST,SHUTER ST,,Major Arterial,Toronto and East York,43.654045,-79.37999,,Traffic Signal,Clear,"Dark, artificial",Dry,Non-Fatal Injury,Cyclist Collisions,Driver,40 to 44,None,,South,"Automobile, Station Wagon",Making U Turn,Improper Turn,Inattentive,,,,,,,,Yes,Yes,,,,,,,,,,,170,Yonge-Bay Corridor,76,Bay Street Corridor (76),D52,630636.300566738,4834723.64968509
953,7844811,1367433,6/4/2013 4:00:00 AM,2104,YONGE ST,SHUTER ST,,Major Arterial,Toronto and East York,43.654045,-79.37999,,Traffic Signal,Clear,"Dark, artificial",Dry,Non-Fatal Injury,Cyclist Collisions,Cyclist,30 to 34,Major,,South,Bicycle,Going Ahead,,,,,,Motorist makes u-turn in-front of cyclist.,Driving Properly,Normal,,Yes,Yes,,,,,,,,,,,170,Yonge-Bay Corridor,76,Bay Street Corridor (76),D52,630636.300566738,4834723.64968509
954,7848165,1368851,6/11/2013 4:00:00 AM,836,STEELES AVE E,MIDLAND AVE,,Major Arterial,Scarborough,43.825945,-79.29729,At Intersection,Traffic Signal,Clear,Daylight,Dry,Non-Fatal Injury,Cyclist Collisions,Driver,35 to 39,None,,East,"Automobile, Station Wagon",Going Ahead,Disobeyed Traffic Control,Normal,,,,,,,,Yes,Yes,,,,,,,Yes,Yes,,,130,Milliken,130,Milliken (130),D42,636912.847680653,4853949.23679757
955,7848166,1368851,6/11/2013 4:00:00 AM,836,STEELES AVE E,MIDLAND AVE,,Major Arterial,Scarborough,43.825945,-79.29729,At Intersection,Traffic Signal,Clear,Daylight,Dry,Non-Fatal Injury,Cyclist Collisions,Cyclist,60 to 64,Major,,West,Bicycle,Turning Left,,,,,,"Motorist without ROW drives into path of cyclist at inter, lnwy, dwy-Driver not turn.",Driving Properly,Normal,,Yes,Yes,,,,,,,Yes,Yes,,,130,Milliken,130,Milliken (130),D42,636912.847680653,4853949.23679757
956,7828765,1360626,6/12/2013 4:00:00 AM,1157,O CONNOR DR,RIVERCOURT BLVD,,Major Arterial,Toronto and East York,43.693645,-79.34819,At Intersection,Traffic Signal,Clear,Daylight,Dry,Non-Fatal Injury,Cyclist Collisions,Passenger,15 to 19,None,,,Other,,,,,,,,,,,Yes,Yes,,,,,Yes,,,,,,58,Old East York,58,Old East York (58),D55,633113.071832007,4839172.32520024
957,7828766,1360626,6/12/2013 4:00:00 AM,1157,O CONNOR DR,RIVERCOURT BLVD,,Major Arterial,Toronto and East York,43.693645,-79.34819,At Intersection,Traffic Signal,Clear,Daylight,Dry,Non-Fatal Injury,Cyclist Collisions,Vehicle Owner,unknown,,,,Other,,,,,,,,,,,Yes,Yes,,,,,Yes,,,,,,58,Old East York,58,Old East York (58),D55,633113.071832007,4839172.32520024
958,7828767,1360626,6/12/2013 4:00:00 AM,1157,O CONNOR DR,RIVERCOURT BLVD,,Major Arterial,Toronto and East York,43.693645,-79.34819,At Intersection,Traffic Signal,Clear,Daylight,Dry,Non-Fatal Injury,Cyclist Collisions,Driver,50 to 54,None,,West,"Automobile, Station Wagon",Going Ahead,Driving Properly,Normal,,,,,,,,Yes,Yes,,,,,Yes,,,,,,58,Old East York,58,Old East York (58),D55,633113.071832007,4839172.32520024
959,7828768,1360626,6/12/2013 4:00:00 AM,1157,O CONNOR DR,RIVERCOURT BLVD,,Major Arterial,Toronto and East York,43.693645,-79.34819,At Intersection,Traffic Signal,Clear,Daylight,Dry,Non-Fatal Injury,Cyclist Collisions,Cyclist,35 to 39,Major,,West,Bicycle,Turning Left,,,,,,Cyclist turned left across motorists path.,Improper Turn,Inattentive,,Yes,Yes,,,,,Yes,,,,,,58,Old East York,58,Old East York (58),D55,633113.071832007,4839172.32520024
960,7850472,1369849,6/13/2013 4:00:00 AM,751,ADELAIDE ST E,SHERBOURNE ST,,Major Arterial,Toronto and East York,43.652245,-79.36799,,No Control,Rain,Daylight,Wet,Non-Fatal Injury,Cyclist Collisions,Vehicle Owner,unknown,,,,Other,,,,,,,,,,,Yes,,,Yes,,,,,,,,,73,Moss Park,73,Moss Park (73),D51,631607.913130862,4834542.69812182
961,7850473,1369849,6/13/2013 4:00:00 AM,751,ADELAIDE ST E,SHERBOURNE ST,,Major Arterial,Toronto and East York,43.652245,-79.36799,,No Control,Rain,Daylight,Wet,Non-Fatal Injury,Cyclist Collisions,Truck Driver,35 to 39,None,,East,Truck - Open,Going Ahead,Driving Properly,Normal,,,,,,,,Yes,,,Yes,,,,,,,,,73,Moss Park,73,Moss Park (73),D51,631607.913130862,4834542.69812182
962,7850474,1369849,6/13/2013 4:00:00 AM,751,ADELAIDE ST E,SHERBOURNE ST,,Major Arterial,Toronto and East York,43.652245,-79.36799,,No Control,Rain,Daylight,Wet,Non-Fatal Injury,Cyclist Collisions,Cyclist,25 to 29,Major,,East,Bicycle,Going Ahead,,,,,,Cyclist and Driver travelling in same direction. One vehicle sideswipes the other.,Lost control,Normal,,Yes,,,Yes,,,,,,,,,73,Moss Park,73,Moss Park (73),D51,631607.913130862,4834542.69812182
963,7833783,1362811,6/20/2013 4:00:00 AM,1316,MARTIN GROVE RD,409 E MARTIN GROVE RAMP,,Major Arterial,Etobicoke York,43.697945,-79.57379,At Intersection,Traffic Signal,Clear,Daylight,Dry,Non-Fatal Injury,Cyclist Collisions,Vehicle Owner,unknown,,,,Other,,,,,,,,,,,Yes,Yes,,,,,,,,,,,1,West Humber-Clairville,1,West Humber-Clairville (1),D23,614924.463618518,4839312.4702954
964,7833784,1362811,6/20/2013 4:00:00 AM,1316,MARTIN GROVE RD,409 E MARTIN GROVE RAMP,,Major Arterial,Etobicoke York,43.697945,-79.57379,At Intersection,Traffic Signal,Clear,Daylight,Dry,Non-Fatal Injury,Cyclist Collisions,Driver,50 to 54,None,,East,"Automobile, Station Wagon",Turning Right,Driving Properly,Normal,,,,,,,,Yes,Yes,,,,,,,,,,,1,West Humber-Clairville,1,West Humber-Clairville (1),D23,614924.463618518,4839312.4702954
965,7833785,1362811,6/20/2013 4:00:00 AM,1316,MARTIN GROVE RD,409 E MARTIN GROVE RAMP,,Major Arterial,Etobicoke York,43.697945,-79.57379,At Intersection,Traffic Signal,Clear,Daylight,Dry,Non-Fatal Injury,Cyclist Collisions,Cyclist,55 to 59,Major,,North,Bicycle,Going Ahead,,,,,,"Cyclist without ROW rides into path of motorist at inter, lnwy, dwy-Cyclist not turn.",Disobeyed Traffic Control,Normal,,Yes,Yes,,,,,,,,,,,1,West Humber-Clairville,1,West Humber-Clairville (1),D23,614924.463618518,4839312.4702954