OBJECTID,INDEX,ACCNUM,DATE,TIME,STREET1,STREET2,OFFSET,ROAD_CLASS,DISTRICT,LATITUDE,LONGITUDE,ACCLOC,TRAFFCTL,VISIBILITY,LIGHT,RDSFCOND,ACCLASS,IMPACTYPE,INVTYPE,INVAGE,INJURY,FATAL_NO,INITDIR,VEHTYPE,MANOEUVER,DRIVACT,DRIVCOND,PEDTYPE,PEDACT,PEDCOND,CYCLISTYPE,CYCACT,CYCCOND,PEDESTRIAN,CYCLIST,AUTOMOBILE,MOTORCYCLE,TRUCK,TRSN_CITY_VEH,EMERG_VEH,PASSENGER,SPEEDING,AG_DRIV,REDLIGHT,ALCOHOL,DISABILITY,HOOD_158,NEIGHBOURHOOD_158,HOOD_140,NEIGHBOURHOOD_140,DIVISION,x,y
966,7857645,1372963,6/21/2013 4:00:00 AM,1532,247 DAVENPORT Rd,,,Major Arterial,Toronto and East York,43.674456,-79.397746,,No Control,Clear,Daylight,Dry,Non-Fatal Injury,Sideswipe,Driver,65 to 69,None,,East,"Automobile, Station Wagon",Parked,Other,Normal,,,,,,,,Yes,Yes,,,,,,,,,,,95,Annex,95,Annex (95),D53,629160.675959275,4836962.76230035
967,7857646,1372963,6/21/2013 4:00:00 AM,1532,247 DAVENPORT Rd,,,Major Arterial,Toronto and East York,43.674456,-79.397746,,No Control,Clear,Daylight,Dry,Non-Fatal Injury,Sideswipe,Driver,50 to 54,None,,East,"Automobile, Station Wagon",Going Ahead,Driving Properly,Normal,,,,,,,,Yes,Yes,,,,,,,,,,,95,Annex,95,Annex (95),D53,629160.675959275,4836962.76230035
968,7857647,1372963,6/21/2013 4:00:00 AM,1532,247 DAVENPORT Rd,,,Major Arterial,Toronto and East York,43.674456,-79.397746,,No Control,Clear,Daylight,Dry,Non-Fatal Injury,Sideswipe,Moped Driver,50 to 54,Major,,East,Moped,Going Ahead,,,,,,,,,,Yes,Yes,,,,,,,,,,,95,Annex,95,Annex (95),D53,629160.675959275,4836962.76230035
969,7888883,1386246,6/23/2013 4:00:00 AM,1015,1491 LAKE SHORE BLVD W,,,Major Arterial,Toronto and East York,43.635951,-79.442912,Non Intersection,Stop Sign,Clear,Daylight,Dry,Non-Fatal Injury,Cyclist Collisions,Driver,40 to 44,None,,North,"Automobile, Station Wagon",Going Ahead,Failed to Yield Right of Way,Inattentive,,,,,,,,Yes,Yes,,,,,,,Yes,,,,85,South Parkdale,85,South Parkdale (85),D14,625599.973376002,4832616.94199219
970,7888884,1386246,6/23/2013 4:00:00 AM,1015,1491 LAKE SHORE BLVD W,,,Major Arterial,Toronto and East York,43.635951,-79.442912,Non Intersection,Stop Sign,Clear,Daylight,Dry,Non-Fatal Injury,Cyclist Collisions,Cyclist,25 to 29,Major,,West,Bicycle,Going Ahead,,,,,,"Motorist without ROW drives into path of cyclist at inter, lnwy, dwy-Driver not turn.",Driving Properly,Normal,,Yes,Yes,,,,,,,Yes,,,,85,South Parkdale,85,South Parkdale (85),D14,625599.973376002,4832616.94199219
971,7858808,1373473,6/25/2013 4:00:00 AM,1725,QUEEN ST W,MC CAUL ST,,Major Arterial,Toronto and East York,43.650145,-79.38979,,No Control,Clear,Daylight,Dry,Non-Fatal Injury,Pedestrian Collisions,Cyclist,30 to 34,None,,East,Bicycle,Going Ahead,,,,,,Cyclist strikes pedestrian.,Driving Properly,Normal,Yes,Yes,,,,,,,,,,,,164,Wellington Place,77,Waterfront Communities-The Island (77),D52,629854.433059391,4834275.12157113
972,7858809,1373473,6/25/2013 4:00:00 AM,1725,QUEEN ST W,MC CAUL ST,,Major Arterial,Toronto and East York,43.650145,-79.38979,,No Control,Clear,Daylight,Dry,Non-Fatal Injury,Pedestrian Collisions,Pedestrian,25 to 29,Major,,South,Other,,,,Vehicle is going straight thru inter.while ped cross without ROW,"Crossing, no Traffic Control",Unknown,,,,Yes,Yes,,,,,,,,,,,,164,Wellington Place,77,Waterfront Communities-The Island (77),D52,629854.433059391,4834275.12157113
973,7859462,1373747,6/25/2013 4:00:00 AM,2126,1173 DAVENPORT RD,,,Minor Arterial,Toronto and East York,43.674491,-79.432575,Intersection Related,No Control,Clear,"Dusk, artificial",Dry,Non-Fatal Injury,Cyclist Collisions,Driver,30 to 34,None,,East,Pick Up Truck,Stopped,Other,Inattentive,,,,,,,,Yes,Yes,,,,,,,,,,,94,Wychwood,94,Wychwood (94),D13,626352.944686081,4836913.00577381
974,7859463,1373747,6/25/2013 4:00:00 AM,2126,1173 DAVENPORT RD,,,Minor Arterial,Toronto and East York,43.674491,-79.432575,Intersection Related,No Control,Clear,"Dusk, artificial",Dry,Non-Fatal Injury,Cyclist Collisions,Cyclist,25 to 29,Major,,East,Bicycle,Going Ahead,,,,,,Cyclist struck opened vehicle door,Driving Properly,Normal,,Yes,Yes,,,,,,,,,,,94,Wychwood,94,Wychwood (94),D13,626352.944686081,4836913.00577381
975,7841611,1366140,6/27/2013 4:00:00 AM,205,DAVENPORT Rd,CHRISTIE St,,Minor Arterial,Toronto and East York,43.675545,-79.42309,At Intersection,Traffic Signal,Clear,"Dark, artificial",Dry,Non-Fatal Injury,Cyclist Collisions,Driver,unknown,None,,West,"Automobile, Station Wagon",Going Ahead,Disobeyed Traffic Control,Unknown,,,,,,,,Yes,Yes,,,,,,,Yes,Yes,,,94,Wychwood,94,Wychwood (94),D13,627115.329539912,4837044.55860917
976,7841612,1366140,6/27/2013 4:00:00 AM,205,DAVENPORT Rd,CHRISTIE St,,Minor Arterial,Toronto and East York,43.675545,-79.42309,At Intersection,Traffic Signal,Clear,"Dark, artificial",Dry,Non-Fatal Injury,Cyclist Collisions,Cyclist,50 to 54,Major,,North,Bicycle,Going Ahead,,,,,,"Motorist without ROW drives into path of cyclist at inter, lnwy, dwy-Driver not turn.",Driving Properly,Normal,,Yes,Yes,,,,,,,Yes,Yes,,,94,Wychwood,94,Wychwood (94),D13,627115.329539912,4837044.55860917
977,7864312,1375838,7/4/2013 4:00:00 AM,1444,QUEENS QUAY E,LOWER JARVIS ST,,Minor Arterial,Toronto and East York,43.643866,-79.368961,At Intersection,Traffic Signal,Clear,Daylight,Dry,Non-Fatal Injury,Cyclist Collisions,Driver,30 to 34,None,,East,"Automobile, Station Wagon",Turning Left,Failed to Yield Right of Way,Normal,,,,,,,,Yes,Yes,,,,,,,Yes,,,,166,St Lawrence-East Bayfront-The Islands,77,Waterfront Communities-The Island (77),D51,631547.899244644,4833610.56078211
978,7864313,1375838,7/4/2013 4:00:00 AM,1444,QUEENS QUAY E,LOWER JARVIS ST,,Minor Arterial,Toronto and East York,43.643866,-79.368961,At Intersection,Traffic Signal,Clear,Daylight,Dry,Non-Fatal Injury,Cyclist Collisions,Cyclist,50 to 54,Major,,West,Bicycle,Going Ahead,,,,,,Motorist turned left across cyclists path.,Disobeyed Traffic Control,Normal,,Yes,Yes,,,,,,,Yes,,,,166,St Lawrence-East Bayfront-The Islands,77,Waterfront Communities-The Island (77),D51,631547.899244644,4833610.56078211
979,7861168,1374452,7/8/2013 4:00:00 AM,945,SUTHERLAND DR,MCRAE DR,,Collector,North York,43.708598,-79.365428,At Intersection,Stop Sign,Clear,Daylight,Dry,Non-Fatal Injury,Cyclist Collisions,Driver,55 to 59,None,,West,Pick Up Truck,Going Ahead,Failed to Yield Right of Way,Normal,,,,,,,,Yes,Yes,,,,,,,Yes,,,,56,Leaside-Bennington,56,Leaside-Bennington (56),D53,631691.169711091,4840805.53721629
980,7861169,1374452,7/8/2013 4:00:00 AM,945,SUTHERLAND DR,MCRAE DR,,Collector,North York,43.708598,-79.365428,At Intersection,Stop Sign,Clear,Daylight,Dry,Non-Fatal Injury,Cyclist Collisions,Cyclist,25 to 29,Major,,North,Bicycle,Going Ahead,,,,,,"Motorist without ROW drives into path of cyclist at inter, lnwy, dwy-Driver not turn.",Driving Properly,Normal,,Yes,Yes,,,,,,,Yes,,,,56,Leaside-Bennington,56,Leaside-Bennington (56),D53,631691.169711091,4840805.53721629
981,7841568,1366122,7/11/2013 4:00:00 AM,1939,BROADVIEW Ave,DANFORTH Ave,,Minor Arterial,Toronto and East York,43.676545,-79.35889,,No Control,Clear,Daylight,Dry,Non-Fatal Injury,Pedestrian Collisions,Pedestrian,unknown,None,,East,"Automobile, Station Wagon",Going Ahead,,,Pedestrian hit at mid-block,"Crossing, no Traffic Control",Inattentive,,,,Yes,Yes,Yes,,,,,,,,,,,67,Playter Estates-Danforth,67,Playter Estates-Danforth (67),D55,632288.373154484,4837256.01238823
982,7841569,1366122,7/11/2013 4:00:00 AM,1939,BROADVIEW Ave,DANFORTH Ave,,Minor Arterial,Toronto and East York,43.676545,-79.35889,,No Control,Clear,Daylight,Dry,Non-Fatal Injury,Pedestrian Collisions,Cyclist,35 to 39,Major,,South,Bicycle,Going Ahead,,,,,,Cyclist strikes pedestrian.,Driving Properly,Normal,Yes,Yes,Yes,,,,,,,,,,,67,Playter Estates-Danforth,67,Playter Estates-Danforth (67),D55,632288.373154484,4837256.01238823
983,7867481,1377196,7/12/2013 4:00:00 AM,2240,DUFFERIN St,HOLMESDALE Rd,,Major Arterial,Toronto and East York,43.688601,-79.44736,At Intersection,Traffic Signal,Clear,"Dark, artificial",Dry,Non-Fatal Injury,Cyclist Collisions,Driver,55 to 59,Minimal,,North,"Automobile, Station Wagon",Turning Left,Improper Turn,Normal,,,,,,,,Yes,Yes,,,,,,,,,,,107,Oakwood Village,107,Oakwood Village (107),D13,625131.751442699,4838457.69659397
984,7867482,1377196,7/12/2013 4:00:00 AM,2240,DUFFERIN St,HOLMESDALE Rd,,Major Arterial,Toronto and East York,43.688601,-79.44736,At Intersection,Traffic Signal,Clear,"Dark, artificial",Dry,Non-Fatal Injury,Cyclist Collisions,Cyclist,15 to 19,Major,,South,Bicycle,Going Ahead,,,,,,Motorist turned left across cyclists path.,Driving Properly,Normal,,Yes,Yes,,,,,,,,,,,107,Oakwood Village,107,Oakwood Village (107),D13,625131.751442699,4838457.69659397
985,7871852,1379135,7/17/2013 4:00:00 AM,2124,CHRISTIE St,DAVENPORT Rd,,Minor Arterial,Toronto and East York,43.675551,-79.423084,At Intersection,Traffic Signal,Clear,Dark,Dry,Non-Fatal Injury,Cyclist Collisions,Driver,60 to 64,None,,North,"Automobile, Station Wagon",Turning Left,Failed to Yield Right of Way,Inattentive,,,,,,,,Yes,Yes,,,,,,,Yes,,,,94,Wychwood,94,Wychwood (94),D13,627115.800538353,4837045.23418493
986,7871853,1379135,7/17/2013 4:00:00 AM,2124,CHRISTIE St,DAVENPORT Rd,,Minor Arterial,Toronto and East York,43.675551,-79.423084,At Intersection,Traffic Signal,Clear,Dark,Dry,Non-Fatal Injury,Cyclist Collisions,Cyclist,35 to 39,Major,,South,Bicycle,Going Ahead,,,,,,Motorist turned left across cyclists path.,Driving Properly,Normal,,Yes,Yes,,,,,,,Yes,,,,94,Wychwood,94,Wychwood (94),D13,627115.800538353,4837045.23418493
987,7873296,1379733,7/24/2013 4:00:00 AM,657,DANFORTH Ave,THORA Ave,,Major Arterial,Scarborough,43.691493,-79.287105,,No Control,Clear,Daylight,Dry,Non-Fatal Injury,Cyclist Collisions,Driver,60 to 64,None,,South,"Automobile, Station Wagon",Turning Right,Failed to Yield Right of Way,Normal,,,,,,,,Yes,Yes,,,,,,,Yes,,,,121,Oakridge,121,Oakridge (121),D41,638040.673319011,4839033.19400438
988,7873297,1379733,7/24/2013 4:00:00 AM,657,DANFORTH Ave,THORA Ave,,Major Arterial,Scarborough,43.691493,-79.287105,,No Control,Clear,Daylight,Dry,Non-Fatal Injury,Cyclist Collisions,Cyclist,25 to 29,Major,,West,Bicycle,Going Ahead,,,,,,"Motorist turns right at non-signal Inter.(stop, yield, no cont.,and dwy) and strikes cyclist.",Other,Normal,,Yes,Yes,,,,,,,Yes,,,,121,Oakridge,121,Oakridge (121),D41,638040.673319011,4839033.19400438
989,7875093,1380543,7/24/2013 4:00:00 AM,1845,FRONT ST W,BLUE JAYS WAY,,Minor Arterial,Toronto and East York,43.643408,-79.391277,,Traffic Signal,Clear,Daylight,Dry,Non-Fatal Injury,Cyclist Collisions,Driver,35 to 39,None,,West,"Automobile, Station Wagon",Turning Left,Failed to Yield Right of Way,Normal,,,,,,,,Yes,Yes,,,,,,,Yes,,,,165,Harbourfront-CityPlace,77,Waterfront Communities-The Island (77),D52,629749.017656888,4833524.56417315
990,7875094,1380543,7/24/2013 4:00:00 AM,1845,FRONT ST W,BLUE JAYS WAY,,Minor Arterial,Toronto and East York,43.643408,-79.391277,,Traffic Signal,Clear,Daylight,Dry,Non-Fatal Injury,Cyclist Collisions,Cyclist,25 to 29,Major,,East,Bicycle,Going Ahead,,,,,,Motorist turned left across cyclists path.,Driving Properly,Unknown,,Yes,Yes,,,,,,,Yes,,,,165,Harbourfront-CityPlace,77,Waterfront Communities-The Island (77),D52,629749.017656888,4833524.56417315
991,7874117,1380106,7/25/2013 4:00:00 AM,820,GLENROY Ave,HUMBERVALE Blvd,,Local,Etobicoke York,43.642501,-79.5079,At Intersection,Stop Sign,Clear,Daylight,Dry,Non-Fatal Injury,Cyclist Collisions,Driver,50 to 54,None,,West,"Automobile, Station Wagon",Going Ahead,Driving Properly,Normal,,,,,,,,Yes,Yes,,,,,,,,,,,16,Stonegate-Queensway,16,Stonegate-Queensway (16),D22,620344.698075011,4833248.12039846
992,7874118,1380106,7/25/2013 4:00:00 AM,820,GLENROY Ave,HUMBERVALE Blvd,,Local,Etobicoke York,43.642501,-79.5079,At Intersection,Stop Sign,Clear,Daylight,Dry,Non-Fatal Injury,Cyclist Collisions,Cyclist,15 to 19,Major,,South,Bicycle,Going Ahead,,,,,,"Cyclist without ROW rides into path of motorist at inter, lnwy, dwy-Cyclist not turn.",Failed to Yield Right of Way,Inattentive,,Yes,Yes,,,,,,,,,,,16,Stonegate-Queensway,16,Stonegate-Queensway (16),D22,620344.698075011,4833248.12039846
993,7875283,1380620,7/28/2013 4:00:00 AM,1840,QUEEN St E,VANCOUVER Ave,,Minor Arterial,Toronto and East York,43.664683,-79.32397,At Intersection,No Control,Clear,Daylight,Dry,Non-Fatal Injury,Cyclist Collisions,Vehicle Owner,unknown,,,,Other,,,,,,,,,,,Yes,Yes,,,,,,,,,,,65,Greenwood-Coxwell,65,Greenwood-Coxwell (65),D55,635129.892400329,4835994.86330826
994,7875284,1380620,7/28/2013 4:00:00 AM,1840,QUEEN St E,VANCOUVER Ave,,Minor Arterial,Toronto and East York,43.664683,-79.32397,At Intersection,No Control,Clear,Daylight,Dry,Non-Fatal Injury,Cyclist Collisions,Driver,25 to 29,None,,West,"Automobile, Station Wagon",Going Ahead,Driving Properly,Normal,,,,,,,,Yes,Yes,,,,,,,,,,,65,Greenwood-Coxwell,65,Greenwood-Coxwell (65),D55,635129.892400329,4835994.86330826
995,7875285,1380620,7/28/2013 4:00:00 AM,1840,QUEEN St E,VANCOUVER Ave,,Minor Arterial,Toronto and East York,43.664683,-79.32397,At Intersection,No Control,Clear,Daylight,Dry,Non-Fatal Injury,Cyclist Collisions,Vehicle Owner,unknown,,,,Other,,,,,,,,,,,Yes,Yes,,,,,,,,,,,65,Greenwood-Coxwell,65,Greenwood-Coxwell (65),D55,635129.892400329,4835994.86330826
996,7875286,1380620,7/28/2013 4:00:00 AM,1840,QUEEN St E,VANCOUVER Ave,,Minor Arterial,Toronto and East York,43.664683,-79.32397,At Intersection,No Control,Clear,Daylight,Dry,Non-Fatal Injury,Cyclist Collisions,Driver,35 to 39,None,,West,"Automobile, Station Wagon",Parked,Other,Inattentive,,,,,,,,Yes,Yes,,,,,,,,,,,65,Greenwood-Coxwell,65,Greenwood-Coxwell (65),D55,635129.892400329,4835994.86330826
997,7875287,1380620,7/28/2013 4:00:00 AM,1840,QUEEN St E,VANCOUVER Ave,,Minor Arterial,Toronto and East York,43.664683,-79.32397,At Intersection,No Control,Clear,Daylight,Dry,Non-Fatal Injury,Cyclist Collisions,Cyclist,40 to 44,Major,,West,Bicycle,Going Ahead,,,,,,Cyclist struck opened vehicle door,Driving Properly,Normal,,Yes,Yes,,,,,,,,,,,65,Greenwood-Coxwell,65,Greenwood-Coxwell (65),D55,635129.892400329,4835994.86330826
998,7876444,1381080,8/1/2013 4:00:00 AM,1943,STEELES AVE W,ISLINGTON AVE,,Major Arterial,Etobicoke York,43.764334,-79.574855,At Intersection,Traffic Signal,Clear,Dusk,Dry,Non-Fatal Injury,Cyclist Collisions,Driver,55 to 59,None,,North,"Automobile, Station Wagon",Turning Left,Failed to Yield Right of Way,Normal,,,,,,,,Yes,Yes,,,,,,,Yes,,,,21,Humber Summit,21,Humber Summit (21),D31,614711.836949581,4846684.42996555
999,7876445,1381080,8/1/2013 4:00:00 AM,1943,STEELES AVE W,ISLINGTON AVE,,Major Arterial,Etobicoke York,43.764334,-79.574855,At Intersection,Traffic Signal,Clear,Dusk,Dry,Non-Fatal Injury,Cyclist Collisions,Cyclist,50 to 54,Major,,South,Bicycle,Going Ahead,,,,,,Motorist turned left across cyclists path.,Other,Normal,,Yes,Yes,,,,,,,Yes,,,,21,Humber Summit,21,Humber Summit (21),D31,614711.836949581,4846684.42996555
1000,7848846,1369145,8/2/2013 4:00:00 AM,1802,DAVENPORT Rd,BELMONT St,,Major Arterial,Toronto and East York,43.674745,-79.39289,At Intersection,Traffic Signal,Clear,Daylight,Dry,Non-Fatal Injury,Cyclist Collisions,Driver,20 to 24,None,,North,"Automobile, Station Wagon",Going Ahead,Disobeyed Traffic Control,Normal,,,,,,,,Yes,Yes,,,,,,,Yes,Yes,,,95,Annex,95,Annex (95),D53,629551.509260953,4837002.43257963
1001,7848847,1369145,8/2/2013 4:00:00 AM,1802,DAVENPORT Rd,BELMONT St,,Major Arterial,Toronto and East York,43.674745,-79.39289,At Intersection,Traffic Signal,Clear,Daylight,Dry,Non-Fatal Injury,Cyclist Collisions,Cyclist,25 to 29,Major,,East,Bicycle,Going Ahead,,,,,,"Motorist without ROW drives into path of cyclist at inter, lnwy, dwy-Driver not turn.",Driving Properly,Normal,,Yes,Yes,,,,,,,Yes,Yes,,,95,Annex,95,Annex (95),D53,629551.509260953,4837002.43257963
1002,7855781,1372200,8/10/2013 4:00:00 AM,250,SPADINA AVE,OXFORD ST,,Major Arterial,Toronto and East York,43.656737,-79.399577,At Intersection,No Control,Clear,"Dark, artificial",Dry,Non-Fatal Injury,Cyclist Collisions,Driver,unknown,None,,South,"Automobile, Station Wagon",Reversing,Other,Unknown,,,,,,,,Yes,Yes,,,,,,,,,,,78,Kensington-Chinatown,78,Kensington-Chinatown (78),D52,629051.037646462,4834991.98145742
1003,7855782,1372200,8/10/2013 4:00:00 AM,250,SPADINA AVE,OXFORD ST,,Major Arterial,Toronto and East York,43.656737,-79.399577,At Intersection,No Control,Clear,"Dark, artificial",Dry,Non-Fatal Injury,Cyclist Collisions,Cyclist,20 to 24,Major,,South,Bicycle,Slowing or Stopping,,,,,,Cyclist and Driver travelling in same direction. One vehicle rear-ended the other.,Other,Had Been Drinking,,Yes,Yes,,,,,,,,,,,78,Kensington-Chinatown,78,Kensington-Chinatown (78),D52,629051.037646462,4834991.98145742
1004,7879593,1382388,8/13/2013 4:00:00 AM,1639,ST CLAIR AVE W,DUFFERIN ST,,Major Arterial,Toronto and East York,43.677951,-79.443073,At Intersection,Traffic Signal,Clear,Daylight,Dry,Non-Fatal Injury,Cyclist Collisions,Vehicle Owner,unknown,,,,,,,,,,,,,,,Yes,,,,Yes,,,,,,,,92,Corso Italia-Davenport,92,Corso Italia-Davenport (92),D13,625499.461081593,4837281.34750382
1005,7879594,1382388,8/13/2013 4:00:00 AM,1639,ST CLAIR AVE W,DUFFERIN ST,,Major Arterial,Toronto and East York,43.677951,-79.443073,At Intersection,Traffic Signal,Clear,Daylight,Dry,Non-Fatal Injury,Cyclist Collisions,Driver,30 to 34,None,,West,Street Car,Going Ahead,Driving Properly,Normal,,,,,,,,Yes,,,,Yes,,,,,,,,92,Corso Italia-Davenport,92,Corso Italia-Davenport (92),D13,625499.461081593,4837281.34750382
1006,7879595,1382388,8/13/2013 4:00:00 AM,1639,ST CLAIR AVE W,DUFFERIN ST,,Major Arterial,Toronto and East York,43.677951,-79.443073,At Intersection,Traffic Signal,Clear,Daylight,Dry,Non-Fatal Injury,Cyclist Collisions,Cyclist,55 to 59,Major,,South,Bicycle,Going Ahead,,,,,,"Cyclist without ROW rides into path of motorist at inter, lnwy, dwy-Cyclist not turn.",Disobeyed Traffic Control,Inattentive,,Yes,,,,Yes,,,,,,,,92,Corso Italia-Davenport,92,Corso Italia-Davenport (92),D13,625499.461081593,4837281.34750382
1007,7852187,1370609,8/15/2013 4:00:00 AM,1612,DUNDAS ST W,MANNING AVE,,Major Arterial,Toronto and East York,43.651297,-79.410907,,Traffic Signal,Clear,Daylight,Dry,Non-Fatal Injury,Cyclist Collisions,Driver,65 to 69,Minor,,East,"Automobile, Station Wagon",Going Ahead,Lost control,Unknown,,,,,,,,Yes,Yes,,,,,,,,,,,81,Trinity-Bellwoods,81,Trinity-Bellwoods (81),D14,628148.997594927,4834370.23891504
1008,7852188,1370609,8/15/2013 4:00:00 AM,1612,DUNDAS ST W,MANNING AVE,,Major Arterial,Toronto and East York,43.651297,-79.410907,,Traffic Signal,Clear,Daylight,Dry,Non-Fatal Injury,Cyclist Collisions,Vehicle Owner,unknown,,,,"Automobile, Station Wagon",,,,,,,,,,,Yes,Yes,,,,,,,,,,,81,Trinity-Bellwoods,81,Trinity-Bellwoods (81),D14,628148.997594927,4834370.23891504
1009,7852189,1370609,8/15/2013 4:00:00 AM,1612,DUNDAS ST W,MANNING AVE,,Major Arterial,Toronto and East York,43.651297,-79.410907,,Traffic Signal,Clear,Daylight,Dry,Non-Fatal Injury,Cyclist Collisions,Cyclist,50 to 54,Major,,East,Bicycle,Stopped,,,,,,Cyclist and Driver travelling in same direction. One vehicle rear-ended the other.,Driving Properly,Normal,,Yes,Yes,,,,,,,,,,,81,Trinity-Bellwoods,81,Trinity-Bellwoods (81),D14,628148.997594927,4834370.23891504
1010,7855254,1371962,8/23/2013 4:00:00 AM,705,1245 DUPONT ST,,,Major Arterial,Toronto and East York,43.668147,-79.441814,,No Control,Clear,Daylight,Dry,Non-Fatal Injury,Cyclist Collisions,Driver,40 to 44,None,,East,"Automobile, Station Wagon",Going Ahead,Driving Properly,Normal,,,,,,,,Yes,Yes,,,,,,,,,,,171,Junction-Wallace Emerson,93,Dovercourt-Wallace Emerson-Junction (93),D11,625621.399968708,4836194.3879697
1011,7855255,1371962,8/23/2013 4:00:00 AM,705,1245 DUPONT ST,,,Major Arterial,Toronto and East York,43.668147,-79.441814,,No Control,Clear,Daylight,Dry,Non-Fatal Injury,Cyclist Collisions,Cyclist,15 to 19,Major,,North,Bicycle,Other,,,,,,"Cyclist without ROW rides into path of motorist at inter, lnwy, dwy-Cyclist not turn.",Failed to Yield Right of Way,Normal,,Yes,Yes,,,,,,,,,,,171,Junction-Wallace Emerson,93,Dovercourt-Wallace Emerson-Junction (93),D11,625621.399968708,4836194.3879697
1012,7882204,1383479,8/23/2013 4:00:00 AM,845,GREENWOOD AVE,GERRARD ST E,,Minor Arterial,Toronto and East York,43.671061,-79.328082,,No Control,Clear,Daylight,Dry,Non-Fatal Injury,Turning Movement,Vehicle Owner,unknown,,,,Other,,,,,,,,,,,Yes,Yes,,,,,,,Yes,,,,70,South Riverdale,70,South Riverdale (70),D55,634784.082188863,4836696.53715514
1013,7882205,1383479,8/23/2013 4:00:00 AM,845,GREENWOOD AVE,GERRARD ST E,,Minor Arterial,Toronto and East York,43.671061,-79.328082,,No Control,Clear,Daylight,Dry,Non-Fatal Injury,Turning Movement,Driver,25 to 29,None,,South,"Automobile, Station Wagon",Turning Right,Failed to Yield Right of Way,Inattentive,,,,,,,,Yes,Yes,,,,,,,Yes,,,,70,South Riverdale,70,South Riverdale (70),D55,634784.082188863,4836696.53715514
1014,7882206,1383479,8/23/2013 4:00:00 AM,845,GREENWOOD AVE,GERRARD ST E,,Minor Arterial,Toronto and East York,43.671061,-79.328082,,No Control,Clear,Daylight,Dry,Non-Fatal Injury,Turning Movement,Moped Driver,40 to 44,Major,,South,Moped,Going Ahead,Driving Properly,Normal,,,,,,,,Yes,Yes,,,,,,,Yes,,,,70,South Riverdale,70,South Riverdale (70),D55,634784.082188863,4836696.53715514
1015,7882125,1383447,8/23/2013 4:00:00 AM,1730,OLD YORK MILLS RD,YONGE ST,,Major Arterial,North York,43.743292,-79.406482,,Stop Sign,Clear,Daylight,Dry,Non-Fatal Injury,Cyclist Collisions,Vehicle Owner,unknown,,,,Other,,,,,,,,,,,Yes,Yes,,,,,,,Yes,,,,41,Bridle Path-Sunnybrook-York Mills,41,Bridle Path-Sunnybrook-York Mills (41),D32,628309.479933484,4844594.40486267
1016,7882126,1383447,8/23/2013 4:00:00 AM,1730,OLD YORK MILLS RD,YONGE ST,,Major Arterial,North York,43.743292,-79.406482,,Stop Sign,Clear,Daylight,Dry,Non-Fatal Injury,Cyclist Collisions,Driver,45 to 49,None,,West,"Automobile, Station Wagon",Turning Right,Failed to Yield Right of Way,Normal,,,,,,,,Yes,Yes,,,,,,,Yes,,,,41,Bridle Path-Sunnybrook-York Mills,41,Bridle Path-Sunnybrook-York Mills (41),D32,628309.479933484,4844594.40486267
1017,7882127,1383447,8/23/2013 4:00:00 AM,1730,OLD YORK MILLS RD,YONGE ST,,Major Arterial,North York,43.743292,-79.406482,,Stop Sign,Clear,Daylight,Dry,Non-Fatal Injury,Cyclist Collisions,Cyclist,30 to 34,Major,,South,Bicycle,Going Ahead,,,,,,"Motorist turns right at non-signal Inter.(stop, yield, no cont.,and dwy) and strikes cyclist.",Driving Properly,Normal,,Yes,Yes,,,,,,,Yes,,,,41,Bridle Path-Sunnybrook-York Mills,41,Bridle Path-Sunnybrook-York Mills (41),D32,628309.479933484,4844594.40486267
1018,7856672,1372585,8/28/2013 4:00:00 AM,545,KENNEDY RD,STRATTON AVE,,Major Arterial,Scarborough,43.738246,-79.270458,,Stop Sign,Clear,Dark,Dry,Non-Fatal Injury,Cyclist Collisions,Driver,35 to 39,None,,South,"Automobile, Station Wagon",Going Ahead,Driving Properly,Normal,,,,,,,,Yes,Yes,,,,,,,,,,,125,Ionview,125,Ionview (125),D41,639273.901675804,4844253.64389099
1019,7856673,1372585,8/28/2013 4:00:00 AM,545,KENNEDY RD,STRATTON AVE,,Major Arterial,Scarborough,43.738246,-79.270458,,Stop Sign,Clear,Dark,Dry,Non-Fatal Injury,Cyclist Collisions,Cyclist,40 to 44,Major,,West,Bicycle,Going Ahead,,,,,,"Cyclist without ROW rides into path of motorist at inter, lnwy, dwy-Cyclist not turn.",Failed to Yield Right of Way,Inattentive,,Yes,Yes,,,,,,,,,,,125,Ionview,125,Ionview (125),D41,639273.901675804,4844253.64389099
1020,7883861,1384125,9/1/2013 4:00:00 AM,1220,HARBORD St,EUCLID Ave,,Minor Arterial,Toronto and East York,43.66075,-79.413425,,Traffic Controller,Clear,Daylight,Dry,Non-Fatal Injury,Cyclist Collisions,Driver,70 to 74,None,,East,"Automobile, Station Wagon",Going Ahead,Driving Properly,Normal,,,,,,,,Yes,Yes,,,,,,,,,,,80,Palmerston-Little Italy,80,Palmerston-Little Italy (80),D14,627925.862383787,4835416.23330355