OBJECTID,INDEX,ACCNUM,DATE,TIME,STREET1,STREET2,OFFSET,ROAD_CLASS,DISTRICT,LATITUDE,LONGITUDE,ACCLOC,TRAFFCTL,VISIBILITY,LIGHT,RDSFCOND,ACCLASS,IMPACTYPE,INVTYPE,INVAGE,INJURY,FATAL_NO,INITDIR,VEHTYPE,MANOEUVER,DRIVACT,DRIVCOND,PEDTYPE,PEDACT,PEDCOND,CYCLISTYPE,CYCACT,CYCCOND,PEDESTRIAN,CYCLIST,AUTOMOBILE,MOTORCYCLE,TRUCK,TRSN_CITY_VEH,EMERG_VEH,PASSENGER,SPEEDING,AG_DRIV,REDLIGHT,ALCOHOL,DISABILITY,HOOD_158,NEIGHBOURHOOD_158,HOOD_140,NEIGHBOURHOOD_140,DIVISION,x,y
1021,7883862,1384125,9/1/2013 4:00:00 AM,1220,HARBORD St,EUCLID Ave,,Minor Arterial,Toronto and East York,43.66075,-79.413425,,Traffic Controller,Clear,Daylight,Dry,Non-Fatal Injury,Cyclist Collisions,Cyclist,60 to 64,Major,,East,Bicycle,Changing Lanes,,,,,,Cyclist and Driver travelling in same direction. One vehicle sideswipes the other.,Improper Lane Change,Inattentive,,Yes,Yes,,,,,,,,,,,80,Palmerston-Little Italy,80,Palmerston-Little Italy (80),D14,627925.862383787,4835416.23330355
1022,7858531,1373362,9/2/2013 4:00:00 AM,2152,THE WEST MALL,CIVIC CENTRE CRT,,Minor Arterial,Etobicoke York,43.642237,-79.56599,,Traffic Signal,Clear,Dark,Dry,Non-Fatal Injury,Cyclist Collisions,Driver,unknown,None,,West,"Automobile, Station Wagon",Turning Right,Failed to Yield Right of Way,Normal,,,,,,,,Yes,Yes,,,,,,,Yes,,,,13,Etobicoke West Mall,13,Etobicoke West Mall (13),D22,615659.942958115,4833136.21248935
1023,7858532,1373362,9/2/2013 4:00:00 AM,2152,THE WEST MALL,CIVIC CENTRE CRT,,Minor Arterial,Etobicoke York,43.642237,-79.56599,,Traffic Signal,Clear,Dark,Dry,Non-Fatal Injury,Cyclist Collisions,Cyclist,25 to 29,Major,,North,Bicycle,Going Ahead,,,,,,Motorist turning right on red at signalized intersection strikes cyclist.,Driving Properly,Normal,,Yes,Yes,,,,,,,Yes,,,,13,Etobicoke West Mall,13,Etobicoke West Mall (13),D22,615659.942958115,4833136.21248935
1024,7886796,1385469,9/9/2013 4:00:00 AM,1047,LAKE SHORE BLVD E,BOOTH AVE,,Major Arterial,Toronto and East York,43.653514,-79.340778,,Stop Sign,Clear,Daylight,Dry,Non-Fatal Injury,Cyclist Collisions,Vehicle Owner,unknown,,,,Other,,,,,,,,,,,Yes,Yes,,,,,,,Yes,,,,70,South Riverdale,70,South Riverdale (70),D55,633799.538996061,4834727.15601657
1025,7886797,1385469,9/9/2013 4:00:00 AM,1047,LAKE SHORE BLVD E,BOOTH AVE,,Major Arterial,Toronto and East York,43.653514,-79.340778,,Stop Sign,Clear,Daylight,Dry,Non-Fatal Injury,Cyclist Collisions,Driver,45 to 49,None,,South,"Automobile, Station Wagon",Turning Right,Failed to Yield Right of Way,Inattentive,,,,,,,,Yes,Yes,,,,,,,Yes,,,,70,South Riverdale,70,South Riverdale (70),D55,633799.538996061,4834727.15601657
1026,7886798,1385469,9/9/2013 4:00:00 AM,1047,LAKE SHORE BLVD E,BOOTH AVE,,Major Arterial,Toronto and East York,43.653514,-79.340778,,Stop Sign,Clear,Daylight,Dry,Non-Fatal Injury,Cyclist Collisions,Cyclist,65 to 69,Major,,West,Bicycle,Going Ahead,,,,,,"Motorist turns right at non-signal Inter.(stop, yield, no cont.,and dwy) and strikes cyclist.",Driving Properly,Normal,,Yes,Yes,,,,,,,Yes,,,,70,South Riverdale,70,South Riverdale (70),D55,633799.538996061,4834727.15601657
1027,7890669,1386897,9/15/2013 4:00:00 AM,1937,DUPONT St,DOVERCOURT Rd,,Major Arterial,Toronto and East York,43.669692,-79.43275,,Traffic Signal,Rain,"Dark, artificial",Wet,Non-Fatal Injury,Cyclist Collisions,Driver,20 to 24,None,,West,"Automobile, Station Wagon",Going Ahead,Improper Passing,Inattentive,,,,,,,,Yes,Yes,,,,,,,Yes,,,,172,Dovercourt Village,93,Dovercourt-Wallace Emerson-Junction (93),D14,626348.907459295,4836379.74608564
1028,7890670,1386897,9/15/2013 4:00:00 AM,1937,DUPONT St,DOVERCOURT Rd,,Major Arterial,Toronto and East York,43.669692,-79.43275,,Traffic Signal,Rain,"Dark, artificial",Wet,Non-Fatal Injury,Cyclist Collisions,Cyclist,30 to 34,Major,,West,Bicycle,Stopped,,,,,,Cyclist and Driver travelling in same direction. One vehicle rear-ended the other.,Driving Properly,Normal,,Yes,Yes,,,,,,,Yes,,,,172,Dovercourt Village,93,Dovercourt-Wallace Emerson-Junction (93),D14,626348.907459295,4836379.74608564
1029,7864812,1376061,9/18/2013 4:00:00 AM,1634,LAKE SHORE BLVD W,DWIGHT AVE,,Major Arterial,Etobicoke York,43.602343,-79.497989,,No Control,Clear,Daylight,Dry,Fatal,Cyclist Collisions,Passenger,unknown,None,,,,,,,,,,,,,,Yes,Yes,,,,,Yes,,,,,,18,New Toronto,18,New Toronto (18),D22,621224.754551965,4828802.49841258
1030,7864813,1376061,9/18/2013 4:00:00 AM,1634,LAKE SHORE BLVD W,DWIGHT AVE,,Major Arterial,Etobicoke York,43.602343,-79.497989,,No Control,Clear,Daylight,Dry,Fatal,Cyclist Collisions,Driver,60 to 64,None,,East,"Automobile, Station Wagon",Going Ahead,Driving Properly,Normal,,,,,,,,Yes,Yes,,,,,Yes,,,,,,18,New Toronto,18,New Toronto (18),D22,621224.754551965,4828802.49841258
1031,7864814,1376061,9/18/2013 4:00:00 AM,1634,LAKE SHORE BLVD W,DWIGHT AVE,,Major Arterial,Etobicoke York,43.602343,-79.497989,,No Control,Clear,Daylight,Dry,Fatal,Cyclist Collisions,Cyclist,50 to 54,Fatal,41,West,Bicycle,Unknown,,,,,,"Cyclist without ROW rides into path of motorist at inter, lnwy, dwy-Cyclist not turn.",Lost control,Unknown,,Yes,Yes,,,,,Yes,,,,,,18,New Toronto,18,New Toronto (18),D22,621224.754551965,4828802.49841258
1032,7891610,1387238,9/21/2013 4:00:00 AM,2140,QUEEN ST W,BATHURST ST,,Major Arterial,Toronto and East York,43.647116,-79.403972,At Intersection,Traffic Signal,Clear,"Dark, artificial",Dry,Non-Fatal Injury,Cyclist Collisions,Driver,15 to 19,None,,East,"Automobile, Station Wagon",Changing Lanes,Improper Lane Change,Had Been Drinking,,,,,,,,Yes,Yes,,,,,,,,,,,164,Wellington Place,77,Waterfront Communities-The Island (77),D14,628717.192111638,4833916.61732372
1033,7891611,1387238,9/21/2013 4:00:00 AM,2140,QUEEN ST W,BATHURST ST,,Major Arterial,Toronto and East York,43.647116,-79.403972,At Intersection,Traffic Signal,Clear,"Dark, artificial",Dry,Non-Fatal Injury,Cyclist Collisions,Cyclist,40 to 44,Major,,East,Bicycle,Going Ahead,,,,,,Cyclist and Driver travelling in same direction. One vehicle sideswipes the other.,Driving Properly,Normal,,Yes,Yes,,,,,,,,,,,164,Wellington Place,77,Waterfront Communities-The Island (77),D14,628717.192111638,4833916.61732372
1034,7892789,1387644,9/26/2013 4:00:00 AM,1830,COLLEGE St,SHAW St,,Major Arterial,Toronto and East York,43.654845,-79.420291,,Stop Sign,Clear,Daylight,Dry,Non-Fatal Injury,Cyclist Collisions,Vehicle Owner,unknown,,,,Other,,,,,,,,,,,Yes,Yes,,,,,,,Yes,,,,81,Trinity-Bellwoods,81,Trinity-Bellwoods (81),D14,627384.735936471,4834749.84195409
1035,7892790,1387644,9/26/2013 4:00:00 AM,1830,COLLEGE St,SHAW St,,Major Arterial,Toronto and East York,43.654845,-79.420291,,Stop Sign,Clear,Daylight,Dry,Non-Fatal Injury,Cyclist Collisions,Driver,25 to 29,None,,South,"Automobile, Station Wagon",Turning Left,Failed to Yield Right of Way,Inattentive,,,,,,,,Yes,Yes,,,,,,,Yes,,,,81,Trinity-Bellwoods,81,Trinity-Bellwoods (81),D14,627384.735936471,4834749.84195409
1036,7892791,1387644,9/26/2013 4:00:00 AM,1830,COLLEGE St,SHAW St,,Major Arterial,Toronto and East York,43.654845,-79.420291,,Stop Sign,Clear,Daylight,Dry,Non-Fatal Injury,Cyclist Collisions,Cyclist,40 to 44,Major,,West,Bicycle,Going Ahead,,,,,,Motorist turned left across cyclists path.,Driving Properly,Normal,,Yes,Yes,,,,,,,Yes,,,,81,Trinity-Bellwoods,81,Trinity-Bellwoods (81),D14,627384.735936471,4834749.84195409
1037,7892935,1387708,10/2/2013 4:00:00 AM,752,77 KING St W,,,Major Arterial,Toronto and East York,43.648146,-79.38219,,No Control,Clear,Daylight,Dry,Non-Fatal Injury,Cyclist Collisions,Driver,35 to 39,None,,East,"Automobile, Station Wagon",Going Ahead,Exceeding Speed Limit,Normal,,,,,,,,Yes,Yes,,,,,,Yes,Yes,,,,170,Yonge-Bay Corridor,76,Bay Street Corridor (76),D52,630471.665214017,4834065.02708437
1038,7892936,1387708,10/2/2013 4:00:00 AM,752,77 KING St W,,,Major Arterial,Toronto and East York,43.648146,-79.38219,,No Control,Clear,Daylight,Dry,Non-Fatal Injury,Cyclist Collisions,Driver,55 to 59,None,,East,"Automobile, Station Wagon",Stopped,Other,Inattentive,,,,,,,,Yes,Yes,,,,,,Yes,Yes,,,,170,Yonge-Bay Corridor,76,Bay Street Corridor (76),D52,630471.665214017,4834065.02708437
1039,7892937,1387708,10/2/2013 4:00:00 AM,752,77 KING St W,,,Major Arterial,Toronto and East York,43.648146,-79.38219,,No Control,Clear,Daylight,Dry,Non-Fatal Injury,Cyclist Collisions,Cyclist,30 to 34,Major,,East,Bicycle,Overtaking,,,,,,Cyclist struck opened vehicle door,Driving Properly,Normal,,Yes,Yes,,,,,,Yes,Yes,,,,170,Yonge-Bay Corridor,76,Bay Street Corridor (76),D52,630471.665214017,4834065.02708437
1040,7892886,1387683,10/3/2013 4:00:00 AM,748,1090 DON MILLS Rd,,,Major Arterial,North York,43.733699,-79.342525,,No Control,Clear,Daylight,Dry,Non-Fatal Injury,Cyclist Collisions,Driver,20 to 24,None,,North,"Automobile, Station Wagon",Turning Left,Failed to Yield Right of Way,Inattentive,,,,,,,,Yes,Yes,,,,,,,Yes,,,,42,Banbury-Don Mills,42,Banbury-Don Mills (42),D33,633480.640829101,4843630.00683825
1041,7892887,1387683,10/3/2013 4:00:00 AM,748,1090 DON MILLS Rd,,,Major Arterial,North York,43.733699,-79.342525,,No Control,Clear,Daylight,Dry,Non-Fatal Injury,Cyclist Collisions,Cyclist,45 to 49,Major,,South,Bicycle,Going Ahead,,,,,,Motorist turned left across cyclists path.,Driving Properly,Normal,,Yes,Yes,,,,,,,Yes,,,,42,Banbury-Don Mills,42,Banbury-Don Mills (42),D33,633480.640829101,4843630.00683825
1042,7893578,1387944,10/9/2013 4:00:00 AM,1018,DAVENPORT RD,MOUNT ROYAL AVE,,Minor Arterial,Toronto and East York,43.674498,-79.432582,At Intersection,No Control,Clear,Daylight,Dry,Non-Fatal Injury,Cyclist Collisions,Vehicle Owner,unknown,,,,,,,,,,,,,,,Yes,Yes,,,,,,,,,,,94,Wychwood,94,Wychwood (94),D13,626352.365707457,4836913.77255486
1043,7893579,1387944,10/9/2013 4:00:00 AM,1018,DAVENPORT RD,MOUNT ROYAL AVE,,Minor Arterial,Toronto and East York,43.674498,-79.432582,At Intersection,No Control,Clear,Daylight,Dry,Non-Fatal Injury,Cyclist Collisions,Driver,45 to 49,None,,West,Delivery Van,Turning Right,Improper Turn,Inattentive,,,,,,,,Yes,Yes,,,,,,,,,,,94,Wychwood,94,Wychwood (94),D13,626352.365707457,4836913.77255486
1044,7893580,1387944,10/9/2013 4:00:00 AM,1018,DAVENPORT RD,MOUNT ROYAL AVE,,Minor Arterial,Toronto and East York,43.674498,-79.432582,At Intersection,No Control,Clear,Daylight,Dry,Non-Fatal Injury,Cyclist Collisions,Cyclist,50 to 54,Major,,West,Bicycle,Going Ahead,,,,,,"Motorist turns right at non-signal Inter.(stop, yield, no cont.,and dwy) and strikes cyclist.",Driving Properly,Normal,,Yes,Yes,,,,,,,,,,,94,Wychwood,94,Wychwood (94),D13,626352.365707457,4836913.77255486
1045,7876120,1380946,10/16/2013 4:00:00 AM,710,SPADINA Ave,DUNDAS St W,,Major Arterial,Toronto and East York,43.652507,-79.397853,,No Control,Clear,Daylight,Wet,Fatal,Cyclist Collisions,Vehicle Owner,unknown,,,,,,,,,,,,,,,Yes,,,Yes,,,,,,,,,78,Kensington-Chinatown,78,Kensington-Chinatown (78),D52,629199.125652494,4834524.86713729
1046,7876121,1380946,10/16/2013 4:00:00 AM,710,SPADINA Ave,DUNDAS St W,,Major Arterial,Toronto and East York,43.652507,-79.397853,,No Control,Clear,Daylight,Wet,Fatal,Cyclist Collisions,Truck Driver,50 to 54,None,,North,Truck - Dump,Going Ahead,Driving Properly,Normal,,,,,,,,Yes,,,Yes,,,,,,,,,78,Kensington-Chinatown,78,Kensington-Chinatown (78),D52,629199.125652494,4834524.86713729
1047,7876122,1380946,10/16/2013 4:00:00 AM,710,SPADINA Ave,DUNDAS St W,,Major Arterial,Toronto and East York,43.652507,-79.397853,,No Control,Clear,Daylight,Wet,Fatal,Cyclist Collisions,Cyclist,25 to 29,Fatal,49,North,Bicycle,Going Ahead,,,,,,Cyclist and Driver travelling in same direction. One vehicle sideswipes the other.,Lost control,Normal,,Yes,,,Yes,,,,,,,,,78,Kensington-Chinatown,78,Kensington-Chinatown (78),D52,629199.125652494,4834524.86713729
1048,7876123,1380946,10/16/2013 4:00:00 AM,710,SPADINA Ave,DUNDAS St W,,Major Arterial,Toronto and East York,43.652507,-79.397853,,No Control,Clear,Daylight,Wet,Fatal,Cyclist Collisions,Other,unknown,None,,,,,,,,,,,,,,Yes,,,Yes,,,,,,,,,78,Kensington-Chinatown,78,Kensington-Chinatown (78),D52,629199.125652494,4834524.86713729
1049,7879485,1382346,10/21/2013 4:00:00 AM,702,RUSHLEY DR,LAWRENCE AVE E,,Major Arterial,Scarborough,43.752963,-79.258067,,No Control,Rain,"Dawn, artificial",Wet,Non-Fatal Injury,Cyclist Collisions,Driver,unknown,None,,East,"Automobile, Station Wagon",Turning Left,Failed to Yield Right of Way,Unknown,,,,,,,,Yes,Yes,,,,,,,Yes,,,,157,Bendale South,127,Bendale (127),D41,640237.344836689,4845909.09468339
1050,7879486,1382346,10/21/2013 4:00:00 AM,702,RUSHLEY DR,LAWRENCE AVE E,,Major Arterial,Scarborough,43.752963,-79.258067,,No Control,Rain,"Dawn, artificial",Wet,Non-Fatal Injury,Cyclist Collisions,Cyclist,30 to 34,Major,,South,Bicycle,Going Ahead,,,,,,Motorist turned left across cyclists path.,Driving Properly,Normal,,Yes,Yes,,,,,,,Yes,,,,157,Bendale South,127,Bendale (127),D41,640237.344836689,4845909.09468339
1051,7878337,1381878,10/21/2013 4:00:00 AM,1914,5930 FINCH AVE E,,,Minor Arterial,Scarborough,43.817439,-79.222263,,No Control,Rain,Daylight,Wet,Non-Fatal Injury,Cyclist Collisions,Driver,60 to 64,None,,East,"Automobile, Station Wagon",Going Ahead,Following too Close,Inattentive,,,,,,,,Yes,Yes,,,,,,,Yes,,,,144,Morningside Heights,132,Malvern (132),D42,642966.048096105,4853131.42826448
1052,7878338,1381878,10/21/2013 4:00:00 AM,1914,5930 FINCH AVE E,,,Minor Arterial,Scarborough,43.817439,-79.222263,,No Control,Rain,Daylight,Wet,Non-Fatal Injury,Cyclist Collisions,Cyclist,60 to 64,Major,,East,Bicycle,Going Ahead,,,,,,Cyclist and Driver travelling in same direction. One vehicle rear-ended the other.,Driving Properly,Inattentive,,Yes,Yes,,,,,,,Yes,,,,144,Morningside Heights,132,Malvern (132),D42,642966.048096105,4853131.42826448
1053,7888332,1386051,10/22/2013 4:00:00 AM,811,BATHURST ST,COLLEGE ST,,Major Arterial,Toronto and East York,43.656409,-79.40768,At Intersection,Traffic Signal,Clear,Daylight,Dry,Non-Fatal Injury,Cyclist Collisions,Driver,50 to 54,Major,,South,"Automobile, Station Wagon",Turning Left,Driving Properly,Normal,,,,,,,,Yes,Yes,,,,,,,,,,,78,Kensington-Chinatown,78,Kensington-Chinatown (78),D14,628398.339964541,4834942.98198311
1054,7888333,1386051,10/22/2013 4:00:00 AM,811,BATHURST ST,COLLEGE ST,,Major Arterial,Toronto and East York,43.656409,-79.40768,At Intersection,Traffic Signal,Clear,Daylight,Dry,Non-Fatal Injury,Cyclist Collisions,Cyclist,45 to 49,Minor,,South,Bicycle,Going Ahead,,,,,,"Cyclist without ROW rides into path of motorist at inter, lnwy, dwy-Cyclist not turn.",Other,Normal,,Yes,Yes,,,,,,,,,,,78,Kensington-Chinatown,78,Kensington-Chinatown (78),D14,628398.339964541,4834942.98198311
1055,7884642,1384542,10/28/2013 4:00:00 AM,1902,DAVENPORT Rd,GREENLAW Ave,,Minor Arterial,Toronto and East York,43.672,-79.445606,At Intersection,No Control,Clear,Dusk,Dry,Non-Fatal Injury,Cyclist Collisions,Driver,25 to 29,Minimal,,East,"Automobile, Station Wagon",Turning Left,Failed to Yield Right of Way,Normal,,,,,,,,Yes,Yes,,,,,,,Yes,,,,171,Junction-Wallace Emerson,93,Dovercourt-Wallace Emerson-Junction (93),D13,625307.666689049,4836616.5797592
1056,7884643,1384542,10/28/2013 4:00:00 AM,1902,DAVENPORT Rd,GREENLAW Ave,,Minor Arterial,Toronto and East York,43.672,-79.445606,At Intersection,No Control,Clear,Dusk,Dry,Non-Fatal Injury,Cyclist Collisions,Cyclist,30 to 34,Major,,West,Bicycle,Going Ahead,,,,,,Motorist turned left across cyclists path.,Driving Properly,Normal,,Yes,Yes,,,,,,,Yes,,,,171,Junction-Wallace Emerson,93,Dovercourt-Wallace Emerson-Junction (93),D13,625307.666689049,4836616.5797592
1057,7895115,1388488,11/1/2013 4:00:00 AM,500,LAKE SHORE BLVD W,BATHURST ST,,Major Arterial,Toronto and East York,43.636473,-79.399638,,Traffic Signal,Rain,Dark,Wet,Non-Fatal Injury,Cyclist Collisions,Cyclist,30 to 34,Major,,South,Bicycle,Going Ahead,,,,,,Cyclist and Driver travelling in same direction. One vehicle rear-ended the other.,Disobeyed Traffic Control,Inattentive,,Yes,Yes,,,,,,,,,,,165,Harbourfront-CityPlace,77,Waterfront Communities-The Island (77),D14,629089.518193979,4832741.30595142
1058,7895116,1388488,11/1/2013 4:00:00 AM,500,LAKE SHORE BLVD W,BATHURST ST,,Major Arterial,Toronto and East York,43.636473,-79.399638,,Traffic Signal,Rain,Dark,Wet,Non-Fatal Injury,Cyclist Collisions,Driver,20 to 24,None,,West,"Automobile, Station Wagon",Going Ahead,Driving Properly,Normal,,,,,,,,Yes,Yes,,,,,,,,,,,165,Harbourfront-CityPlace,77,Waterfront Communities-The Island (77),D14,629089.518193979,4832741.30595142
1059,8000010,3001005166,11/20/2013 5:00:00 AM,937,SHEPPARD AVE W,KODIAK CRES,,Major Arterial,North York,43.751868,-79.467212,,Traffic Signal,Clear,Daylight,Dry,Fatal,Cyclist Collisions,Cyclist,20 to 24,Fatal,54,West,Bicycle,Going Ahead,,,,,,"Motorist without ROW drives into path of cyclist at inter, lnwy, dwy-Driver not turn.",Driving Properly,Normal,,Yes,Yes,,,,,,Yes,Yes,Yes,,,155,Downsview,26,Downsview-Roding-CFB (26),D32,623401.856215438,4845454.62911389
1060,8000106,3001005166,11/20/2013 5:00:00 AM,937,SHEPPARD AVE W,KODIAK CRES,,Major Arterial,North York,43.751868,-79.467212,,Traffic Signal,Clear,Daylight,Dry,Fatal,Cyclist Collisions,Driver,20 to 24,,,North,"Automobile, Station Wagon",Going Ahead,Disobeyed Traffic Control,Unknown,,,,,,,,Yes,Yes,,,,,,Yes,Yes,Yes,,,155,Downsview,26,Downsview-Roding-CFB (26),D32,623401.856215438,4845454.62911389
1061,80198361,3001015663,11/22/2013 5:00:00 AM,31,HOSKIN AVE,ST GEORGE ST,,Minor Arterial,Toronto and East York,43.664099,-79.398433,Intersection Related,Traffic Signal,Rain,"Dark, artificial",Wet,Non-Fatal Injury,Cyclist Collisions,Cyclist,20 to 24,Major,,South,Bicycle,Going Ahead,,,,,,"Cyclist without ROW rides into path of motorist at inter, lnwy, dwy-Cyclist not turn.",Disobeyed Traffic Control,Unknown,,Yes,Yes,,,,,,,,,,,79,University,79,University (79),D52,629127.502616557,4835811.40902804
1062,80198362,3001015663,11/22/2013 5:00:00 AM,31,HOSKIN AVE,ST GEORGE ST,,Minor Arterial,Toronto and East York,43.664099,-79.398433,Intersection Related,Traffic Signal,Rain,"Dark, artificial",Wet,Non-Fatal Injury,Cyclist Collisions,Driver,20 to 24,None,,East,"Automobile, Station Wagon",Going Ahead,Driving Properly,Unknown,,,,,,,,Yes,Yes,,,,,,,,,,,79,University,79,University (79),D52,629127.502616557,4835811.40902804
1063,80199200,3001090818,12/4/2013 5:00:00 AM,1435,DENTON AVE,ROBINSON AVE,,Collector,Scarborough,43.694903,-79.279659,At Intersection,Stop Sign,Clear,Daylight,Dry,Non-Fatal Injury,Cyclist Collisions,Cyclist,25 to 29,Major,,North,Bicycle,Going Ahead,,,,,,"Cyclist without ROW rides into path of motorist at inter, lnwy, dwy-Cyclist not turn.",Failed to Yield Right of Way,Inattentive,,Yes,Yes,,,,,,,,,,,121,Oakridge,121,Oakridge (121),D41,638632.8891703,4839424.34565675
1064,80199201,3001090818,12/4/2013 5:00:00 AM,1435,DENTON AVE,ROBINSON AVE,,Collector,Scarborough,43.694903,-79.279659,At Intersection,Stop Sign,Clear,Daylight,Dry,Non-Fatal Injury,Cyclist Collisions,Driver,55 to 59,None,,West,"Automobile, Station Wagon",Going Ahead,Driving Properly,Normal,,,,,,,,Yes,Yes,,,,,,,,,,,121,Oakridge,121,Oakridge (121),D41,638632.8891703,4839424.34565675
1065,80150374,4001460471,2/3/2014 5:00:00 AM,1043,OLD WESTON RD,ROGERS RD,,Minor Arterial,Etobicoke York,43.681517,-79.467433,Non Intersection,No Control,Clear,Daylight,Dry,Non-Fatal Injury,Cyclist Collisions,Driver,25 to 29,None,,South,"Automobile, Station Wagon",Going Ahead,Driving Properly,Normal,,,,,,,,Yes,Yes,,,,,,,,,,,110,Keelesdale-Eglinton West,110,Keelesdale-Eglinton West (110),D12,623528.534830156,4837640.82976005
1066,80150375,4001460471,2/3/2014 5:00:00 AM,1043,OLD WESTON RD,ROGERS RD,,Minor Arterial,Etobicoke York,43.681517,-79.467433,Non Intersection,No Control,Clear,Daylight,Dry,Non-Fatal Injury,Cyclist Collisions,Cyclist,50 to 54,Major,,West,Bicycle,Other,,,,,,Cyclist rode off sidewalk into road at midblock.,Other,Inattentive,,Yes,Yes,,,,,,,,,,,110,Keelesdale-Eglinton West,110,Keelesdale-Eglinton West (110),D12,623528.534830156,4837640.82976005
1067,80207051,4001910374,4/8/2014 4:00:00 AM,1955,HARBORD ST,SPADINA AVE,25 m East of,Major Arterial,Toronto and East York,43.663043,-79.402095,Non Intersection,No Control,Other,Daylight,Dry,Non-Fatal Injury,Cyclist Collisions,Driver,20 to 24,None,,East,"Automobile, Station Wagon",Parked,Other,Unknown,,,,,,,,Yes,Yes,,,,,Yes,,,,,,79,University,79,University (79),D52,628834.507068033,4835688.43301365
1068,80207052,4001910374,4/8/2014 4:00:00 AM,1955,HARBORD ST,SPADINA AVE,25 m East of,Major Arterial,Toronto and East York,43.663043,-79.402095,Non Intersection,No Control,Other,Daylight,Dry,Non-Fatal Injury,Cyclist Collisions,Cyclist,20 to 24,Major,,East,Bicycle,Going Ahead,,,,,,Cyclist struck opened vehicle door,Driving Properly,Normal,,Yes,Yes,,,,,Yes,,,,,,79,University,79,University (79),D52,628834.507068033,4835688.43301365
1069,80207053,4001910374,4/8/2014 4:00:00 AM,1955,HARBORD ST,SPADINA AVE,25 m East of,Major Arterial,Toronto and East York,43.663043,-79.402095,Non Intersection,No Control,Other,Daylight,Dry,Non-Fatal Injury,Cyclist Collisions,Passenger,50 to 54,None,,,,,,,,,,,,,,Yes,Yes,,,,,Yes,,,,,,79,University,79,University (79),D52,628834.507068033,4835688.43301365
1070,80157491,4001888181,4/14/2014 4:00:00 AM,1030,REXDALE BLVD,HUMBERWOOD BLVD,,Major Arterial,Etobicoke York,43.72042,-79.609165,Non Intersection,No Control,Clear,Daylight,Dry,Non-Fatal Injury,Cyclist Collisions,Driver,unknown,None,,West,"Automobile, Station Wagon",Going Ahead,Improper Passing,Unknown,,,,,,,,Yes,Yes,,,,,,,Yes,,,,1,West Humber-Clairville,1,West Humber-Clairville (1),D23,612032.037389835,4841760.20320935
1071,80157492,4001888181,4/14/2014 4:00:00 AM,1030,REXDALE BLVD,HUMBERWOOD BLVD,,Major Arterial,Etobicoke York,43.72042,-79.609165,Non Intersection,No Control,Clear,Daylight,Dry,Non-Fatal Injury,Cyclist Collisions,Cyclist,55 to 59,Major,,West,Bicycle,Going Ahead,,,,,,Cyclist and Driver travelling in same direction. One vehicle sideswipes the other.,Driving Properly,Normal,,Yes,Yes,,,,,,,Yes,,,,1,West Humber-Clairville,1,West Humber-Clairville (1),D23,612032.037389835,4841760.20320935
1072,80158037,4001931404,4/21/2014 4:00:00 AM,1433,MORNINGSIDE AVE,GARDENTREE ST,,Minor Arterial,Scarborough,43.760081,-79.182796,Non Intersection,No Control,Clear,Daylight,Dry,Non-Fatal Injury,Cyclist Collisions,Driver,30 to 34,None,,North,"Automobile, Station Wagon",Turning Left,Improper Turn,Normal,,,,,,,,Yes,Yes,,,,,,,,,,,136,West Hill,136,West Hill (136),D43,646279.897485271,4846829.86229001
1073,80158038,4001931404,4/21/2014 4:00:00 AM,1433,MORNINGSIDE AVE,GARDENTREE ST,,Minor Arterial,Scarborough,43.760081,-79.182796,Non Intersection,No Control,Clear,Daylight,Dry,Non-Fatal Injury,Cyclist Collisions,Cyclist,55 to 59,Major,,South,Bicycle,Going Ahead,,,,,,Motorist turned left across cyclists path.,Driving Properly,Normal,,Yes,Yes,,,,,,,,,,,136,West Hill,136,West Hill (136),D43,646279.897485271,4846829.86229001
1074,80158371,4001952133,4/24/2014 4:00:00 AM,1956,MAVETY ST,DUNDAS ST W,,Major Arterial,Toronto and East York,43.665415,-79.465877,At Intersection,No Control,Clear,"Dusk, artificial",Dry,Non-Fatal Injury,Cyclist Collisions,Driver,65 to 69,None,,East,"Automobile, Station Wagon",Parked,Other,Inattentive,,,,,,,,Yes,Yes,,,,,,,,,,,90,Junction Area,90,Junction Area (90),D11,623687.027137145,4835854.80692691
1075,80158372,4001952133,4/24/2014 4:00:00 AM,1956,MAVETY ST,DUNDAS ST W,,Major Arterial,Toronto and East York,43.665415,-79.465877,At Intersection,No Control,Clear,"Dusk, artificial",Dry,Non-Fatal Injury,Cyclist Collisions,Cyclist,35 to 39,Major,,East,Bicycle,Going Ahead,,,,,,Cyclist struck opened vehicle door,Driving Properly,Normal,,Yes,Yes,,,,,,,,,,,90,Junction Area,90,Junction Area (90),D11,623687.027137145,4835854.80692691