OBJECTID,INDEX,ACCNUM,DATE,TIME,STREET1,STREET2,OFFSET,ROAD_CLASS,DISTRICT,LATITUDE,LONGITUDE,ACCLOC,TRAFFCTL,VISIBILITY,LIGHT,RDSFCOND,ACCLASS,IMPACTYPE,INVTYPE,INVAGE,INJURY,FATAL_NO,INITDIR,VEHTYPE,MANOEUVER,DRIVACT,DRIVCOND,PEDTYPE,PEDACT,PEDCOND,CYCLISTYPE,CYCACT,CYCCOND,PEDESTRIAN,CYCLIST,AUTOMOBILE,MOTORCYCLE,TRUCK,TRSN_CITY_VEH,EMERG_VEH,PASSENGER,SPEEDING,AG_DRIV,REDLIGHT,ALCOHOL,DISABILITY,HOOD_158,NEIGHBOURHOOD_158,HOOD_140,NEIGHBOURHOOD_140,DIVISION,x,y
1131,80631515,4002621781,8/2/2014 4:00:00 AM,1240,ST CLAIR AVE W,WINONA DR,,Major Arterial,Toronto and East York,43.680205,-79.43246,Intersection Related,Traffic Signal,Clear,Daylight,Dry,Non-Fatal Injury,Cyclist Collisions,Driver,unknown,None,,West,"Automobile, Station Wagon",Overtaking,Failed to Yield Right of Way,Unknown,,,,,,,,Yes,Yes,,,,,,,Yes,,,,94,Wychwood,94,Wychwood (94),D13,626350.221788096,4837547.79762049
1132,80631516,4002621781,8/2/2014 4:00:00 AM,1240,ST CLAIR AVE W,WINONA DR,,Major Arterial,Toronto and East York,43.680205,-79.43246,Intersection Related,Traffic Signal,Clear,Daylight,Dry,Non-Fatal Injury,Cyclist Collisions,Cyclist,35 to 39,Major,,West,Bicycle,Going Ahead,,,,,,Cyclist and Driver travelling in same direction. One vehicle sideswipes the other.,Driving Properly,Normal,,Yes,Yes,,,,,,,Yes,,,,94,Wychwood,94,Wychwood (94),D13,626350.221788096,4837547.79762049
1133,80631963,4000009508,8/17/2014 4:00:00 AM,2159,KINGSTON RD,PICKERING ST,10 m East of,Major Arterial,Toronto and East York,43.680213,-79.289912,At Intersection,No Control,Clear,"Dark, artificial",Dry,Non-Fatal Injury,Cyclist Collisions,Cyclist,15 to 19,Major,,West,Bicycle,Changing Lanes,,,,,,Cyclist and Driver travelling in same direction. One vehicle sideswipes the other.,Improper Lane Change,Inattentive,,Yes,Yes,,,,,,,,,,,63,The Beaches,63,The Beaches (63),D55,637840.291477297,4837775.72292599
1134,80631964,4000009508,8/17/2014 4:00:00 AM,2159,KINGSTON RD,PICKERING ST,10 m East of,Major Arterial,Toronto and East York,43.680213,-79.289912,At Intersection,No Control,Clear,"Dark, artificial",Dry,Non-Fatal Injury,Cyclist Collisions,Driver,50 to 54,None,,West,"Automobile, Station Wagon",Going Ahead,Driving Properly,Normal,,,,,,,,Yes,Yes,,,,,,,,,,,63,The Beaches,63,The Beaches (63),D55,637840.291477297,4837775.72292599
1135,81132096,4002723007,8/17/2014 4:00:00 AM,2159,KINGSTON RD,PICKERING ST,,Major Arterial,Toronto and East York,43.680282,-79.289921,Non Intersection,No Control,Clear,"Dark, artificial",Dry,Non-Fatal Injury,Cyclist Collisions,Cyclist,15 to 19,Major,,West,Bicycle,Changing Lanes,,,,,,,Improper Lane Change,Inattentive,,Yes,Yes,,,,,,,,,,,63,The Beaches,62,East End-Danforth (62),D55,637839.408018004,4837783.37137678
1136,81132097,4002723007,8/17/2014 4:00:00 AM,2159,KINGSTON RD,PICKERING ST,,Major Arterial,Toronto and East York,43.680282,-79.289921,Non Intersection,No Control,Clear,"Dark, artificial",Dry,Non-Fatal Injury,Cyclist Collisions,Driver,50 to 54,None,,West,"Automobile, Station Wagon",Going Ahead,Driving Properly,Normal,,,,,,,,Yes,Yes,,,,,,,,,,,63,The Beaches,62,East End-Danforth (62),D55,637839.408018004,4837783.37137678
1137,80171466,4002735786,8/19/2014 4:00:00 AM,2120,COLLEGE ST,RUSHOLME PARK CRT,,Major Arterial,Toronto and East York,43.652896,-79.429668,At Intersection,Stop Sign,Clear,"Dark, artificial",Dry,Non-Fatal Injury,Cyclist Collisions,Driver,25 to 29,None,,East,Delivery Van,Turning Right,Improper Turn,Inattentive,,,,,,,,Yes,Yes,,,,,,,,,,,84,Little Portugal,84,Little Portugal (84),D14,626632.68137393,4834519.02757631
1138,80171467,4002735786,8/19/2014 4:00:00 AM,2120,COLLEGE ST,RUSHOLME PARK CRT,,Major Arterial,Toronto and East York,43.652896,-79.429668,At Intersection,Stop Sign,Clear,"Dark, artificial",Dry,Non-Fatal Injury,Cyclist Collisions,Cyclist,40 to 44,Major,,North,Bicycle,Going Ahead,,,,,,"Motorist turns right at non-signal Inter.(stop, yield, no cont.,and dwy) and strikes cyclist.",Driving Properly,Normal,,Yes,Yes,,,,,,,,,,,84,Little Portugal,84,Little Portugal (84),D14,626632.68137393,4834519.02757631
1139,80171679,4002750756,8/22/2014 4:00:00 AM,122,BLOOR ST E,PARLIAMENT ST,,Major Arterial,Toronto and East York,43.671954,-79.370693,At Intersection,Traffic Signal,Clear,Dark,Dry,Non-Fatal Injury,Cyclist Collisions,Cyclist,25 to 29,Major,,East,Bicycle,Going Ahead,,,,,,Motorist turned left across cyclists path.,Driving Properly,Normal,,Yes,Yes,,,,,,,Yes,,,,71,Cabbagetown-South St.James Town,71,Cabbagetown-South St.James Town (71),D51,631346.949598479,4836727.36234447
1140,80171680,4002750756,8/22/2014 4:00:00 AM,122,BLOOR ST E,PARLIAMENT ST,,Major Arterial,Toronto and East York,43.671954,-79.370693,At Intersection,Traffic Signal,Clear,Dark,Dry,Non-Fatal Injury,Cyclist Collisions,Driver,40 to 44,None,,West,"Automobile, Station Wagon",Turning Left,Failed to Yield Right of Way,Inattentive,,,,,,,,Yes,Yes,,,,,,,Yes,,,,71,Cabbagetown-South St.James Town,71,Cabbagetown-South St.James Town (71),D51,631346.949598479,4836727.36234447
1141,80171781,4002755635,8/22/2014 4:00:00 AM,1805,ROYAL YORK RD,ASHLEY RD,,Minor Arterial,Etobicoke York,43.663146,-79.51839,At Intersection,No Control,Clear,Daylight,Dry,Non-Fatal Injury,Cyclist Collisions,Driver,30 to 34,None,,South,"Automobile, Station Wagon",Turning Right,Failed to Yield Right of Way,Inattentive,,,,,,,,Yes,Yes,,,,,,,Yes,,,,9,Edenbridge-Humber Valley,9,Edenbridge-Humber Valley (9),D22,619457.686896264,4835525.85563568
1142,80171782,4002755635,8/22/2014 4:00:00 AM,1805,ROYAL YORK RD,ASHLEY RD,,Minor Arterial,Etobicoke York,43.663146,-79.51839,At Intersection,No Control,Clear,Daylight,Dry,Non-Fatal Injury,Cyclist Collisions,Cyclist,30 to 34,Major,,South,Bicycle,Going Ahead,,,,,,"Motorist turns right at non-signal Inter.(stop, yield, no cont.,and dwy) and strikes cyclist.",Driving Properly,Normal,,Yes,Yes,,,,,,,Yes,,,,9,Edenbridge-Humber Valley,9,Edenbridge-Humber Valley (9),D22,619457.686896264,4835525.85563568
1143,80172238,4002781365,8/26/2014 4:00:00 AM,1720,ROGERS RD,SILVERTHORN AVE,,Minor Arterial,Etobicoke York,43.682765,-79.463306,Intersection Related,Traffic Signal,Clear,Daylight,Dry,Non-Fatal Injury,Cyclist Collisions,Driver,30 to 34,None,,West,"Automobile, Station Wagon",Turning Right,Improper Turn,Normal,,,,,,,,Yes,Yes,,,,,,,,,,,110,Keelesdale-Eglinton West,110,Keelesdale-Eglinton West (110),D12,623858.615666971,4837785.5919912
1144,80172239,4002781365,8/26/2014 4:00:00 AM,1720,ROGERS RD,SILVERTHORN AVE,,Minor Arterial,Etobicoke York,43.682765,-79.463306,Intersection Related,Traffic Signal,Clear,Daylight,Dry,Non-Fatal Injury,Cyclist Collisions,Cyclist,30 to 34,Major,,West,Bicycle,Turning Right,,,,,,Motorist turning right on green or amber at signalized intersection strikes cyclist.,Driving Properly,Normal,,Yes,Yes,,,,,,,,,,,110,Keelesdale-Eglinton West,110,Keelesdale-Eglinton West (110),D12,623858.615666971,4837785.5919912
1145,80631880,4002824583,8/29/2014 4:00:00 AM,1200,WELLESLEY ST E,BLEECKER ST,18 m East of,Minor Arterial,Toronto and East York,43.667224,-79.373737,Intersection Related,No Control,Clear,Daylight,Dry,Non-Fatal Injury,Cyclist Collisions,Driver,unknown,None,,North,"Automobile, Station Wagon",Going Ahead,Failed to Yield Right of Way,Unknown,,,,,,,,Yes,Yes,,,,,,,Yes,,,,71,Cabbagetown-South St.James Town,71,Cabbagetown-South St.James Town (71),D51,631111.852902476,4836197.21660187
1146,80631881,4002824583,8/29/2014 4:00:00 AM,1200,WELLESLEY ST E,BLEECKER ST,18 m East of,Minor Arterial,Toronto and East York,43.667224,-79.373737,Intersection Related,No Control,Clear,Daylight,Dry,Non-Fatal Injury,Cyclist Collisions,Cyclist,50 to 54,Major,,West,Bicycle,Going Ahead,,,,,,"Motorist without ROW drives into path of cyclist at inter, lnwy, dwy-Driver not turn.",Driving Properly,Normal,,Yes,Yes,,,,,,,Yes,,,,71,Cabbagetown-South St.James Town,71,Cabbagetown-South St.James Town (71),D51,631111.852902476,4836197.21660187
1147,80631878,4002803863,8/30/2014 4:00:00 AM,115,QUEEN ST W,DUFFERIN ST,50 m East of,Major Arterial,Toronto and East York,43.642298,-79.427852,Non Intersection,No Control,Clear,"Dark, artificial",Dry,Non-Fatal Injury,Cyclist Collisions,Cyclist,25 to 29,Major,,East,,Going Ahead,,,,,,Insufficient information (to determine cyclist crash type).,Other,Had Been Drinking,,Yes,,,,Yes,,,,,,,,84,Little Portugal,84,Little Portugal (84),D14,626801.424082488,4833344.75538816
1148,80631879,4002803863,8/30/2014 4:00:00 AM,115,QUEEN ST W,DUFFERIN ST,50 m East of,Major Arterial,Toronto and East York,43.642298,-79.427852,Non Intersection,No Control,Clear,"Dark, artificial",Dry,Non-Fatal Injury,Cyclist Collisions,Driver,35 to 39,None,,West,Street Car,Going Ahead,Driving Properly,Normal,,,,,,,,Yes,,,,Yes,,,,,,,,84,Little Portugal,84,Little Portugal (84),D14,626801.424082488,4833344.75538816
1149,80173513,4002856687,9/6/2014 4:00:00 AM,1610,PELHAM AVE,UXBRIDGE AVE,,Local,Toronto and East York,43.667918,-79.456767,Non Intersection,No Control,Clear,Daylight,Dry,Non-Fatal Injury,Cyclist Collisions,Driver,40 to 44,None,,West,"Automobile, Station Wagon",Slowing or Stopping,Driving Properly,Normal,,,,,,,,Yes,Yes,,,,,,,,,,,91,Weston-Pelham Park,91,Weston-Pellam Park (91),D11,624416.346771058,4836146.42029958
1150,80173514,4002856687,9/6/2014 4:00:00 AM,1610,PELHAM AVE,UXBRIDGE AVE,,Local,Toronto and East York,43.667918,-79.456767,Non Intersection,No Control,Clear,Daylight,Dry,Non-Fatal Injury,Cyclist Collisions,Cyclist,50 to 54,Major,,South,Bicycle,Going Ahead,,,,,,"Cyclist without ROW rides into path of motorist at inter, lnwy, dwy-Cyclist not turn.",Failed to Yield Right of Way,Had Been Drinking,,Yes,Yes,,,,,,,,,,,91,Weston-Pelham Park,91,Weston-Pellam Park (91),D11,624416.346771058,4836146.42029958
1151,80631888,4002987190,9/26/2014 4:00:00 AM,1153,WILSON AVE,BILLY BISHOP WAY,4 m South of,Major Arterial,North York,43.733313,-79.452823,At Intersection,Traffic Signal,Clear,Daylight,Dry,Non-Fatal Injury,Cyclist Collisions,Driver,50 to 54,None,,North,"Automobile, Station Wagon",Turning Right,Driving Properly,Normal,,,,,,,,Yes,Yes,,,,,,,,,,,33,Clanton Park,33,Clanton Park (33),D32,624598.783014715,4843415.36256643
1152,80631889,4002987190,9/26/2014 4:00:00 AM,1153,WILSON AVE,BILLY BISHOP WAY,4 m South of,Major Arterial,North York,43.733313,-79.452823,At Intersection,Traffic Signal,Clear,Daylight,Dry,Non-Fatal Injury,Cyclist Collisions,Cyclist,20 to 24,Major,,East,Bicycle,Going Ahead,,,,,,"Cyclist without ROW rides into path of motorist at inter, lnwy, dwy-Cyclist not turn.",Failed to Yield Right of Way,Normal,,Yes,Yes,,,,,,,,,,,33,Clanton Park,33,Clanton Park (33),D32,624598.783014715,4843415.36256643
1153,80175681,4003007939,9/29/2014 4:00:00 AM,1325,COLLEGE ST,SHAW ST,,Major Arterial,Toronto and East York,43.654898,-79.420261,Non Intersection,Pedestrian Crossover,Clear,Daylight,Dry,Non-Fatal Injury,Cyclist Collisions,Driver,35 to 39,None,,South,"Automobile, Station Wagon",Going Ahead,Failed to Yield Right of Way,Normal,,,,,,,,Yes,Yes,,,,,Yes,,Yes,,,,81,Trinity-Bellwoods,81,Trinity-Bellwoods (81),D14,627387.043040021,4834755.77435349
1154,80175682,4003007939,9/29/2014 4:00:00 AM,1325,COLLEGE ST,SHAW ST,,Major Arterial,Toronto and East York,43.654898,-79.420261,Non Intersection,Pedestrian Crossover,Clear,Daylight,Dry,Non-Fatal Injury,Cyclist Collisions,Cyclist,25 to 29,Major,,East,Bicycle,Going Ahead,,,,,,"Motorist without ROW drives into path of cyclist at inter, lnwy, dwy-Driver not turn.",Failed to Yield Right of Way,Fatigue,,Yes,Yes,,,,,Yes,,Yes,,,,81,Trinity-Bellwoods,81,Trinity-Bellwoods (81),D14,627387.043040021,4834755.77435349
1155,80175683,4003007939,9/29/2014 4:00:00 AM,1325,COLLEGE ST,SHAW ST,,Major Arterial,Toronto and East York,43.654898,-79.420261,Non Intersection,Pedestrian Crossover,Clear,Daylight,Dry,Non-Fatal Injury,Cyclist Collisions,Passenger,20 to 24,Minimal,,,,,,,,,,,,,,Yes,Yes,,,,,Yes,,Yes,,,,81,Trinity-Bellwoods,81,Trinity-Bellwoods (81),D14,627387.043040021,4834755.77435349
1156,80485685,4003073382,10/9/2014 4:00:00 AM,1410,WARDEN AVE,MARBLE ARCH CRES,,Major Arterial,Scarborough,43.735335,-79.290637,Non Intersection,Traffic Signal,Clear,Daylight,Dry,Fatal,Cyclist Collisions,Driver,45 to 49,None,,North,"Automobile, Station Wagon",Going Ahead,Disobeyed Traffic Control,Inattentive,,,,,,,,Yes,Yes,,,,,,,Yes,Yes,,,119,Wexford/Maryvale,119,Wexford/Maryvale (119),D41,637655.610029519,4843896.60922149
1157,80485686,4003073382,10/9/2014 4:00:00 AM,1410,WARDEN AVE,MARBLE ARCH CRES,,Major Arterial,Scarborough,43.735335,-79.290637,Non Intersection,Traffic Signal,Clear,Daylight,Dry,Fatal,Cyclist Collisions,Cyclist,60 to 64,Fatal,32,East,Bicycle,Going Ahead,,,,,,"Motorist without ROW drives into path of cyclist at inter, lnwy, dwy-Driver not turn.",Driving Properly,Normal,,Yes,Yes,,,,,,,Yes,Yes,,,119,Wexford/Maryvale,119,Wexford/Maryvale (119),D41,637655.610029519,4843896.60922149
1158,80177786,4003142204,10/20/2014 4:00:00 AM,1803,BAY ST,QUEEN ST W,,Major Arterial,Toronto and East York,43.651881,-79.381709,At Intersection,Traffic Signal,Rain,Dusk,Wet,Non-Fatal Injury,Cyclist Collisions,Driver,20 to 24,None,,North,"Automobile, Station Wagon",Turning Left,Failed to Yield Right of Way,Normal,,,,,,,,Yes,Yes,,,,,,,Yes,,,,170,Yonge-Bay Corridor,76,Bay Street Corridor (76),D52,630502.367458047,4834480.60413368
1159,80177787,4003142204,10/20/2014 4:00:00 AM,1803,BAY ST,QUEEN ST W,,Major Arterial,Toronto and East York,43.651881,-79.381709,At Intersection,Traffic Signal,Rain,Dusk,Wet,Non-Fatal Injury,Cyclist Collisions,Vehicle Owner,unknown,,,,"Automobile, Station Wagon",,,,,,,,,,,Yes,Yes,,,,,,,Yes,,,,170,Yonge-Bay Corridor,76,Bay Street Corridor (76),D52,630502.367458047,4834480.60413368
1160,80177788,4003142204,10/20/2014 4:00:00 AM,1803,BAY ST,QUEEN ST W,,Major Arterial,Toronto and East York,43.651881,-79.381709,At Intersection,Traffic Signal,Rain,Dusk,Wet,Non-Fatal Injury,Cyclist Collisions,Cyclist,25 to 29,Major,,North,Bicycle,Going Ahead,,,,,,Motorist turned left across cyclists path.,Driving Properly,Normal,,Yes,Yes,,,,,,,Yes,,,,170,Yonge-Bay Corridor,76,Bay Street Corridor (76),D52,630502.367458047,4834480.60413368
1161,80221526,4003192512,10/28/2014 4:00:00 AM,1515,VICTORIA PARK AVE,O CONNOR DR,,Major Arterial,North York,43.723372,-79.302089,Intersection Related,Traffic Signal,Other,Daylight,Dry,Fatal,Cyclist Collisions,Driver,45 to 49,None,,South,"Automobile, Station Wagon",Turning Right,Improper Turn,Inattentive,,,,,,,,Yes,Yes,,,,,,,,,,,120,Clairlea-Birchmount,120,Clairlea-Birchmount (120),D41,636760.591348898,4842548.97851575
1162,80221527,4003192512,10/28/2014 4:00:00 AM,1515,VICTORIA PARK AVE,O CONNOR DR,,Major Arterial,North York,43.723372,-79.302089,Intersection Related,Traffic Signal,Other,Daylight,Dry,Fatal,Cyclist Collisions,Cyclist,70 to 74,Fatal,36,South,Bicycle,Going Ahead,,,,,,Motorist turning right on green or amber at signalized intersection strikes cyclist.,Other,Other,,Yes,Yes,,,,,,,,,,,120,Clairlea-Birchmount,120,Clairlea-Birchmount (120),D41,636760.591348898,4842548.97851575
1163,80178884,4003213460,10/31/2014 4:00:00 AM,1845,REXDALE BLVD,HIGHWAY 27  S,,Major Arterial,Etobicoke York,43.717257,-79.595607,At Intersection,Traffic Signal,Rain,"Dark, artificial",Wet,Non-Fatal Injury,Cyclist Collisions,Driver,25 to 29,None,,East,"Automobile, Station Wagon",Going Ahead,Driving Properly,Normal,,,,,,,,Yes,Yes,,,,,Yes,,,,,,1,West Humber-Clairville,1,West Humber-Clairville (1),D23,613130.096343118,4841427.32370994
1164,80178885,4003213460,10/31/2014 4:00:00 AM,1845,REXDALE BLVD,HIGHWAY 27  S,,Major Arterial,Etobicoke York,43.717257,-79.595607,At Intersection,Traffic Signal,Rain,"Dark, artificial",Wet,Non-Fatal Injury,Cyclist Collisions,Passenger,30 to 34,None,,,,,,,,,,,,,,Yes,Yes,,,,,Yes,,,,,,1,West Humber-Clairville,1,West Humber-Clairville (1),D23,613130.096343118,4841427.32370994
1165,80178886,4003213460,10/31/2014 4:00:00 AM,1845,REXDALE BLVD,HIGHWAY 27  S,,Major Arterial,Etobicoke York,43.717257,-79.595607,At Intersection,Traffic Signal,Rain,"Dark, artificial",Wet,Non-Fatal Injury,Cyclist Collisions,Passenger,10 to 14,None,,,,,,,,,,,,,,Yes,Yes,,,,,Yes,,,,,,1,West Humber-Clairville,1,West Humber-Clairville (1),D23,613130.096343118,4841427.32370994
1166,80178887,4003213460,10/31/2014 4:00:00 AM,1845,REXDALE BLVD,HIGHWAY 27  S,,Major Arterial,Etobicoke York,43.717257,-79.595607,At Intersection,Traffic Signal,Rain,"Dark, artificial",Wet,Non-Fatal Injury,Cyclist Collisions,Passenger,10 to 14,None,,,,,,,,,,,,,,Yes,Yes,,,,,Yes,,,,,,1,West Humber-Clairville,1,West Humber-Clairville (1),D23,613130.096343118,4841427.32370994
1167,80178888,4003213460,10/31/2014 4:00:00 AM,1845,REXDALE BLVD,HIGHWAY 27  S,,Major Arterial,Etobicoke York,43.717257,-79.595607,At Intersection,Traffic Signal,Rain,"Dark, artificial",Wet,Non-Fatal Injury,Cyclist Collisions,Passenger,5 to 9,None,,,,,,,,,,,,,,Yes,Yes,,,,,Yes,,,,,,1,West Humber-Clairville,1,West Humber-Clairville (1),D23,613130.096343118,4841427.32370994
1168,80178889,4003213460,10/31/2014 4:00:00 AM,1845,REXDALE BLVD,HIGHWAY 27  S,,Major Arterial,Etobicoke York,43.717257,-79.595607,At Intersection,Traffic Signal,Rain,"Dark, artificial",Wet,Non-Fatal Injury,Cyclist Collisions,Cyclist,75 to 79,Major,,East,Bicycle,Unknown,,,,,,Cyclist and Driver travelling in same direction. One vehicle sideswipes the other.,Other,Normal,,Yes,Yes,,,,,Yes,,,,,,1,West Humber-Clairville,1,West Humber-Clairville (1),D23,613130.096343118,4841427.32370994
1169,80180577,4003325282,11/18/2014 5:00:00 AM,1804,MOORE PARK AVE,HILDA AVE,,Collector,North York,43.792102,-79.42686,At Intersection,Stop Sign,Clear,"Dark, artificial",Dry,Non-Fatal Injury,Cyclist Collisions,Driver,unknown,None,,East,"Automobile, Station Wagon",Going Ahead,Failed to Yield Right of Way,Unknown,,,,,,,,Yes,Yes,,,,,,,Yes,,,,36,Newtonbrook West,36,Newtonbrook West (36),D32,626565.649284636,4849984.1332357
1170,80180578,4003325282,11/18/2014 5:00:00 AM,1804,MOORE PARK AVE,HILDA AVE,,Collector,North York,43.792102,-79.42686,At Intersection,Stop Sign,Clear,"Dark, artificial",Dry,Non-Fatal Injury,Cyclist Collisions,Cyclist,55 to 59,Major,,South,,Going Ahead,,,,,,"Motorist without ROW drives into path of cyclist at inter, lnwy, dwy-Driver not turn.",Driving Properly,Normal,,Yes,Yes,,,,,,,Yes,,,,36,Newtonbrook West,36,Newtonbrook West (36),D32,626565.649284636,4849984.1332357
1171,80181211,4003374622,11/26/2014 5:00:00 AM,1625,23 CASTOR CRES,,,Local,Scarborough,43.78147,-79.224178,At/Near Private Drive,No Control,Clear,Dusk,Dry,Non-Fatal Injury,Cyclist Collisions,Cyclist,15 to 19,Major,,East,Bicycle,Changing Lanes,,,,,,Cyclist and Driver travelling in same direction. One vehicle sideswipes the other.,Improper Lane Change,Inattentive,,Yes,Yes,,,,,,,,,,,142,Woburn North,137,Woburn (137),D43,642897.76860473,4849133.1810115
1172,80181212,4003374622,11/26/2014 5:00:00 AM,1625,23 CASTOR CRES,,,Local,Scarborough,43.78147,-79.224178,At/Near Private Drive,No Control,Clear,Dusk,Dry,Non-Fatal Injury,Cyclist Collisions,Driver,55 to 59,None,,East,"Automobile, Station Wagon",Going Ahead,Driving Properly,Normal,,,,,,,,Yes,Yes,,,,,,,,,,,142,Woburn North,137,Woburn (137),D43,642897.76860473,4849133.1810115
1173,80631919,4003399384,11/30/2014 5:00:00 AM,1702,203 FAYWOOD BLVD,,,Collector,North York,43.747107,-79.449291,At/Near Private Drive,No Control,Rain,"Dark, artificial",Wet,Non-Fatal Injury,Cyclist Collisions,Driver,30 to 34,None,,East,Pick Up Truck,Reversing,Other,Inattentive,,,,,,,,Yes,Yes,,,,,,,,,,,33,Clanton Park,33,Clanton Park (33),D32,624854.553080918,4844952.70438745
1174,80631920,4003399384,11/30/2014 5:00:00 AM,1702,203 FAYWOOD BLVD,,,Collector,North York,43.747107,-79.449291,At/Near Private Drive,No Control,Rain,"Dark, artificial",Wet,Non-Fatal Injury,Cyclist Collisions,Cyclist,35 to 39,Major,,North,Bicycle,Going Ahead,,,,,,Motorist reversing struck cyclist.,Driving Properly,Other,,Yes,Yes,,,,,,,,,,,33,Clanton Park,33,Clanton Park (33),D32,624854.553080918,4844952.70438745
1175,80225387,4003521992,12/20/2014 5:00:00 AM,1410,OSSINGTON AVE,BLOOR ST W,15 m South o,Major Arterial,Toronto and East York,43.661971,-79.425647,Non Intersection,No Control,Clear,Daylight,Dry,Non-Fatal Injury,Cyclist Collisions,Driver,55 to 59,None,,South,"Automobile, Station Wagon",Overtaking,Improper Passing,Inattentive,,,,,,,,Yes,Yes,,,,,Yes,,Yes,,,,80,Palmerston-Little Italy,80,Palmerston-Little Italy (80),D14,626937.817156265,4835533.06953184
1176,80225388,4003521992,12/20/2014 5:00:00 AM,1410,OSSINGTON AVE,BLOOR ST W,15 m South o,Major Arterial,Toronto and East York,43.661971,-79.425647,Non Intersection,No Control,Clear,Daylight,Dry,Non-Fatal Injury,Cyclist Collisions,Cyclist,25 to 29,Major,,South,Bicycle,Going Ahead,,,,,,Cyclist and Driver travelling in same direction. One vehicle sideswipes the other.,Driving Properly,Normal,,Yes,Yes,,,,,Yes,,Yes,,,,80,Palmerston-Little Italy,80,Palmerston-Little Italy (80),D14,626937.817156265,4835533.06953184
1177,80225389,4003521992,12/20/2014 5:00:00 AM,1410,OSSINGTON AVE,BLOOR ST W,15 m South o,Major Arterial,Toronto and East York,43.661971,-79.425647,Non Intersection,No Control,Clear,Daylight,Dry,Non-Fatal Injury,Cyclist Collisions,Passenger,55 to 59,None,,,,,,,,,,,,,,Yes,Yes,,,,,Yes,,Yes,,,,80,Palmerston-Little Italy,80,Palmerston-Little Italy (80),D14,626937.817156265,4835533.06953184
1178,80559729,,1/9/2015 5:00:00 AM,2148,SPADINA AVE,ST ANDREW ST,6 m North of,Major Arterial,Toronto and East York,43.654383,-79.398639,Intersection Related,Traffic Signal,Clear,"Dark, artificial",Wet,Non-Fatal Injury,Cyclist Collisions,Cyclist,35 to 39,Major,,South,Bicycle,Turning Left,,,,,,Cyclist turned left across motorists path.,Improper Turn,Had Been Drinking,,Yes,,,,Yes,,,,,,,,78,Kensington-Chinatown,78,Kensington-Chinatown (78),D14,629131.720138319,4834731.99807873
1179,80559730,,1/9/2015 5:00:00 AM,2148,SPADINA AVE,ST ANDREW ST,6 m North of,Major Arterial,Toronto and East York,43.654383,-79.398639,Intersection Related,Traffic Signal,Clear,"Dark, artificial",Wet,Non-Fatal Injury,Cyclist Collisions,Driver,35 to 39,None,,South,Street Car,Going Ahead,Driving Properly,Normal,,,,,,,,Yes,,,,Yes,,,,,,,,78,Kensington-Chinatown,78,Kensington-Chinatown (78),D14,629131.720138319,4834731.99807873
1180,80560102,,1/11/2015 5:00:00 AM,338,KINGSTON RD,WARDEN AVE,,Major Arterial,Scarborough,43.687747,-79.270908,At Intersection,Traffic Signal,Clear,"Dark, artificial",Dry,Non-Fatal Injury,Cyclist Collisions,Cyclist,25 to 29,Major,,East,Bicycle,Other,,,,,,Cyclist and Driver travelling in same direction. One vehicle sideswipes the other.,Disobeyed Traffic Control,Unknown,,Yes,Yes,,,,,,,,,,,122,Birchcliffe-Cliffside,122,Birchcliffe-Cliffside (122),D41,639354.666234126,4838644.23977413
1181,80560103,,1/11/2015 5:00:00 AM,338,KINGSTON RD,WARDEN AVE,,Major Arterial,Scarborough,43.687747,-79.270908,At Intersection,Traffic Signal,Clear,"Dark, artificial",Dry,Non-Fatal Injury,Cyclist Collisions,Driver,40 to 44,None,,East,"Automobile, Station Wagon",Going Ahead,Driving Properly,Normal,,,,,,,,Yes,Yes,,,,,,,,,,,122,Birchcliffe-Cliffside,122,Birchcliffe-Cliffside (122),D41,639354.666234126,4838644.23977413
1182,80559522,,3/20/2015 4:00:00 AM,2020,KING ST W,TYNDALL AVE,,Major Arterial,Toronto and East York,43.638571,-79.429126,At Intersection,Stop Sign,Clear,"Dark, artificial",Dry,Non-Fatal Injury,Cyclist Collisions,Driver,55 to 59,None,,North,"Automobile, Station Wagon",Turning Left,Failed to Yield Right of Way,Inattentive,,,,,,,,Yes,Yes,,,,,,,Yes,,,,85,South Parkdale,85,South Parkdale (85),D14,626706.502794001,4832928.87868619
1183,80559523,,3/20/2015 4:00:00 AM,2020,KING ST W,TYNDALL AVE,,Major Arterial,Toronto and East York,43.638571,-79.429126,At Intersection,Stop Sign,Clear,"Dark, artificial",Dry,Non-Fatal Injury,Cyclist Collisions,Cyclist,45 to 49,Major,,West,Bicycle,Going Ahead,,,,,,Motorist turned left across cyclists path.,Driving Properly,Normal,,Yes,Yes,,,,,,,Yes,,,,85,South Parkdale,85,South Parkdale (85),D14,626706.502794001,4832928.87868619