OBJECTID,INDEX,ACCNUM,DATE,TIME,STREET1,STREET2,OFFSET,ROAD_CLASS,DISTRICT,LATITUDE,LONGITUDE,ACCLOC,TRAFFCTL,VISIBILITY,LIGHT,RDSFCOND,ACCLASS,IMPACTYPE,INVTYPE,INVAGE,INJURY,FATAL_NO,INITDIR,VEHTYPE,MANOEUVER,DRIVACT,DRIVCOND,PEDTYPE,PEDACT,PEDCOND,CYCLISTYPE,CYCACT,CYCCOND,PEDESTRIAN,CYCLIST,AUTOMOBILE,MOTORCYCLE,TRUCK,TRSN_CITY_VEH,EMERG_VEH,PASSENGER,SPEEDING,AG_DRIV,REDLIGHT,ALCOHOL,DISABILITY,HOOD_158,NEIGHBOURHOOD_158,HOOD_140,NEIGHBOURHOOD_140,DIVISION,x,y
1184,80234285,,3/23/2015 4:00:00 AM,1100,HOMEWOOD AVENUE,MAITLAND PLACE,,Collector,Toronto and East York,43.665728,-79.375522,At Intersection,Stop Sign,Clear,Daylight,Dry,Non-Fatal Injury,Cyclist Collisions,Cyclist,15 to 19,Major,,East,Bicycle,Turning Left,,,,,,Cyclist turned left across motorists path.,Disobeyed Traffic Control,Inattentive,,Yes,Yes,,,,,,,,,,,71,Cabbagetown-South St.James Town,71,Cabbagetown-South St.James Town (71),D51,630971.195383045,4836028.24614496
1185,80234286,,3/23/2015 4:00:00 AM,1100,HOMEWOOD AVENUE,MAITLAND PLACE,,Collector,Toronto and East York,43.665728,-79.375522,At Intersection,Stop Sign,Clear,Daylight,Dry,Non-Fatal Injury,Cyclist Collisions,Driver,60 to 64,None,,South,"Automobile, Station Wagon",Going Ahead,Driving Properly,Normal,,,,,,,,Yes,Yes,,,,,,,,,,,71,Cabbagetown-South St.James Town,71,Cabbagetown-South St.James Town (71),D51,630971.195383045,4836028.24614496
1186,80238359,,5/10/2015 4:00:00 AM,1830,50 CARLTON ST,,4 m South of,Major Arterial,North York,43.661627,-79.380183,Non Intersection,No Control,Clear,Daylight,Dry,Non-Fatal Injury,Cyclist Collisions,Cyclist,60 to 64,Major,,East,Bicycle,Changing Lanes,,,,,,Cyclist and Driver travelling in same direction. One vehicle sideswipes the other.,Improper Lane Change,Had Been Drinking,,Yes,,,Yes,,,,,,,,,168,Downtown Yonge East,75,Church-Yonge Corridor (75),D51,630604.297758796,4835565.42744046
1187,80238360,,5/10/2015 4:00:00 AM,1830,50 CARLTON ST,,4 m South of,Major Arterial,North York,43.661627,-79.380183,Non Intersection,No Control,Clear,Daylight,Dry,Non-Fatal Injury,Cyclist Collisions,Truck Driver,45 to 49,None,,West,"Truck - Closed (Blazer, etc)",Going Ahead,Driving Properly,Normal,,,,,,,,Yes,,,Yes,,,,,,,,,168,Downtown Yonge East,75,Church-Yonge Corridor (75),D51,630604.297758796,4835565.42744046
1188,80238702,,5/14/2015 4:00:00 AM,1538,DUNVEGAN RD,ST CLAIR AVE W,,Local,Toronto and East York,43.686713,-79.405063,Non Intersection,No Control,Clear,Daylight,Dry,Non-Fatal Injury,Cyclist Collisions,Driver,45 to 49,None,,South,"Automobile, Station Wagon",Turning Left,Improper Turn,Normal,,,,,,,,Yes,Yes,,,,,Yes,,,,,,96,Casa Loma,96,Casa Loma (96),D53,628544.654885057,4838312.70127371
1189,80238703,,5/14/2015 4:00:00 AM,1538,DUNVEGAN RD,ST CLAIR AVE W,,Local,Toronto and East York,43.686713,-79.405063,Non Intersection,No Control,Clear,Daylight,Dry,Non-Fatal Injury,Cyclist Collisions,Cyclist,20 to 24,Major,,North,Bicycle,Going Ahead,,,,,,Motorist turned left across cyclists path.,Driving Properly,Normal,,Yes,Yes,,,,,Yes,,,,,,96,Casa Loma,96,Casa Loma (96),D53,628544.654885057,4838312.70127371
1190,80238704,,5/14/2015 4:00:00 AM,1538,DUNVEGAN RD,ST CLAIR AVE W,,Local,Toronto and East York,43.686713,-79.405063,Non Intersection,No Control,Clear,Daylight,Dry,Non-Fatal Injury,Cyclist Collisions,Passenger,0 to 4,None,,,,,,,,,,,,,,Yes,Yes,,,,,Yes,,,,,,96,Casa Loma,96,Casa Loma (96),D53,628544.654885057,4838312.70127371
1191,80000143,,5/19/2015 4:00:00 AM,823,ROXBOROUGH ST E,WRENTHAM PL,,Collector,Toronto and East York,43.679423,-79.382312,,Stop Sign,Clear,"Daylight, artificial",Dry,Fatal,Cyclist Collisions,Cyclist,75 to 79,Fatal,26,North,Bicycle,Turning Left,,,,,,Cyclist turned left across motorists path.,Improper Turn,Unknown,,Yes,Yes,,,,,,,,,,,98,Rosedale-Moore Park,98,Rosedale-Moore Park (98),D53,630394.093182709,4837538.56382269
1192,80000144,,5/19/2015 4:00:00 AM,823,ROXBOROUGH ST E,WRENTHAM PL,,Collector,Toronto and East York,43.679423,-79.382312,,Stop Sign,Clear,"Daylight, artificial",Dry,Fatal,Cyclist Collisions,Driver,40 to 44,Minimal,,East,"Automobile, Station Wagon",Going Ahead,Driving Properly,Normal,,,,,,,,Yes,Yes,,,,,,,,,,,98,Rosedale-Moore Park,98,Rosedale-Moore Park (98),D53,630394.093182709,4837538.56382269
1193,80632014,,5/21/2015 4:00:00 AM,2255,YONGE ST,FRONT ST E,10 m North o,Major Arterial,Toronto and East York,43.646811,-79.376933,At Intersection,Traffic Signal,Clear,"Dark, artificial",Dry,Non-Fatal Injury,Cyclist Collisions,Cyclist,35 to 39,Major,,South,Bicycle,Overtaking,,,,,,Cyclist and Driver travelling in same direction. One vehicle sideswipes the other.,Improper Passing,Normal,,Yes,Yes,,,,,Yes,,,,,,166,St Lawrence-East Bayfront-The Islands,77,Waterfront Communities-The Island (77),D51,630898.531296942,4833925.03633862
1194,80632015,,5/21/2015 4:00:00 AM,2255,YONGE ST,FRONT ST E,10 m North o,Major Arterial,Toronto and East York,43.646811,-79.376933,At Intersection,Traffic Signal,Clear,"Dark, artificial",Dry,Non-Fatal Injury,Cyclist Collisions,Driver,60 to 64,None,,South,Pick Up Truck,Going Ahead,Driving Properly,Normal,,,,,,,,Yes,Yes,,,,,Yes,,,,,,166,St Lawrence-East Bayfront-The Islands,77,Waterfront Communities-The Island (77),D51,630898.531296942,4833925.03633862
1195,80632016,,5/21/2015 4:00:00 AM,2255,YONGE ST,FRONT ST E,10 m North o,Major Arterial,Toronto and East York,43.646811,-79.376933,At Intersection,Traffic Signal,Clear,"Dark, artificial",Dry,Non-Fatal Injury,Cyclist Collisions,Passenger,20 to 24,None,,,,,,,,,,,,,,Yes,Yes,,,,,Yes,,,,,,166,St Lawrence-East Bayfront-The Islands,77,Waterfront Communities-The Island (77),D51,630898.531296942,4833925.03633862
1196,80239413,,5/23/2015 4:00:00 AM,1030,MARINE PARADE DR,PARK LAWN RD,,Major Arterial,Etobicoke York,43.622958,-79.481197,At Intersection,Traffic Signal,Clear,Daylight,Dry,Non-Fatal Injury,Cyclist Collisions,Driver,50 to 54,None,,East,"Automobile, Station Wagon",Turning Right,Failed to Yield Right of Way,Normal,,,,,,,,Yes,Yes,,,,,,,Yes,,,,161,Humber Bay Shores,17,Mimico (includes Humber Bay Shores) (17),D22,622538.147267612,4831116.68991259
1197,80239414,,5/23/2015 4:00:00 AM,1030,MARINE PARADE DR,PARK LAWN RD,,Major Arterial,Etobicoke York,43.622958,-79.481197,At Intersection,Traffic Signal,Clear,Daylight,Dry,Non-Fatal Injury,Cyclist Collisions,Cyclist,45 to 49,Major,,East,Bicycle,Going Ahead,,,,,,"Motorist turns right at non-signal Inter.(stop, yield, no cont.,and dwy) and strikes cyclist.",Driving Properly,Normal,,Yes,Yes,,,,,,,Yes,,,,161,Humber Bay Shores,17,Mimico (includes Humber Bay Shores) (17),D22,622538.147267612,4831116.68991259
1198,80239901,,5/28/2015 4:00:00 AM,1420,BATHURST ST,FRONT ST W,25 m South o,Major Arterial,Toronto and East York,43.641295,-79.401637,Non Intersection,No Control,Clear,Daylight,Dry,Non-Fatal Injury,Cyclist Collisions,Cyclist,45 to 49,Major,,North,Bicycle,Going Ahead,,,,,,Insufficient information (to determine cyclist crash type).,Other,Had Been Drinking,,Yes,Yes,,,,,,,,,,,164,Wellington Place,77,Waterfront Communities-The Island (77),D14,628917.958886543,4833273.74414516
1199,80239902,,5/28/2015 4:00:00 AM,1420,BATHURST ST,FRONT ST W,25 m South o,Major Arterial,Toronto and East York,43.641295,-79.401637,Non Intersection,No Control,Clear,Daylight,Dry,Non-Fatal Injury,Cyclist Collisions,Driver,50 to 54,None,,South,"Automobile, Station Wagon",Going Ahead,Driving Properly,Normal,,,,,,,,Yes,Yes,,,,,,,,,,,164,Wellington Place,77,Waterfront Communities-The Island (77),D14,628917.958886543,4833273.74414516
1200,80240055,,5/30/2015 4:00:00 AM,2,DUNDAS ST W,EDNA AVE,2 m North of,Minor Arterial,Toronto and East York,43.657214,-79.45267,At Intersection,No Control,Clear,"Dark, artificial",Dry,Non-Fatal Injury,Cyclist Collisions,Cyclist,50 to 54,Major,,West,Bicycle,Going Ahead,,,,,,"Cyclist without ROW rides into path of motorist at inter, lnwy, dwy-Cyclist not turn.",Failed to Yield Right of Way,Normal,,Yes,Yes,,,,,,,,,,,88,High Park North,88,High Park North (88),D11,624768.823553038,4834963.75288653
1201,80240056,,5/30/2015 4:00:00 AM,2,DUNDAS ST W,EDNA AVE,2 m North of,Minor Arterial,Toronto and East York,43.657214,-79.45267,At Intersection,No Control,Clear,"Dark, artificial",Dry,Non-Fatal Injury,Cyclist Collisions,Driver,40 to 44,None,,North,"Automobile, Station Wagon",Going Ahead,Driving Properly,Normal,,,,,,,,Yes,Yes,,,,,,,,,,,88,High Park North,88,High Park North (88),D11,624768.823553038,4834963.75288653
1202,80240865,,6/7/2015 4:00:00 AM,1830,YONGE ST,LAWRENCE AVE E,,Major Arterial,North York,43.725032,-79.402156,At Intersection,Traffic Signal,Clear,Daylight,Dry,Non-Fatal Injury,Cyclist Collisions,Cyclist,50 to 54,Major,,North,Bicycle,Going Ahead,,,,,,Cyclist and Driver travelling in same direction. One vehicle sideswipes the other.,Lost control,Normal,,Yes,,,,Yes,,,,,,,,103,Lawrence Park South,103,Lawrence Park South (103),D53,628696.920036001,4842573.07510288
1203,80240866,,6/7/2015 4:00:00 AM,1830,YONGE ST,LAWRENCE AVE E,,Major Arterial,North York,43.725032,-79.402156,At Intersection,Traffic Signal,Clear,Daylight,Dry,Non-Fatal Injury,Cyclist Collisions,Driver,45 to 49,None,,North,Municipal Transit Bus (TTC),Going Ahead,Driving Properly,Normal,,,,,,,,Yes,,,,Yes,,,,,,,,103,Lawrence Park South,103,Lawrence Park South (103),D53,628696.920036001,4842573.07510288
1204,80240820,,6/7/2015 4:00:00 AM,2316,169 SHAW ST,,,Collector,Toronto and East York,43.646323,-79.416911,Non Intersection,No Control,Clear,"Dark, artificial",Dry,Non-Fatal Injury,Cyclist Collisions,Cyclist,25 to 29,Major,,North,Bicycle,Going Ahead,,,,,,Cyclist strikes a parked vehicle.,Lost control,"Ability Impaired, Alcohol",,Yes,,,,,,,,,,,,81,Trinity-Bellwoods,81,Trinity-Bellwoods (81),D14,627675.351215116,4833808.55725165
1205,80240982,,6/8/2015 4:00:00 AM,1915,PATON RD,LANSDOWNE AVE,,Minor Arterial,Toronto and East York,43.660639,-79.443607,At Intersection,Stop Sign,Other,Daylight,Other,Non-Fatal Injury,Angle,Driver,40 to 44,None,,East,"Automobile, Station Wagon",Going Ahead,Failed to Yield Right of Way,Unknown,,,,,,,,Yes,Yes,,,,,,,Yes,,,,171,Junction-Wallace Emerson,93,Dovercourt-Wallace Emerson-Junction (93),D11,625492.489413701,4835357.8118854
1206,80240983,,6/8/2015 4:00:00 AM,1915,PATON RD,LANSDOWNE AVE,,Minor Arterial,Toronto and East York,43.660639,-79.443607,At Intersection,Stop Sign,Other,Daylight,Other,Non-Fatal Injury,Angle,Moped Driver,50 to 54,Major,,North,Moped,Going Ahead,Driving Properly,Unknown,,,,,,,,Yes,Yes,,,,,,,Yes,,,,171,Junction-Wallace Emerson,93,Dovercourt-Wallace Emerson-Junction (93),D11,625492.489413701,4835357.8118854
1207,80497074,,6/11/2015 4:00:00 AM,24,FINCH AVE W,TOBERMORY DR,,Major Arterial,Etobicoke York,43.759272,-79.507922,At Intersection,Traffic Signal,Clear,"Dark, artificial",Dry,Fatal,Cyclist Collisions,Driver,20 to 24,None,,West,"Automobile, Station Wagon",Going Ahead,Exceeding Speed Limit,"Ability Impaired, Alcohol",,,,,,,,Yes,Yes,,,,,,Yes,Yes,,Yes,,25,Glenfield-Jane Heights,25,Glenfield-Jane Heights (25),D31,620109.532017003,4846217.10915317
1208,80497075,,6/11/2015 4:00:00 AM,24,FINCH AVE W,TOBERMORY DR,,Major Arterial,Etobicoke York,43.759272,-79.507922,At Intersection,Traffic Signal,Clear,"Dark, artificial",Dry,Fatal,Cyclist Collisions,Cyclist,40 to 44,Fatal,28,West,Bicycle,Going Ahead,,,,,,Cyclist and Driver travelling in same direction. One vehicle rear-ended the other.,Driving Properly,Unknown,,Yes,Yes,,,,,,Yes,Yes,,Yes,,25,Glenfield-Jane Heights,25,Glenfield-Jane Heights (25),D31,620109.532017003,4846217.10915317
1209,80632023,,6/13/2015 4:00:00 AM,1423,FINCH AVE E,PAGE AVE,,Major Arterial,North York,43.786685,-79.384326,At Intersection,Stop Sign,Clear,Daylight,Dry,Non-Fatal Injury,Cyclist Collisions,Driver,85 to 89,None,,North,"Automobile, Station Wagon",Turning Right,Failed to Yield Right of Way,Inattentive,,,,,,,,Yes,Yes,,,,,Yes,,Yes,,,,52,Bayview Village,52,Bayview Village (52),D33,629999.460770386,4849448.40989219
1210,80632024,,6/13/2015 4:00:00 AM,1423,FINCH AVE E,PAGE AVE,,Major Arterial,North York,43.786685,-79.384326,At Intersection,Stop Sign,Clear,Daylight,Dry,Non-Fatal Injury,Cyclist Collisions,Cyclist,45 to 49,Major,,East,Bicycle,Going Ahead,,,,,,"Motorist turns right at non-signal Inter.(stop, yield, no cont.,and dwy) and strikes cyclist.",Driving Properly,Normal,,Yes,Yes,,,,,Yes,,Yes,,,,52,Bayview Village,52,Bayview Village (52),D33,629999.460770386,4849448.40989219
1211,80632025,,6/13/2015 4:00:00 AM,1423,FINCH AVE E,PAGE AVE,,Major Arterial,North York,43.786685,-79.384326,At Intersection,Stop Sign,Clear,Daylight,Dry,Non-Fatal Injury,Cyclist Collisions,Passenger,80 to 84,None,,,,,,,,,,,,,,Yes,Yes,,,,,Yes,,Yes,,,,52,Bayview Village,52,Bayview Village (52),D33,629999.460770386,4849448.40989219
1212,80497099,,6/13/2015 4:00:00 AM,2320,AVENUE RD,DAVENPORT RD,,Major Arterial,Toronto and East York,43.674712,-79.396594,At Intersection,Traffic Signal,Clear,"Dark, artificial",Dry,Fatal,Cyclist Collisions,Cyclist,25 to 29,Fatal,31,South,Bicycle,Turning Left,,,,,,Cyclist turned left across motorists path.,Failed to Yield Right of Way,Normal,,Yes,Yes,,,,,,,,,,,95,Annex,95,Annex (95),D53,629252.992163398,4836992.98902619
1213,80497100,,6/13/2015 4:00:00 AM,2320,AVENUE RD,DAVENPORT RD,,Major Arterial,Toronto and East York,43.674712,-79.396594,At Intersection,Traffic Signal,Clear,"Dark, artificial",Dry,Fatal,Cyclist Collisions,Driver,15 to 19,None,,North,"Automobile, Station Wagon",Going Ahead,Other,Unknown,,,,,,,,Yes,Yes,,,,,,,,,,,95,Annex,95,Annex (95),D53,629252.992163398,4836992.98902619
1214,80241811,,6/17/2015 4:00:00 AM,830,ARROWSTOOK RD,BURBANK DR,,Local,North York,43.771262,-79.37704,At Intersection,Stop Sign,Clear,Daylight,Dry,Non-Fatal Injury,Cyclist Collisions,Driver,35 to 39,None,,West,"Automobile, Station Wagon",Turning Right,Other,Unknown,,,,,,,,Yes,Yes,,,,,Yes,,,,,,52,Bayview Village,52,Bayview Village (52),D33,630619.288210562,4847746.91591194
1215,80241812,,6/17/2015 4:00:00 AM,830,ARROWSTOOK RD,BURBANK DR,,Local,North York,43.771262,-79.37704,At Intersection,Stop Sign,Clear,Daylight,Dry,Non-Fatal Injury,Cyclist Collisions,Cyclist,60 to 64,Major,,South,Bicycle,Going Ahead,,,,,,"Cyclist without ROW rides into path of motorist at inter, lnwy, dwy-Cyclist not turn.",Failed to Yield Right of Way,Inattentive,,Yes,Yes,,,,,Yes,,,,,,52,Bayview Village,52,Bayview Village (52),D33,630619.288210562,4847746.91591194
1216,80241813,,6/17/2015 4:00:00 AM,830,ARROWSTOOK RD,BURBANK DR,,Local,North York,43.771262,-79.37704,At Intersection,Stop Sign,Clear,Daylight,Dry,Non-Fatal Injury,Cyclist Collisions,Passenger,0 to 4,None,,,,,,,,,,,,,,Yes,Yes,,,,,Yes,,,,,,52,Bayview Village,52,Bayview Village (52),D33,630619.288210562,4847746.91591194
1217,80241814,,6/17/2015 4:00:00 AM,830,ARROWSTOOK RD,BURBANK DR,,Local,North York,43.771262,-79.37704,At Intersection,Stop Sign,Clear,Daylight,Dry,Non-Fatal Injury,Cyclist Collisions,Passenger,5 to 9,None,,,,,,,,,,,,,,Yes,Yes,,,,,Yes,,,,,,52,Bayview Village,52,Bayview Village (52),D33,630619.288210562,4847746.91591194
1218,80242116,,6/20/2015 4:00:00 AM,155,CARLTON ST,HOMEWOOD AVE,,Minor Arterial,Toronto and East York,43.662905,-79.374339,At Intersection,Stop Sign,Clear,"Dark, artificial",Dry,Non-Fatal Injury,Cyclist Collisions,Cyclist,40 to 44,Major,,South,Bicycle,Going Ahead,,,,,,"Cyclist without ROW rides into path of motorist at inter, lnwy, dwy-Cyclist not turn.",Disobeyed Traffic Control,Had Been Drinking,,Yes,Yes,,,,,,,,,,,73,Moss Park,73,Moss Park (73),D51,631072.717717056,4835716.58252048
1219,80242117,,6/20/2015 4:00:00 AM,155,CARLTON ST,HOMEWOOD AVE,,Minor Arterial,Toronto and East York,43.662905,-79.374339,At Intersection,Stop Sign,Clear,"Dark, artificial",Dry,Non-Fatal Injury,Cyclist Collisions,Driver,40 to 44,None,,East,"Automobile, Station Wagon",Going Ahead,Driving Properly,Normal,,,,,,,,Yes,Yes,,,,,,,,,,,73,Moss Park,73,Moss Park (73),D51,631072.717717056,4835716.58252048
1220,80242504,,6/24/2015 4:00:00 AM,1325,COXWELL AVE,ROBBINS AVE,5 m South of,Minor Arterial,Toronto and East York,43.669894,-79.318042,Non Intersection,No Control,Clear,Daylight,Dry,Non-Fatal Injury,Cyclist Collisions,Cyclist,25 to 29,Major,,South,Bicycle,Going Ahead,,,,,,Cyclist falls off bike - no contact with motorist.,Driving Properly,Normal,,Yes,,,,,,,,,,,,64,Woodbine Corridor,64,Woodbine Corridor (64),D55,635596.108607969,4836583.28859472
1221,80244877,,7/17/2015 4:00:00 AM,827,SPADINA RD,DUPONT ST,,Major Arterial,Toronto and East York,43.674845,-79.407108,Intersection Related,Traffic Signal,Clear,Daylight,Wet,Non-Fatal Injury,Cyclist Collisions,Truck Driver,60 to 64,None,,North,Truck - Tank,Turning Right,Improper Turn,Inattentive,,,,,,,,Yes,,,Yes,,,,,,,,,95,Annex,95,Annex (95),D53,628405.150494353,4836991.43069378
1222,80244878,,7/17/2015 4:00:00 AM,827,SPADINA RD,DUPONT ST,,Major Arterial,Toronto and East York,43.674845,-79.407108,Intersection Related,Traffic Signal,Clear,Daylight,Wet,Non-Fatal Injury,Cyclist Collisions,Cyclist,25 to 29,Major,,North,Bicycle,Stopped,,,,,,Motorist turning right on green or amber at signalized intersection strikes cyclist.,Driving Properly,Normal,,Yes,,,Yes,,,,,,,,,95,Annex,95,Annex (95),D53,628405.150494353,4836991.43069378
1223,80487297,,7/24/2015 4:00:00 AM,1040,SPADINA AVE,ST ANDREW ST,5 m North of,Major Arterial,Toronto and East York,43.654383,-79.398639,Intersection Related,Traffic Signal,Clear,Daylight,Dry,Non-Fatal Injury,Cyclist Collisions,Driver,20 to 24,None,,South,"Automobile, Station Wagon",Going Ahead,Improper Passing,Inattentive,,,,,,,,Yes,Yes,,,,,,,Yes,,,,78,Kensington-Chinatown,78,Kensington-Chinatown (78),D14,629131.720138319,4834731.99807873
1224,80487298,,7/24/2015 4:00:00 AM,1040,SPADINA AVE,ST ANDREW ST,5 m North of,Major Arterial,Toronto and East York,43.654383,-79.398639,Intersection Related,Traffic Signal,Clear,Daylight,Dry,Non-Fatal Injury,Cyclist Collisions,Cyclist,65 to 69,Major,,South,Bicycle,Going Ahead,,,,,,Cyclist and Driver travelling in same direction. One vehicle sideswipes the other.,Driving Properly,Normal,,Yes,Yes,,,,,,,Yes,,,,78,Kensington-Chinatown,78,Kensington-Chinatown (78),D14,629131.720138319,4834731.99807873
1225,80247062,,8/7/2015 4:00:00 AM,1811,OLD SHEPPARD AVE,BRIAN DR,9 m East of,Collector,North York,43.778842,-79.3325,Intersection Related,Stop Sign,Clear,Daylight,Dry,Non-Fatal Injury,Cyclist Collisions,Cyclist,55 to 59,Major,,West,Bicycle,Overtaking,,,,,,Motorist turned left across cyclists path.,Improper Passing,Inattentive,,Yes,Yes,,,,,,,,,,,46,Pleasant View,46,Pleasant View (46),D33,634187.043077525,4848660.01947487
1226,80247063,,8/7/2015 4:00:00 AM,1811,OLD SHEPPARD AVE,BRIAN DR,9 m East of,Collector,North York,43.778842,-79.3325,Intersection Related,Stop Sign,Clear,Daylight,Dry,Non-Fatal Injury,Cyclist Collisions,Driver,20 to 24,None,,South,"Automobile, Station Wagon",Turning Left,Driving Properly,Normal,,,,,,,,Yes,Yes,,,,,,,,,,,46,Pleasant View,46,Pleasant View (46),D33,634187.043077525,4848660.01947487
1227,80247399,,8/11/2015 4:00:00 AM,920,ANNETTE ST,KEELE ST,,Major Arterial,Toronto and East York,43.663642,-79.463794,At Intersection,Traffic Signal,Clear,Daylight,Dry,Non-Fatal Injury,Cyclist Collisions,Truck Driver,65 to 69,None,,West,Truck - Open,Turning Right,Improper Turn,Inattentive,,,,,,,,Yes,,,Yes,,,,,,,,,90,Junction Area,90,Junction Area (90),D11,623858.614444638,4835660.99953148
1228,80247400,,8/11/2015 4:00:00 AM,920,ANNETTE ST,KEELE ST,,Major Arterial,Toronto and East York,43.663642,-79.463794,At Intersection,Traffic Signal,Clear,Daylight,Dry,Non-Fatal Injury,Cyclist Collisions,Cyclist,55 to 59,Major,,West,Bicycle,Going Ahead,,,,,,Motorist turning right on green or amber at signalized intersection strikes cyclist.,Driving Properly,Normal,,Yes,,,Yes,,,,,,,,,90,Junction Area,90,Junction Area (90),D11,623858.614444638,4835660.99953148
1229,80247513,,8/12/2015 4:00:00 AM,1524,WILSON AVE,KELVIN AVE,,Major Arterial,Etobicoke York,43.715689,-79.531894,At Intersection,Stop Sign,Clear,Daylight,Dry,Non-Fatal Injury,Cyclist Collisions,Cyclist,15 to 19,Major,,North,Bicycle,Going Ahead,,,,,,"Cyclist without ROW rides into path of motorist at inter, lnwy, dwy-Cyclist not turn.",Failed to Yield Right of Way,Inattentive,,Yes,Yes,,,,,,,,,,,23,Pelmo Park-Humberlea,23,Pelmo Park-Humberlea (23),D31,618265.5833643,4841342.10781949
1230,80247514,,8/12/2015 4:00:00 AM,1524,WILSON AVE,KELVIN AVE,,Major Arterial,Etobicoke York,43.715689,-79.531894,At Intersection,Stop Sign,Clear,Daylight,Dry,Non-Fatal Injury,Cyclist Collisions,Driver,50 to 54,None,,East,"Automobile, Station Wagon",Going Ahead,Driving Properly,Normal,,,,,,,,Yes,Yes,,,,,,,,,,,23,Pelmo Park-Humberlea,23,Pelmo Park-Humberlea (23),D31,618265.5833643,4841342.10781949
1231,80247821,,8/15/2015 4:00:00 AM,2100,DUFFERIN ST,HUNTER AVE,,Major Arterial,Toronto and East York,43.694426,-79.449741,At Intersection,No Control,Clear,"Dark, artificial",Dry,Non-Fatal Injury,Cyclist Collisions,Driver,70 to 74,None,,North,"Automobile, Station Wagon",Turning Left,Improper Turn,Normal,,,,,,,,Yes,Yes,,,,,,,,,,,107,Oakwood Village,107,Oakwood Village (107),D13,624927.76337852,4839101.052538
1232,80247822,,8/15/2015 4:00:00 AM,2100,DUFFERIN ST,HUNTER AVE,,Major Arterial,Toronto and East York,43.694426,-79.449741,At Intersection,No Control,Clear,"Dark, artificial",Dry,Non-Fatal Injury,Cyclist Collisions,Cyclist,50 to 54,Major,,South,Bicycle,Going Ahead,,,,,,Motorist turned left across cyclists path.,Driving Properly,Normal,,Yes,Yes,,,,,,,,,,,107,Oakwood Village,107,Oakwood Village (107),D13,624927.76337852,4839101.052538
1233,80248167,,8/20/2015 4:00:00 AM,1318,SOUTH KINGSWAY,BLOOR ST W,,Major Arterial,Toronto and East York,43.648303,-79.485736,At Intersection,Traffic Signal,Rain,Daylight,Wet,Non-Fatal Injury,Cyclist Collisions,Cyclist,20 to 24,Major,,East,Bicycle,Going Ahead,,,,,,"Cyclist without ROW rides into path of motorist at inter, lnwy, dwy-Cyclist not turn.",Disobeyed Traffic Control,Normal,,Yes,Yes,,,,,Yes,,,,,,87,High Park-Swansea,87,High Park-Swansea (87),D11,622120.584925032,4833924.88206632
1234,80248168,,8/20/2015 4:00:00 AM,1318,SOUTH KINGSWAY,BLOOR ST W,,Major Arterial,Toronto and East York,43.648303,-79.485736,At Intersection,Traffic Signal,Rain,Daylight,Wet,Non-Fatal Injury,Cyclist Collisions,Driver,65 to 69,None,,West,"Automobile, Station Wagon",Turning Left,Driving Properly,Normal,,,,,,,,Yes,Yes,,,,,Yes,,,,,,87,High Park-Swansea,87,High Park-Swansea (87),D11,622120.584925032,4833924.88206632
1235,80248169,,8/20/2015 4:00:00 AM,1318,SOUTH KINGSWAY,BLOOR ST W,,Major Arterial,Toronto and East York,43.648303,-79.485736,At Intersection,Traffic Signal,Rain,Daylight,Wet,Non-Fatal Injury,Cyclist Collisions,Passenger,55 to 59,None,,,,,,,,,,,,,,Yes,Yes,,,,,Yes,,,,,,87,High Park-Swansea,87,High Park-Swansea (87),D11,622120.584925032,4833924.88206632
1236,80248479,,8/23/2015 4:00:00 AM,1147,DUNDAS ST W,CLOVERDALE MALL,100 m East o,Major Arterial,Etobicoke York,43.628993,-79.55492,At Intersection,Traffic Signal,Clear,Daylight,Dry,Non-Fatal Injury,Cyclist Collisions,Driver,60 to 64,Minimal,,East,"Automobile, Station Wagon",Turning Left,Improper Turn,Inattentive,,,,,,,,Yes,Yes,,,,,Yes,,,,,,159,Etobicoke City Centre,14,Islington-City Centre West (14),D22,616578.405611588,4831680.78729298
1237,80248480,,8/23/2015 4:00:00 AM,1147,DUNDAS ST W,CLOVERDALE MALL,100 m East o,Major Arterial,Etobicoke York,43.628993,-79.55492,At Intersection,Traffic Signal,Clear,Daylight,Dry,Non-Fatal Injury,Cyclist Collisions,Driver,45 to 49,Minimal,,West,Passenger Van,Going Ahead,Driving Properly,Normal,,,,,,,,Yes,Yes,,,,,Yes,,,,,,159,Etobicoke City Centre,14,Islington-City Centre West (14),D22,616578.405611588,4831680.78729298