OBJECTID,INDEX,ACCNUM,DATE,TIME,STREET1,STREET2,OFFSET,ROAD_CLASS,DISTRICT,LATITUDE,LONGITUDE,ACCLOC,TRAFFCTL,VISIBILITY,LIGHT,RDSFCOND,ACCLASS,IMPACTYPE,INVTYPE,INVAGE,INJURY,FATAL_NO,INITDIR,VEHTYPE,MANOEUVER,DRIVACT,DRIVCOND,PEDTYPE,PEDACT,PEDCOND,CYCLISTYPE,CYCACT,CYCCOND,PEDESTRIAN,CYCLIST,AUTOMOBILE,MOTORCYCLE,TRUCK,TRSN_CITY_VEH,EMERG_VEH,PASSENGER,SPEEDING,AG_DRIV,REDLIGHT,ALCOHOL,DISABILITY,HOOD_158,NEIGHBOURHOOD_158,HOOD_140,NEIGHBOURHOOD_140,DIVISION,x,y
1238,80248481,,8/23/2015 4:00:00 AM,1147,DUNDAS ST W,CLOVERDALE MALL,100 m East o,Major Arterial,Etobicoke York,43.628993,-79.55492,At Intersection,Traffic Signal,Clear,Daylight,Dry,Non-Fatal Injury,Cyclist Collisions,Cyclist,55 to 59,Major,,East,Bicycle,Stopped,,,,,,Motorist loses control and strikes cyclist.,Driving Properly,Normal,,Yes,Yes,,,,,Yes,,,,,,159,Etobicoke City Centre,14,Islington-City Centre West (14),D22,616578.405611588,4831680.78729298
1239,80248482,,8/23/2015 4:00:00 AM,1147,DUNDAS ST W,CLOVERDALE MALL,100 m East o,Major Arterial,Etobicoke York,43.628993,-79.55492,At Intersection,Traffic Signal,Clear,Daylight,Dry,Non-Fatal Injury,Cyclist Collisions,Passenger,40 to 44,Major,,,,,,,,,,,,,,Yes,Yes,,,,,Yes,,,,,,159,Etobicoke City Centre,14,Islington-City Centre West (14),D22,616578.405611588,4831680.78729298
1240,80631968,,8/31/2015 4:00:00 AM,1545,LOWER SIMCOE ST,BREMNER BLVD,,Minor Arterial,Toronto and East York,43.642317,-79.383968,At Intersection,Traffic Signal,Clear,Daylight,Dry,Non-Fatal Injury,Cyclist Collisions,Truck Driver,40 to 44,None,,South,"Truck - Closed (Blazer, etc)",Turning Right,Improper Turn,Inattentive,,,,,,,,Yes,,,Yes,,,,,,,,,165,Harbourfront-CityPlace,77,Waterfront Communities-The Island (77),D52,630340.879113037,4833414.84693444
1241,80631969,,8/31/2015 4:00:00 AM,1545,LOWER SIMCOE ST,BREMNER BLVD,,Minor Arterial,Toronto and East York,43.642317,-79.383968,At Intersection,Traffic Signal,Clear,Daylight,Dry,Non-Fatal Injury,Cyclist Collisions,Cyclist,35 to 39,Major,,South,Bicycle,Going Ahead,,,,,,Motorist turning right on green or amber at signalized intersection strikes cyclist.,Driving Properly,Normal,,Yes,,,Yes,,,,,,,,,165,Harbourfront-CityPlace,77,Waterfront Communities-The Island (77),D52,630340.879113037,4833414.84693444
1242,80250667,,9/16/2015 4:00:00 AM,2200,BIRMINGHAM ST,SIXTEENTH ST,1 m East of,Collector,Etobicoke York,43.601107,-79.516086,Non Intersection,No Control,Clear,"Dark, artificial",Dry,Non-Fatal Injury,Cyclist Collisions,Cyclist,50 to 54,Major,,West,Bicycle,Changing Lanes,,,,,,Cyclist and Driver travelling in same direction. One vehicle sideswipes the other.,Improper Lane Change,Inattentive,,Yes,Yes,,,,,,,,,,,18,New Toronto,18,New Toronto (18),D22,619766.615912051,4828638.97277349
1243,80250668,,9/16/2015 4:00:00 AM,2200,BIRMINGHAM ST,SIXTEENTH ST,1 m East of,Collector,Etobicoke York,43.601107,-79.516086,Non Intersection,No Control,Clear,"Dark, artificial",Dry,Non-Fatal Injury,Cyclist Collisions,Driver,50 to 54,None,,West,"Automobile, Station Wagon",Going Ahead,Driving Properly,Normal,,,,,,,,Yes,Yes,,,,,,,,,,,18,New Toronto,18,New Toronto (18),D22,619766.615912051,4828638.97277349
1244,80251330,,9/23/2015 4:00:00 AM,1715,BOOTH AVE,LAKE SHORE BLVD E,1 m North of,Major Arterial,Toronto and East York,43.653514,-79.340778,At Intersection,Stop Sign,Clear,Daylight,Dry,Non-Fatal Injury,Cyclist Collisions,Driver,60 to 64,None,,South,"Automobile, Station Wagon",Turning Right,Failed to Yield Right of Way,Inattentive,,,,,,,,Yes,Yes,,,,,Yes,,Yes,,,,70,South Riverdale,70,South Riverdale (70),D55,633799.538996061,4834727.15601657
1245,80251331,,9/23/2015 4:00:00 AM,1715,BOOTH AVE,LAKE SHORE BLVD E,1 m North of,Major Arterial,Toronto and East York,43.653514,-79.340778,At Intersection,Stop Sign,Clear,Daylight,Dry,Non-Fatal Injury,Cyclist Collisions,Cyclist,40 to 44,Major,,East,Bicycle,Going Ahead,,,,,,"Motorist turns right at non-signal Inter.(stop, yield, no cont.,and dwy) and strikes cyclist.",Driving Properly,Normal,,Yes,Yes,,,,,Yes,,Yes,,,,70,South Riverdale,70,South Riverdale (70),D55,633799.538996061,4834727.15601657
1246,80251332,,9/23/2015 4:00:00 AM,1715,BOOTH AVE,LAKE SHORE BLVD E,1 m North of,Major Arterial,Toronto and East York,43.653514,-79.340778,At Intersection,Stop Sign,Clear,Daylight,Dry,Non-Fatal Injury,Cyclist Collisions,Passenger,65 to 69,None,,,,,,,,,,,,,,Yes,Yes,,,,,Yes,,Yes,,,,70,South Riverdale,70,South Riverdale (70),D55,633799.538996061,4834727.15601657
1247,80251324,,9/24/2015 4:00:00 AM,1520,WELLINGTON ST W,YORK ST,3 m East of,Minor Arterial,Toronto and East York,43.64659,-79.383029,Non Intersection,Traffic Signal,Clear,Daylight,Dry,Non-Fatal Injury,Cyclist Collisions,Driver,55 to 59,None,,West,"Automobile, Station Wagon",Going Ahead,Improper Passing,Inattentive,,,,,,,,Yes,Yes,,,,,,,Yes,,,,170,Yonge-Bay Corridor,76,Bay Street Corridor (76),D52,630407.36872224,4833890.89423778
1248,80251325,,9/24/2015 4:00:00 AM,1520,WELLINGTON ST W,YORK ST,3 m East of,Minor Arterial,Toronto and East York,43.64659,-79.383029,Non Intersection,Traffic Signal,Clear,Daylight,Dry,Non-Fatal Injury,Cyclist Collisions,Cyclist,35 to 39,Major,,West,Bicycle,Going Ahead,,,,,,Cyclist and Driver travelling in same direction. One vehicle sideswipes the other.,Driving Properly,Normal,,Yes,Yes,,,,,,,Yes,,,,170,Yonge-Bay Corridor,76,Bay Street Corridor (76),D52,630407.36872224,4833890.89423778
1249,80251560,,9/27/2015 4:00:00 AM,54,KEELE ST,ANNETTE ST,9 m South of,Major Arterial,Toronto and East York,43.663642,-79.463794,Intersection Related,Traffic Signal,Clear,"Dark, artificial",Dry,Non-Fatal Injury,Cyclist Collisions,Cyclist,25 to 29,Major,,South,Bicycle,Going Ahead,,,,,,"Cyclist without ROW rides into path of motorist at inter, lnwy, dwy-Cyclist not turn.",Disobeyed Traffic Control,Normal,,Yes,,,,Yes,,,,,,,,90,Junction Area,90,Junction Area (90),D11,623858.614444638,4835660.99953148
1250,80251561,,9/27/2015 4:00:00 AM,54,KEELE ST,ANNETTE ST,9 m South of,Major Arterial,Toronto and East York,43.663642,-79.463794,Intersection Related,Traffic Signal,Clear,"Dark, artificial",Dry,Non-Fatal Injury,Cyclist Collisions,Driver,35 to 39,None,,South,Municipal Transit Bus (TTC),Turning Right,Driving Properly,Normal,,,,,,,,Yes,,,,Yes,,,,,,,,90,Junction Area,90,Junction Area (90),D11,623858.614444638,4835660.99953148
1251,80251602,,9/27/2015 4:00:00 AM,1220,HOMEWOOD AVE,WELLESLEY ST E,,Minor Arterial,Toronto and East York,43.666476,-79.375842,At Intersection,Traffic Signal,Clear,Daylight,Dry,Non-Fatal Injury,Cyclist Collisions,Driver,40 to 44,None,,South,"Automobile, Station Wagon",Turning Right,Failed to Yield Right of Way,Inattentive,,,,,,,,Yes,Yes,,,,,,,Yes,,,,71,Cabbagetown-South St.James Town,71,Cabbagetown-South St.James Town (71),D51,630943.769162269,4836110.81643592
1252,80251603,,9/27/2015 4:00:00 AM,1220,HOMEWOOD AVE,WELLESLEY ST E,,Minor Arterial,Toronto and East York,43.666476,-79.375842,At Intersection,Traffic Signal,Clear,Daylight,Dry,Non-Fatal Injury,Cyclist Collisions,Cyclist,25 to 29,Major,,East,Bicycle,Going Ahead,,,,,,Motorist turning right on red at signalized intersection strikes cyclist.,Driving Properly,Normal,,Yes,Yes,,,,,,,Yes,,,,71,Cabbagetown-South St.James Town,71,Cabbagetown-South St.James Town (71),D51,630943.769162269,4836110.81643592
1253,80251660,,9/27/2015 4:00:00 AM,2136,336 BIRCHMOUNT RD,,3 m South of,Minor Arterial,Scarborough,43.698958,-79.264797,Non Intersection,No Control,Clear,"Dark, artificial",Dry,Non-Fatal Injury,Cyclist Collisions,Driver,65 to 69,None,,South,"Automobile, Station Wagon",Going Ahead,Following too Close,Inattentive,,,,,,,,Yes,Yes,,,,,,,Yes,,,,122,Birchcliffe-Cliffside,122,Birchcliffe-Cliffside (122),D41,639821.125650475,4839899.6683125
1254,80251661,,9/27/2015 4:00:00 AM,2136,336 BIRCHMOUNT RD,,3 m South of,Minor Arterial,Scarborough,43.698958,-79.264797,Non Intersection,No Control,Clear,"Dark, artificial",Dry,Non-Fatal Injury,Cyclist Collisions,Cyclist,35 to 39,Major,,South,Bicycle,Stopped,,,,,,Cyclist and Driver travelling in same direction. One vehicle rear-ended the other.,Driving Properly,Normal,,Yes,Yes,,,,,,,Yes,,,,122,Birchcliffe-Cliffside,122,Birchcliffe-Cliffside (122),D41,639821.125650475,4839899.6683125
1255,80251820,,9/29/2015 4:00:00 AM,1520,939 PROGRESS AVE,,4 m North of,Minor Arterial,Scarborough,43.7839,-79.231899,At Intersection,Traffic Signal,Rain,Daylight,Wet,Non-Fatal Injury,Cyclist Collisions,Driver,35 to 39,None,,South,"Automobile, Station Wagon",Turning Left,Failed to Yield Right of Way,Inattentive,,,,,,,,Yes,Yes,,,,,,,Yes,,,,142,Woburn North,137,Woburn (137),D43,642270.69917418,4849389.77190045
1256,80251821,,9/29/2015 4:00:00 AM,1520,939 PROGRESS AVE,,4 m North of,Minor Arterial,Scarborough,43.7839,-79.231899,At Intersection,Traffic Signal,Rain,Daylight,Wet,Non-Fatal Injury,Cyclist Collisions,Cyclist,15 to 19,Major,,North,Bicycle,Going Ahead,,,,,,Motorist turned left across cyclists path.,Driving Properly,Normal,,Yes,Yes,,,,,,,Yes,,,,142,Woburn North,137,Woburn (137),D43,642270.69917418,4849389.77190045
1257,80496212,,10/1/2015 4:00:00 AM,1212,PARLIAMENT ST,SPRUCE ST,500 m North ,Minor Arterial,Toronto and East York,43.662856,-79.367381,Non Intersection,No Control,Clear,Daylight,Dry,Non-Fatal Injury,Cyclist Collisions,Driver,unknown,None,,North,"Automobile, Station Wagon",Stopped,Other,Inattentive,,,,,,,,Yes,Yes,,,,,,,,,,,71,Cabbagetown-South St.James Town,71,Cabbagetown-South St.James Town (71),D51,631633.835839987,4835722.15667138
1258,80496213,,10/1/2015 4:00:00 AM,1212,PARLIAMENT ST,SPRUCE ST,500 m North ,Minor Arterial,Toronto and East York,43.662856,-79.367381,Non Intersection,No Control,Clear,Daylight,Dry,Non-Fatal Injury,Cyclist Collisions,Cyclist,60 to 64,Major,,North,Bicycle,Overtaking,,,,,,Cyclist struck opened vehicle door,Driving Properly,Normal,,Yes,Yes,,,,,,,,,,,71,Cabbagetown-South St.James Town,71,Cabbagetown-South St.James Town (71),D51,631633.835839987,4835722.15667138
1259,80252198,,10/4/2015 4:00:00 AM,910,THE KINGSWAY,ANGLESEY BLVD,,Collector,Etobicoke York,43.663966,-79.521785,At Intersection,Stop Sign,Clear,Daylight,Dry,Non-Fatal Injury,Cyclist Collisions,Cyclist,45 to 49,Major,,East,Bicycle,Going Ahead,,,,,,"Cyclist without ROW rides into path of motorist at inter, lnwy, dwy-Cyclist not turn.",Disobeyed Traffic Control,Inattentive,,Yes,Yes,,,,,,,,,,,9,Edenbridge-Humber Valley,9,Edenbridge-Humber Valley (9),D22,619182.333584383,4835612.04476283
1260,80252199,,10/4/2015 4:00:00 AM,910,THE KINGSWAY,ANGLESEY BLVD,,Collector,Etobicoke York,43.663966,-79.521785,At Intersection,Stop Sign,Clear,Daylight,Dry,Non-Fatal Injury,Cyclist Collisions,Driver,30 to 34,None,,North,"Automobile, Station Wagon",Going Ahead,Driving Properly,Normal,,,,,,,,Yes,Yes,,,,,,,,,,,9,Edenbridge-Humber Valley,9,Edenbridge-Humber Valley (9),D22,619182.333584383,4835612.04476283
1261,80252218,,10/4/2015 4:00:00 AM,1453,COLLEGE ST,MARKHAM ST,,Major Arterial,Toronto and East York,43.656211,-79.408946,At Intersection,Stop Sign,Clear,"Dark, artificial",Dry,Non-Fatal Injury,Cyclist Collisions,Driver,30 to 34,None,,East,"Automobile, Station Wagon",Going Ahead,Improper Passing,Unknown,,,,,,,,Yes,Yes,,,,,,Yes,Yes,,,,81,Trinity-Bellwoods,81,Trinity-Bellwoods (81),D14,628296.675400238,4834919.03321148
1262,80252219,,10/4/2015 4:00:00 AM,1453,COLLEGE ST,MARKHAM ST,,Major Arterial,Toronto and East York,43.656211,-79.408946,At Intersection,Stop Sign,Clear,"Dark, artificial",Dry,Non-Fatal Injury,Cyclist Collisions,Cyclist,50 to 54,Major,,East,Bicycle,Going Ahead,,,,,,Cyclist and Driver travelling in same direction. One vehicle rear-ended the other.,Driving Properly,Normal,,Yes,Yes,,,,,,Yes,Yes,,,,81,Trinity-Bellwoods,81,Trinity-Bellwoods (81),D14,628296.675400238,4834919.03321148
1263,80252344,,10/6/2015 4:00:00 AM,813,KING ST W,SUDBURY ST,15 m West of,Major Arterial,Toronto and East York,43.640975,-79.417232,Non Intersection,Traffic Signal,Clear,Daylight,Dry,Non-Fatal Injury,Cyclist Collisions,Cyclist,20 to 24,Major,,East,Bicycle,Changing Lanes,,,,,,Cyclist and Driver travelling in same direction. One vehicle sideswipes the other.,Improper Lane Change,Inattentive,,Yes,Yes,,,,,,,,,,,162,West Queen West,82,Niagara (82),D14,627660.789654967,4833214.09907328
1264,80252345,,10/6/2015 4:00:00 AM,813,KING ST W,SUDBURY ST,15 m West of,Major Arterial,Toronto and East York,43.640975,-79.417232,Non Intersection,Traffic Signal,Clear,Daylight,Dry,Non-Fatal Injury,Cyclist Collisions,Driver,55 to 59,None,,East,"Automobile, Station Wagon",Going Ahead,Driving Properly,Normal,,,,,,,,Yes,Yes,,,,,,,,,,,162,West Queen West,82,Niagara (82),D14,627660.789654967,4833214.09907328
1265,80701816,,10/14/2015 4:00:00 AM,738,BLOOR ST E,ST PAULS SQ,,Major Arterial,Toronto and East York,43.671149,-79.382335,Intersection Related,No Control,Clear,Daylight,Dry,Non-Fatal Injury,Cyclist Collisions,Cyclist,40 to 44,Major,,West,Bicycle,Changing Lanes,,,,,,Cyclist and Driver travelling in same direction. One vehicle sideswipes the other.,Lost control,Normal,,Yes,Yes,,,,,,,,,,,167,Church-Wellesley,75,Church-Yonge Corridor (75),D51,630410.160835303,4836619.58775979
1266,80701817,,10/14/2015 4:00:00 AM,738,BLOOR ST E,ST PAULS SQ,,Major Arterial,Toronto and East York,43.671149,-79.382335,Intersection Related,No Control,Clear,Daylight,Dry,Non-Fatal Injury,Cyclist Collisions,Driver,45 to 49,None,,West,"Automobile, Station Wagon",Slowing or Stopping,Driving Properly,Normal,,,,,,,,Yes,Yes,,,,,,,,,,,167,Church-Wellesley,75,Church-Yonge Corridor (75),D51,630410.160835303,4836619.58775979
1267,80490827,,10/20/2015 4:00:00 AM,1250,QUEEN ST W,BEACONSFIELD AVE,60 m West of,Major Arterial,Toronto and East York,43.643004,-79.424808,Non Intersection,No Control,Clear,Daylight,Dry,Non-Fatal Injury,Cyclist Collisions,Driver,30 to 34,None,,East,"Automobile, Station Wagon",Stopped,Other,Inattentive,,,,,,,,Yes,Yes,,,,,Yes,,,,,,84,Little Portugal,84,Little Portugal (84),D14,627045.451874293,4833427.82083651
1268,80490828,,10/20/2015 4:00:00 AM,1250,QUEEN ST W,BEACONSFIELD AVE,60 m West of,Major Arterial,Toronto and East York,43.643004,-79.424808,Non Intersection,No Control,Clear,Daylight,Dry,Non-Fatal Injury,Cyclist Collisions,Cyclist,25 to 29,Major,,East,Bicycle,Overtaking,,,,,,Cyclist struck opened vehicle door,Driving Properly,Normal,,Yes,Yes,,,,,Yes,,,,,,84,Little Portugal,84,Little Portugal (84),D14,627045.451874293,4833427.82083651
1269,80490829,,10/20/2015 4:00:00 AM,1250,QUEEN ST W,BEACONSFIELD AVE,60 m West of,Major Arterial,Toronto and East York,43.643004,-79.424808,Non Intersection,No Control,Clear,Daylight,Dry,Non-Fatal Injury,Cyclist Collisions,Passenger,0 to 4,None,,,,,,,,,,,,,,Yes,Yes,,,,,Yes,,,,,,84,Little Portugal,84,Little Portugal (84),D14,627045.451874293,4833427.82083651
1270,80491000,,10/22/2015 4:00:00 AM,2130,BATHURST ST,NIAGARA ST,25 m South o,Major Arterial,Toronto and East York,43.642199,-79.402004,At/Near Private Drive,Traffic Signal,Clear,"Dark, artificial",Dry,Non-Fatal Injury,Cyclist Collisions,Cyclist,30 to 34,Major,,West,Bicycle,Turning Left,,,,,,Cyclist turned left across motorists path.,Speed too Fast For Condition,Inattentive,,Yes,Yes,,,,,,,,,,,164,Wellington Place,77,Waterfront Communities-The Island (77),D14,628886.424679742,4833373.57502917
1271,80491001,,10/22/2015 4:00:00 AM,2130,BATHURST ST,NIAGARA ST,25 m South o,Major Arterial,Toronto and East York,43.642199,-79.402004,At/Near Private Drive,Traffic Signal,Clear,"Dark, artificial",Dry,Non-Fatal Injury,Cyclist Collisions,Driver,20 to 24,None,,North,"Automobile, Station Wagon",Turning Left,Driving Properly,Normal,,,,,,,,Yes,Yes,,,,,,,,,,,164,Wellington Place,77,Waterfront Communities-The Island (77),D14,628886.424679742,4833373.57502917
1272,80254239,,10/26/2015 4:00:00 AM,1510,WILSON AVE,JAMES FINLAY WAY,,Major Arterial,North York,43.727404,-79.480113,At Intersection,Traffic Signal,Clear,Daylight,Dry,Non-Fatal Injury,Cyclist Collisions,Driver,50 to 54,None,,North,"Automobile, Station Wagon",Turning Right,Failed to Yield Right of Way,Normal,,,,,,,,Yes,Yes,,,,,Yes,,Yes,,,,155,Downsview,26,Downsview-Roding-CFB (26),D31,622413.056493053,4842718.40895903
1273,80254240,,10/26/2015 4:00:00 AM,1510,WILSON AVE,JAMES FINLAY WAY,,Major Arterial,North York,43.727404,-79.480113,At Intersection,Traffic Signal,Clear,Daylight,Dry,Non-Fatal Injury,Cyclist Collisions,Cyclist,20 to 24,Major,,West,Bicycle,Going Ahead,,,,,,Motorist turning right on red at signalized intersection strikes cyclist.,Driving Properly,Normal,,Yes,Yes,,,,,Yes,,Yes,,,,155,Downsview,26,Downsview-Roding-CFB (26),D31,622413.056493053,4842718.40895903
1274,80254241,,10/26/2015 4:00:00 AM,1510,WILSON AVE,JAMES FINLAY WAY,,Major Arterial,North York,43.727404,-79.480113,At Intersection,Traffic Signal,Clear,Daylight,Dry,Non-Fatal Injury,Cyclist Collisions,Passenger,20 to 24,None,,,,,,,,,,,,,,Yes,Yes,,,,,Yes,,Yes,,,,155,Downsview,26,Downsview-Roding-CFB (26),D31,622413.056493053,4842718.40895903
1275,80491926,,11/3/2015 5:00:00 AM,1755,HIGHWAY 27  N,VICE REGENT BLVD,,Major Arterial,Etobicoke York,43.711352,-79.592754,Intersection Related,No Control,Clear,"Dark, artificial",Dry,Fatal,Cyclist Collisions,Cyclist,55 to 59,Fatal,54,East,Bicycle,Going Ahead,,,,,,"Cyclist without ROW rides into path of motorist at inter, lnwy, dwy-Cyclist not turn.",Other,Unknown,,Yes,Yes,,,,,,,,,,,1,West Humber-Clairville,1,West Humber-Clairville (1),D23,613371.053524767,4840775.3900777
1276,80491927,,11/3/2015 5:00:00 AM,1755,HIGHWAY 27  N,VICE REGENT BLVD,,Major Arterial,Etobicoke York,43.711352,-79.592754,Intersection Related,No Control,Clear,"Dark, artificial",Dry,Fatal,Cyclist Collisions,Driver,55 to 59,None,,South,"Automobile, Station Wagon",Going Ahead,Driving Properly,Normal,,,,,,,,Yes,Yes,,,,,,,,,,,1,West Humber-Clairville,1,West Humber-Clairville (1),D23,613371.053524767,4840775.3900777
1277,80491928,,11/3/2015 5:00:00 AM,1755,HIGHWAY 27  N,VICE REGENT BLVD,,Major Arterial,Etobicoke York,43.711352,-79.592754,Intersection Related,No Control,Clear,"Dark, artificial",Dry,Fatal,Cyclist Collisions,Driver,60 to 64,None,,South,"Automobile, Station Wagon",Going Ahead,Driving Properly,Normal,,,,,,,,Yes,Yes,,,,,,,,,,,1,West Humber-Clairville,1,West Humber-Clairville (1),D23,613371.053524767,4840775.3900777
1278,80255553,,11/8/2015 5:00:00 AM,2020,LAWRENCE AVE E,DON MILLS RD,,Major Arterial,North York,43.737162,-79.34344,At Intersection,Traffic Signal,Clear,Dark,Dry,Non-Fatal Injury,Cyclist Collisions,Cyclist,15 to 19,Major,,East,Bicycle,Turning Left,,,,,,Cyclist turned left across motorists path.,Failed to Yield Right of Way,Unknown,,Yes,Yes,,,,,,,Yes,,,,42,Banbury-Don Mills,42,Banbury-Don Mills (42),D33,633399.262922262,4844013.15038179
1279,80255554,,11/8/2015 5:00:00 AM,2020,LAWRENCE AVE E,DON MILLS RD,,Major Arterial,North York,43.737162,-79.34344,At Intersection,Traffic Signal,Clear,Dark,Dry,Non-Fatal Injury,Cyclist Collisions,Driver,15 to 19,None,,West,"Automobile, Station Wagon",Going Ahead,Driving Properly,Normal,,,,,,,,Yes,Yes,,,,,,,Yes,,,,42,Banbury-Don Mills,42,Banbury-Don Mills (42),D33,633399.262922262,4844013.15038179
1280,80255750,,11/10/2015 5:00:00 AM,950,DUNMAIL DR,BLUE EAGLE TRL,15 m West of,Local,Scarborough,43.804766,-79.284869,Non Intersection,No Control,Clear,Daylight,Dry,Non-Fatal Injury,Cyclist Collisions,Driver,45 to 49,None,,West,"Automobile, Station Wagon",Making U Turn,Improper Turn,Inattentive,,,,,,,,Yes,Yes,,,,,,,,,,,129,Agincourt North,129,Agincourt North (129),D42,637960.380833598,4851617.59787553
1281,80255751,,11/10/2015 5:00:00 AM,950,DUNMAIL DR,BLUE EAGLE TRL,15 m West of,Local,Scarborough,43.804766,-79.284869,Non Intersection,No Control,Clear,Daylight,Dry,Non-Fatal Injury,Cyclist Collisions,Cyclist,55 to 59,Major,,West,Bicycle,Going Ahead,,,,,,Motorist turning right on red at signalized intersection strikes cyclist.,Driving Properly,Normal,,Yes,Yes,,,,,,,,,,,129,Agincourt North,129,Agincourt North (129),D42,637960.380833598,4851617.59787553
1282,80257195,,11/27/2015 5:00:00 AM,830,RONCESVALLES AVE,GRENADIER RD,5 m North of,Minor Arterial,Toronto and East York,43.648932,-79.450061,Non Intersection,No Control,Clear,Daylight,Dry,Non-Fatal Injury,Cyclist Collisions,Driver,35 to 39,None,,North,"Automobile, Station Wagon",Pulling Onto Shoulder or towardCurb,Failed to Yield Right of Way,Normal,,,,,,,,Yes,Yes,,,,,,,Yes,,,,86,Roncesvalles,86,Roncesvalles (86),D11,624996.382456806,4834047.85566503
1283,80257196,,11/27/2015 5:00:00 AM,830,RONCESVALLES AVE,GRENADIER RD,5 m North of,Minor Arterial,Toronto and East York,43.648932,-79.450061,Non Intersection,No Control,Clear,Daylight,Dry,Non-Fatal Injury,Cyclist Collisions,Cyclist,15 to 19,Major,,North,Bicycle,Going Ahead,,,,,,Cyclist and Driver travelling in same direction. One vehicle sideswipes the other.,Driving Properly,Normal,,Yes,Yes,,,,,,,Yes,,,,86,Roncesvalles,86,Roncesvalles (86),D11,624996.382456806,4834047.85566503
1284,80494517,,12/8/2015 5:00:00 AM,2115,LOWTHER AVE,SPADINA RD,5 m South of,Minor Arterial,Toronto and East York,43.668948,-79.404765,Intersection Related,Traffic Signal,Rain,"Dark, artificial",Wet,Non-Fatal Injury,Cyclist Collisions,Cyclist,20 to 24,Major,,North,Bicycle,Turning Left,,,,,,Cyclist turned left across motorists path.,Improper Turn,Normal,,Yes,Yes,,,,,Yes,,,,,,95,Annex,95,Annex (95),D53,628606.619727286,4836340.119291
1285,80494518,,12/8/2015 5:00:00 AM,2115,LOWTHER AVE,SPADINA RD,5 m South of,Minor Arterial,Toronto and East York,43.668948,-79.404765,Intersection Related,Traffic Signal,Rain,"Dark, artificial",Wet,Non-Fatal Injury,Cyclist Collisions,Driver,50 to 54,None,,South,"Automobile, Station Wagon",Going Ahead,Driving Properly,Normal,,,,,,,,Yes,Yes,,,,,Yes,,,,,,95,Annex,95,Annex (95),D53,628606.619727286,4836340.119291
1286,80494519,,12/8/2015 5:00:00 AM,2115,LOWTHER AVE,SPADINA RD,5 m South of,Minor Arterial,Toronto and East York,43.668948,-79.404765,Intersection Related,Traffic Signal,Rain,"Dark, artificial",Wet,Non-Fatal Injury,Cyclist Collisions,Passenger,15 to 19,None,,,,,,,,,,,,,,Yes,Yes,,,,,Yes,,,,,,95,Annex,95,Annex (95),D53,628606.619727286,4836340.119291
1287,80494520,,12/8/2015 5:00:00 AM,2115,LOWTHER AVE,SPADINA RD,5 m South of,Minor Arterial,Toronto and East York,43.668948,-79.404765,Intersection Related,Traffic Signal,Rain,"Dark, artificial",Wet,Non-Fatal Injury,Cyclist Collisions,Passenger,10 to 14,None,,,,,,,,,,,,,,Yes,Yes,,,,,Yes,,,,,,95,Annex,95,Annex (95),D53,628606.619727286,4836340.119291
1288,80494905,,12/13/2015 5:00:00 AM,1556,PARKSIDE DR,INDIAN VALLEY CRES,,Major Arterial,Toronto and East York,43.651126,-79.458499,At Intersection,Traffic Signal,Rain,Daylight,Wet,Non-Fatal Injury,Cyclist Collisions,Driver,35 to 39,None,,South,"Automobile, Station Wagon",Going Ahead,Following too Close,Normal,,,,,,,,Yes,Yes,,,,,Yes,,Yes,,,,87,High Park-Swansea,87,High Park-Swansea (87),D11,624311.358858416,4834278.85295899
1289,80494906,,12/13/2015 5:00:00 AM,1556,PARKSIDE DR,INDIAN VALLEY CRES,,Major Arterial,Toronto and East York,43.651126,-79.458499,At Intersection,Traffic Signal,Rain,Daylight,Wet,Non-Fatal Injury,Cyclist Collisions,Cyclist,25 to 29,Major,,South,Bicycle,Stopped,,,,,,Cyclist and Driver travelling in same direction. One vehicle rear-ended the other.,Driving Properly,Normal,,Yes,Yes,,,,,Yes,,Yes,,,,87,High Park-Swansea,87,High Park-Swansea (87),D11,624311.358858416,4834278.85295899
1290,80494907,,12/13/2015 5:00:00 AM,1556,PARKSIDE DR,INDIAN VALLEY CRES,,Major Arterial,Toronto and East York,43.651126,-79.458499,At Intersection,Traffic Signal,Rain,Daylight,Wet,Non-Fatal Injury,Cyclist Collisions,Passenger,10 to 14,None,,,,,,,,,,,,,,Yes,Yes,,,,,Yes,,Yes,,,,87,High Park-Swansea,87,High Park-Swansea (87),D11,624311.358858416,4834278.85295899