OBJECTID,INDEX,ACCNUM,DATE,TIME,STREET1,STREET2,OFFSET,ROAD_CLASS,DISTRICT,LATITUDE,LONGITUDE,ACCLOC,TRAFFCTL,VISIBILITY,LIGHT,RDSFCOND,ACCLASS,IMPACTYPE,INVTYPE,INVAGE,INJURY,FATAL_NO,INITDIR,VEHTYPE,MANOEUVER,DRIVACT,DRIVCOND,PEDTYPE,PEDACT,PEDCOND,CYCLISTYPE,CYCACT,CYCCOND,PEDESTRIAN,CYCLIST,AUTOMOBILE,MOTORCYCLE,TRUCK,TRSN_CITY_VEH,EMERG_VEH,PASSENGER,SPEEDING,AG_DRIV,REDLIGHT,ALCOHOL,DISABILITY,HOOD_158,NEIGHBOURHOOD_158,HOOD_140,NEIGHBOURHOOD_140,DIVISION,x,y
1291,80494908,,12/13/2015 5:00:00 AM,1556,PARKSIDE DR,INDIAN VALLEY CRES,,Major Arterial,Toronto and East York,43.651126,-79.458499,At Intersection,Traffic Signal,Rain,Daylight,Wet,Non-Fatal Injury,Cyclist Collisions,Passenger,10 to 14,None,,,,,,,,,,,,,,Yes,Yes,,,,,Yes,,Yes,,,,87,High Park-Swansea,87,High Park-Swansea (87),D11,624311.358858416,4834278.85295899
1292,80495499,,12/20/2015 5:00:00 AM,639,DUFFERIN ST,DAVENPORT RD,41 m South o,Major Arterial,Toronto and East York,43.672553,-79.440799,Intersection Related,No Control,Clear,"Dark, artificial",Dry,Non-Fatal Injury,Cyclist Collisions,Cyclist,30 to 34,Major,,West,Bicycle,Going Ahead,,,,,,"Cyclist without ROW rides into path of motorist at inter, lnwy, dwy-Cyclist not turn.",Failed to Yield Right of Way,"Ability Impaired, Alcohol",,Yes,Yes,,,,,,,,,,,171,Junction-Wallace Emerson,93,Dovercourt-Wallace Emerson-Junction (93),D13,625694.032813691,4836685.27045193
1293,80495500,,12/20/2015 5:00:00 AM,639,DUFFERIN ST,DAVENPORT RD,41 m South o,Major Arterial,Toronto and East York,43.672553,-79.440799,Intersection Related,No Control,Clear,"Dark, artificial",Dry,Non-Fatal Injury,Cyclist Collisions,Driver,35 to 39,None,,South,"Automobile, Station Wagon",Going Ahead,Driving Properly,Normal,,,,,,,,Yes,Yes,,,,,,,,,,,171,Junction-Wallace Emerson,93,Dovercourt-Wallace Emerson-Junction (93),D13,625694.032813691,4836685.27045193
1294,80631995,,12/22/2015 5:00:00 AM,911,SHERBOURNE ST,CARLTON ST,,Minor Arterial,Toronto and East York,43.663119,-79.373019,At Intersection,Traffic Controller,Rain,Daylight,Wet,Non-Fatal Injury,Cyclist Collisions,Truck Driver,30 to 34,None,,North,"Truck - Closed (Blazer, etc)",Turning Left,Failed to Yield Right of Way,Normal,,,,,,,,Yes,,,Yes,,,,,Yes,,,,73,Moss Park,73,Moss Park (73),D51,631178.680844625,4835742.43635281
1295,80631996,,12/22/2015 5:00:00 AM,911,SHERBOURNE ST,CARLTON ST,,Minor Arterial,Toronto and East York,43.663119,-79.373019,At Intersection,Traffic Controller,Rain,Daylight,Wet,Non-Fatal Injury,Cyclist Collisions,Cyclist,55 to 59,Major,,South,Bicycle,Going Ahead,,,,,,Motorist turned left across cyclists path.,Driving Properly,Normal,,Yes,,,Yes,,,,,Yes,,,,73,Moss Park,73,Moss Park (73),D51,631178.680844625,4835742.43635281
1296,80497416,,1/22/2016 5:00:00 AM,1811,135 TYNDALL AVE,,85 m South o,Local,Toronto and East York,43.637419,-79.428684,At/Near Private Drive,No Control,Clear,"Dark, artificial",Dry,Non-Fatal Injury,Cyclist Collisions,Driver,40 to 44,None,,South,"Automobile, Station Wagon",Turning Left,Improper Turn,Inattentive,,,,,,,,Yes,Yes,,,,,,,,,,,85,South Parkdale,85,South Parkdale (85),D14,626744.576860536,4832801.60919844
1297,80497417,,1/22/2016 5:00:00 AM,1811,135 TYNDALL AVE,,85 m South o,Local,Toronto and East York,43.637419,-79.428684,At/Near Private Drive,No Control,Clear,"Dark, artificial",Dry,Non-Fatal Injury,Cyclist Collisions,Cyclist,50 to 54,Major,,North,Bicycle,Going Ahead,,,,,,Motorist turned left across cyclists path.,Driving Properly,Normal,,Yes,Yes,,,,,,,,,,,85,South Parkdale,85,South Parkdale (85),D14,626744.576860536,4832801.60919844
1298,80497569,,1/23/2016 5:00:00 AM,2010,THE QUEENSWAY,NORTH QUEEN ST,,Major Arterial,Etobicoke York,43.614146,-79.55611,At Intersection,Traffic Signal,Clear,"Dark, artificial",Dry,Non-Fatal Injury,Cyclist Collisions,Driver,50 to 54,None,,East,"Automobile, Station Wagon",Turning Left,Failed to Yield Right of Way,Unknown,,,,,,,,Yes,Yes,,,,,,,Yes,,,,159,Etobicoke City Centre,14,Islington-City Centre West (14),D22,616511.0784894,4830030.1772332
1299,80497570,,1/23/2016 5:00:00 AM,2010,THE QUEENSWAY,NORTH QUEEN ST,,Major Arterial,Etobicoke York,43.614146,-79.55611,At Intersection,Traffic Signal,Clear,"Dark, artificial",Dry,Non-Fatal Injury,Cyclist Collisions,Cyclist,20 to 24,Major,,West,Bicycle,Going Ahead,,,,,,Motorist turned left across cyclists path.,Other,Unknown,,Yes,Yes,,,,,,,Yes,,,,159,Etobicoke City Centre,14,Islington-City Centre West (14),D22,616511.0784894,4830030.1772332
1300,80499093,,2/20/2016 5:00:00 AM,1717,CONFEDERATION DR,STEVENWOOD RD,,Collector,Scarborough,43.755355,-79.221088,At Intersection,No Control,Clear,Daylight,Dry,Non-Fatal Injury,Cyclist Collisions,Driver,35 to 39,None,,West,"Automobile, Station Wagon",Turning Left,Improper Turn,Normal,,,,,,,,Yes,Yes,,,,,,,,,,,141,Golfdale-Cedarbrae-Woburn,137,Woburn (137),D43,643208.733599051,4846238.04037433
1301,80499094,,2/20/2016 5:00:00 AM,1717,CONFEDERATION DR,STEVENWOOD RD,,Collector,Scarborough,43.755355,-79.221088,At Intersection,No Control,Clear,Daylight,Dry,Non-Fatal Injury,Cyclist Collisions,Cyclist,35 to 39,Major,,East,Bicycle,Going Ahead,,,,,,Motorist turned left across cyclists path.,Driving Properly,Normal,,Yes,Yes,,,,,,,,,,,141,Golfdale-Cedarbrae-Woburn,137,Woburn (137),D43,643208.733599051,4846238.04037433
1302,80503244,,3/20/2016 4:00:00 AM,344,COLLEGE ST,LANSDOWNE AVE,,Minor Arterial,Toronto and East York,43.650939,-79.43996,At Intersection,Traffic Signal,Clear,"Dark, artificial",Dry,Non-Fatal Injury,Cyclist Collisions,Driver,40 to 44,None,,West,"Automobile, Station Wagon",Turning Left,Failed to Yield Right of Way,Inattentive,,,,,,,,Yes,Yes,,,,,Yes,,Yes,,,,83,Dufferin Grove,83,Dufferin Grove (83),D11,625806.80524471,4834286.0227777
1303,80503245,,3/20/2016 4:00:00 AM,344,COLLEGE ST,LANSDOWNE AVE,,Minor Arterial,Toronto and East York,43.650939,-79.43996,At Intersection,Traffic Signal,Clear,"Dark, artificial",Dry,Non-Fatal Injury,Cyclist Collisions,Cyclist,30 to 34,Major,,East,Bicycle,Going Ahead,,,,,,Motorist turned left across cyclists path.,Other,Had Been Drinking,,Yes,Yes,,,,,Yes,,Yes,,,,83,Dufferin Grove,83,Dufferin Grove (83),D11,625806.80524471,4834286.0227777
1304,80503246,,3/20/2016 4:00:00 AM,344,COLLEGE ST,LANSDOWNE AVE,,Minor Arterial,Toronto and East York,43.650939,-79.43996,At Intersection,Traffic Signal,Clear,"Dark, artificial",Dry,Non-Fatal Injury,Cyclist Collisions,Passenger,40 to 44,None,,,,,,,,,,,,,,Yes,Yes,,,,,Yes,,Yes,,,,83,Dufferin Grove,83,Dufferin Grove (83),D11,625806.80524471,4834286.0227777
1305,80503369,,3/31/2016 4:00:00 AM,637,COLLEGE ST,LIPPINCOTT ST,1 m East of,Major Arterial,Toronto and East York,43.656649,-79.406482,At Intersection,Stop Sign,Rain,"Daylight, artificial",Wet,Non-Fatal Injury,Cyclist Collisions,Cyclist,65 to 69,Major,,South,Bicycle,Going Ahead,,,,,,"Cyclist without ROW rides into path of motorist at inter, lnwy, dwy-Cyclist not turn.",Disobeyed Traffic Control,Inattentive,,Yes,Yes,,,,,Yes,,,,,,78,Kensington-Chinatown,78,Kensington-Chinatown (78),D14,628494.430989201,4834971.49166126
1306,80503370,,3/31/2016 4:00:00 AM,637,COLLEGE ST,LIPPINCOTT ST,1 m East of,Major Arterial,Toronto and East York,43.656649,-79.406482,At Intersection,Stop Sign,Rain,"Daylight, artificial",Wet,Non-Fatal Injury,Cyclist Collisions,Driver,65 to 69,None,,West,"Automobile, Station Wagon",Going Ahead,Driving Properly,Normal,,,,,,,,Yes,Yes,,,,,Yes,,,,,,78,Kensington-Chinatown,78,Kensington-Chinatown (78),D14,628494.430989201,4834971.49166126
1307,80503371,,3/31/2016 4:00:00 AM,637,COLLEGE ST,LIPPINCOTT ST,1 m East of,Major Arterial,Toronto and East York,43.656649,-79.406482,At Intersection,Stop Sign,Rain,"Daylight, artificial",Wet,Non-Fatal Injury,Cyclist Collisions,Passenger,60 to 64,None,,,,,,,,,,,,,,Yes,Yes,,,,,Yes,,,,,,78,Kensington-Chinatown,78,Kensington-Chinatown (78),D14,628494.430989201,4834971.49166126
1308,80632446,,4/27/2016 4:00:00 AM,2038,JARVIS ST,CARLTON ST,,Major Arterial,Toronto and East York,43.662345,-79.376674,At Intersection,Traffic Signal,Clear,"Dark, artificial",Dry,Non-Fatal Injury,Cyclist Collisions,Driver,30 to 34,None,,North,"Automobile, Station Wagon",Going Ahead,Disobeyed Traffic Control,Normal,,,,,,,,Yes,Yes,,,,,,,Yes,Yes,,,73,Moss Park,73,Moss Park (73),D51,630885.667815995,4835650.70070565
1309,80632447,,4/27/2016 4:00:00 AM,2038,JARVIS ST,CARLTON ST,,Major Arterial,Toronto and East York,43.662345,-79.376674,At Intersection,Traffic Signal,Clear,"Dark, artificial",Dry,Non-Fatal Injury,Cyclist Collisions,Cyclist,25 to 29,Major,,West,Bicycle,Going Ahead,,,,,,"Motorist without ROW drives into path of cyclist at inter, lnwy, dwy-Driver not turn.",Disobeyed Traffic Control,Normal,,Yes,Yes,,,,,,,Yes,Yes,,,73,Moss Park,73,Moss Park (73),D51,630885.667815995,4835650.70070565
1310,80512231,,4/29/2016 4:00:00 AM,1325,DUFFERIN ST,CROATIA ST,,Major Arterial,Toronto and East York,43.658335,-79.434764,At Intersection,Stop Sign,Clear,Daylight,Dry,Non-Fatal Injury,Cyclist Collisions,Truck Driver,20 to 24,None,,East,"Truck - Closed (Blazer, etc)",Turning Right,Other,Inattentive,,,,,,,,Yes,,,Yes,,,,,,,,,83,Dufferin Grove,83,Dufferin Grove (83),D14,626210.337560069,4835115.33553696
1311,80512232,,4/29/2016 4:00:00 AM,1325,DUFFERIN ST,CROATIA ST,,Major Arterial,Toronto and East York,43.658335,-79.434764,At Intersection,Stop Sign,Clear,Daylight,Dry,Non-Fatal Injury,Cyclist Collisions,Cyclist,45 to 49,Major,,North,Bicycle,Going Ahead,,,,,,"Motorist turns right at non-signal Inter.(stop, yield, no cont.,and dwy) and strikes cyclist.",Other,Inattentive,,Yes,,,Yes,,,,,,,,,83,Dufferin Grove,83,Dufferin Grove (83),D14,626210.337560069,4835115.33553696
1312,80632453,,5/10/2016 4:00:00 AM,648,FINCH AVE W,SIGNET DR,25 m East of,Major Arterial,Etobicoke York,43.753218,-79.53622,At Intersection,Traffic Signal,Clear,Daylight,Dry,Non-Fatal Injury,Cyclist Collisions,Cyclist,30 to 34,Minimal,,East,Bicycle,Going Ahead,,,,,,Cyclist and Driver travelling in same direction. One vehicle sideswipes the other.,Lost control,Normal,,Yes,Yes,,,,,,,,,,,22,Humbermede,22,Humbermede (22),D31,617843.461084597,4845504.07510567
1313,80632454,,5/10/2016 4:00:00 AM,648,FINCH AVE W,SIGNET DR,25 m East of,Major Arterial,Etobicoke York,43.753218,-79.53622,At Intersection,Traffic Signal,Clear,Daylight,Dry,Non-Fatal Injury,Cyclist Collisions,Driver,30 to 34,Major,,East,"Automobile, Station Wagon",Going Ahead,Driving Properly,Normal,,,,,,,,Yes,Yes,,,,,,,,,,,22,Humbermede,22,Humbermede (22),D31,617843.461084597,4845504.07510567
1314,80632469,,5/15/2016 4:00:00 AM,30,DUNDAS ST W,OSSINGTON AVE,40 m East of,Major Arterial,Toronto and East York,43.649394,-79.420032,Non Intersection,No Control,Clear,Dark,Dry,Non-Fatal Injury,Cyclist Collisions,Driver,unknown,None,,West,"Automobile, Station Wagon",Making U Turn,Improper Turn,Inattentive,,,,,,,,Yes,Yes,,,,,,,,,,,81,Trinity-Bellwoods,81,Trinity-Bellwoods (81),D14,627417.148128415,4834144.83493005
1315,80632470,,5/15/2016 4:00:00 AM,30,DUNDAS ST W,OSSINGTON AVE,40 m East of,Major Arterial,Toronto and East York,43.649394,-79.420032,Non Intersection,No Control,Clear,Dark,Dry,Non-Fatal Injury,Cyclist Collisions,Cyclist,20 to 24,Major,,East,Bicycle,Going Ahead,,,,,,Motorist makes u-turn in-front of cyclist.,Driving Properly,Normal,,Yes,Yes,,,,,,,,,,,81,Trinity-Bellwoods,81,Trinity-Bellwoods (81),D14,627417.148128415,4834144.83493005
1316,80632458,,5/18/2016 4:00:00 AM,845,580 CHRISTIE ST,,2 m East of,Minor Arterial,Toronto and East York,43.679186,-79.42467,At/Near Private Drive,No Control,Clear,Daylight,Dry,Non-Fatal Injury,Cyclist Collisions,Driver,30 to 34,None,,North,Delivery Van,Turning Left,Failed to Yield Right of Way,Other,,,,,,,,Yes,Yes,,,,,Yes,,Yes,,,,94,Wychwood,94,Wychwood (94),D13,626980.283648946,4837446.52064459
1317,80632459,,5/18/2016 4:00:00 AM,845,580 CHRISTIE ST,,2 m East of,Minor Arterial,Toronto and East York,43.679186,-79.42467,At/Near Private Drive,No Control,Clear,Daylight,Dry,Non-Fatal Injury,Cyclist Collisions,Cyclist,20 to 24,Major,,South,Bicycle,Going Ahead,,,,,,Motorist turned left across cyclists path.,Driving Properly,Normal,,Yes,Yes,,,,,Yes,,Yes,,,,94,Wychwood,94,Wychwood (94),D13,626980.283648946,4837446.52064459
1318,80632460,,5/18/2016 4:00:00 AM,845,580 CHRISTIE ST,,2 m East of,Minor Arterial,Toronto and East York,43.679186,-79.42467,At/Near Private Drive,No Control,Clear,Daylight,Dry,Non-Fatal Injury,Cyclist Collisions,Passenger,30 to 34,None,,,,,,,,,,,,,,Yes,Yes,,,,,Yes,,Yes,,,,94,Wychwood,94,Wychwood (94),D13,626980.283648946,4837446.52064459
1319,80543378,,5/28/2016 4:00:00 AM,2005,RICHMOND ST W,UNIVERSITY AVE,,Major Arterial,Toronto and East York,43.650012,-79.386249,At Intersection,Traffic Signal,Clear,Daylight,Dry,Non-Fatal Injury,Cyclist Collisions,Driver,unknown,None,,West,"Automobile, Station Wagon",Turning Right,Failed to Yield Right of Way,Inattentive,,,,,,,,Yes,Yes,,,,,,,Yes,,,,170,Yonge-Bay Corridor,76,Bay Street Corridor (76),D52,630140.285168361,4834265.89726564
1320,80543379,,5/28/2016 4:00:00 AM,2005,RICHMOND ST W,UNIVERSITY AVE,,Major Arterial,Toronto and East York,43.650012,-79.386249,At Intersection,Traffic Signal,Clear,Daylight,Dry,Non-Fatal Injury,Cyclist Collisions,Cyclist,25 to 29,Major,,West,Bicycle,Going Ahead,,,,,,Motorist turning right on green or amber at signalized intersection strikes cyclist.,Driving Properly,Normal,,Yes,Yes,,,,,,,Yes,,,,170,Yonge-Bay Corridor,76,Bay Street Corridor (76),D52,630140.285168361,4834265.89726564
1321,80542794,,6/1/2016 4:00:00 AM,1940,DUNDAS ST W,BROCK AVE,,Minor Arterial,Toronto and East York,43.649817,-79.435558,At Intersection,Traffic Signal,Clear,Daylight,Dry,Non-Fatal Injury,Cyclist Collisions,Cyclist,30 to 34,Major,,West,Bicycle,Turning Left,,,,,,Cyclist turned left across motorists path.,Disobeyed Traffic Control,Inattentive,,Yes,Yes,,,,,,,,,,,84,Little Portugal,84,Little Portugal (84),D11,626164.149762303,4834168.09310325
1322,80542795,,6/1/2016 4:00:00 AM,1940,DUNDAS ST W,BROCK AVE,,Minor Arterial,Toronto and East York,43.649817,-79.435558,At Intersection,Traffic Signal,Clear,Daylight,Dry,Non-Fatal Injury,Cyclist Collisions,Driver,25 to 29,None,,South,"Automobile, Station Wagon",Going Ahead,Driving Properly,Normal,,,,,,,,Yes,Yes,,,,,,,,,,,84,Little Portugal,84,Little Portugal (84),D11,626164.149762303,4834168.09310325
1323,80562726,,6/9/2016 4:00:00 AM,837,ADELAIDE ST W,JOHN ST,,Major Arterial,Toronto and East York,43.647845,-79.390285,Intersection Related,Traffic Signal,Clear,Daylight,Dry,Non-Fatal Injury,Cyclist Collisions,Driver,50 to 54,None,,East,"Automobile, Station Wagon",Turning Right,Improper Turn,Inattentive,,,,,,,,Yes,Yes,,,,,,,,,,,164,Wellington Place,77,Waterfront Communities-The Island (77),D52,629819.468587204,4834018.90205368
1324,80562727,,6/9/2016 4:00:00 AM,837,ADELAIDE ST W,JOHN ST,,Major Arterial,Toronto and East York,43.647845,-79.390285,Intersection Related,Traffic Signal,Clear,Daylight,Dry,Non-Fatal Injury,Cyclist Collisions,Cyclist,35 to 39,Major,,East,Bicycle,Going Ahead,,,,,,Motorist turning right on green or amber at signalized intersection strikes cyclist.,Driving Properly,Normal,,Yes,Yes,,,,,,,,,,,164,Wellington Place,77,Waterfront Communities-The Island (77),D52,629819.468587204,4834018.90205368
1325,80543119,,6/14/2016 4:00:00 AM,1246,58 THE ESPLANADE,,45 m West of,Collector,Toronto and East York,43.646952,-79.374179,Non Intersection,No Control,Clear,Daylight,Dry,Non-Fatal Injury,Cyclist Collisions,Cyclist,30 to 34,Major,,West,Bicycle,Pulling Onto Shoulder or towardCurb,,,,,,Cyclist and Driver travelling in same direction. One vehicle rear-ended the other.,Following too Close,Normal,,Yes,Yes,,,,,,,,,,,166,St Lawrence-East Bayfront-The Islands,77,Waterfront Communities-The Island (77),D51,631120.333912643,4833945.04380987
1326,80543120,,6/14/2016 4:00:00 AM,1246,58 THE ESPLANADE,,45 m West of,Collector,Toronto and East York,43.646952,-79.374179,Non Intersection,No Control,Clear,Daylight,Dry,Non-Fatal Injury,Cyclist Collisions,Driver,25 to 29,None,,West,"Automobile, Station Wagon",Going Ahead,Driving Properly,Normal,,,,,,,,Yes,Yes,,,,,,,,,,,166,St Lawrence-East Bayfront-The Islands,77,Waterfront Communities-The Island (77),D51,631120.333912643,4833945.04380987
1327,80563229,,6/20/2016 4:00:00 AM,1307,ORMEROD ST,VERNE CRES,32 m East of,Local,Scarborough,43.795184,-79.237384,Intersection Related,No Control,Clear,Daylight,Dry,Non-Fatal Injury,Cyclist Collisions,Driver,50 to 54,None,,West,"Automobile, Station Wagon",Overtaking,Improper Passing,Normal,,,,,,,,Yes,Yes,,,,,,,Yes,,,,145,Malvern West,132,Malvern (132),D42,641802.653210861,4850633.62782061
1328,80563230,,6/20/2016 4:00:00 AM,1307,ORMEROD ST,VERNE CRES,32 m East of,Local,Scarborough,43.795184,-79.237384,Intersection Related,No Control,Clear,Daylight,Dry,Non-Fatal Injury,Cyclist Collisions,Cyclist,65 to 69,Major,,West,Bicycle,Turning Left,,,,,,Cyclist turned left across motorists path.,Improper Turn,Normal,,Yes,Yes,,,,,,,Yes,,,,145,Malvern West,132,Malvern (132),D42,641802.653210861,4850633.62782061
1329,80563739,,6/29/2016 4:00:00 AM,1908,99 HUMBER BLVD,,,Collector,Etobicoke York,43.679877,-79.482257,At Intersection,No Control,Clear,Daylight,Dry,Non-Fatal Injury,Cyclist Collisions,Cyclist,10 to 14,Major,,West,Bicycle,Going Ahead,,,,,,"Cyclist without ROW rides into path of motorist at inter, lnwy, dwy-Cyclist not turn.",Failed to Yield Right of Way,Normal,,Yes,Yes,,,,,,,,,,,111,Rockcliffe-Smythe,111,Rockcliffe-Smythe (111),D12,622337.007877592,4837436.71383229
1330,80563740,,6/29/2016 4:00:00 AM,1908,99 HUMBER BLVD,,,Collector,Etobicoke York,43.679877,-79.482257,At Intersection,No Control,Clear,Daylight,Dry,Non-Fatal Injury,Cyclist Collisions,Driver,35 to 39,None,,North,Pick Up Truck,Going Ahead,Driving Properly,Normal,,,,,,,,Yes,Yes,,,,,,,,,,,111,Rockcliffe-Smythe,111,Rockcliffe-Smythe (111),D12,622337.007877592,4837436.71383229
1331,80563774,,6/30/2016 4:00:00 AM,1143,JANE ST,WILSON AVE,5 m South of,Major Arterial,Etobicoke York,43.720904,-79.508617,Intersection Related,Traffic Signal,Clear,Daylight,Dry,Non-Fatal Injury,Cyclist Collisions,Cyclist,20 to 24,Major,,East,Bicycle,Going Ahead,,,,,,Motorist turning right on green or amber at signalized intersection strikes cyclist.,Driving Properly,Normal,,Yes,,,Yes,,,,,,,,,154,Oakdale-Beverley Heights,26,Downsview-Roding-CFB (26),D31,620130.291592105,4841954.78171387
1332,80563775,,6/30/2016 4:00:00 AM,1143,JANE ST,WILSON AVE,5 m South of,Major Arterial,Etobicoke York,43.720904,-79.508617,Intersection Related,Traffic Signal,Clear,Daylight,Dry,Non-Fatal Injury,Cyclist Collisions,Truck Driver,30 to 34,None,,East,"Truck - Closed (Blazer, etc)",Turning Right,Other,Normal,,,,,,,,Yes,,,Yes,,,,,,,,,154,Oakdale-Beverley Heights,26,Downsview-Roding-CFB (26),D31,620130.291592105,4841954.78171387
1333,80545158,,7/5/2016 4:00:00 AM,1247,740 DUPONT ST,,,Major Arterial,Toronto and East York,43.671199,-79.423724,Non Intersection,No Control,Clear,Daylight,Dry,Fatal,Cyclist Collisions,Cyclist,70 to 74,Fatal,41,West,Bicycle,Overtaking,,,,,,Cyclist strikes a parked vehicle.,Improper Passing,Unknown,,Yes,Yes,,,,,,,,,,,172,Dovercourt Village,93,Dovercourt-Wallace Emerson-Junction (93),D14,627073.394243211,4836560.90557973
1334,80545159,,7/5/2016 4:00:00 AM,1247,740 DUPONT ST,,,Major Arterial,Toronto and East York,43.671199,-79.423724,Non Intersection,No Control,Clear,Daylight,Dry,Fatal,Cyclist Collisions,Driver - Not Hit,unknown,None,,,Passenger Van,,,,,,,,,,,Yes,Yes,,,,,,,,,,,172,Dovercourt Village,93,Dovercourt-Wallace Emerson-Junction (93),D14,627073.394243211,4836560.90557973
1335,80545160,,7/5/2016 4:00:00 AM,1247,740 DUPONT ST,,,Major Arterial,Toronto and East York,43.671199,-79.423724,Non Intersection,No Control,Clear,Daylight,Dry,Fatal,Cyclist Collisions,Other,unknown,None,,West,,Parked,,,,,,,,,,Yes,Yes,,,,,,,,,,,172,Dovercourt Village,93,Dovercourt-Wallace Emerson-Junction (93),D14,627073.394243211,4836560.90557973
1336,80564319,,7/11/2016 4:00:00 AM,27,429 DUNDAS ST E,,15 m North o,Major Arterial,Toronto and East York,43.659266,-79.366695,Intersection Related,No Control,Clear,"Dark, artificial",Dry,Non-Fatal Injury,Cyclist Collisions,Cyclist,25 to 29,Major,,East,Bicycle,Going Ahead,,,,,,Cyclist and Driver travelling in same direction. One vehicle sideswipes the other.,Other,Had Been Drinking,,Yes,Yes,,,,,Yes,,,,,,73,Moss Park,73,Moss Park (73),D51,631696.99598777,4835324.527915
1337,80564320,,7/11/2016 4:00:00 AM,27,429 DUNDAS ST E,,15 m North o,Major Arterial,Toronto and East York,43.659266,-79.366695,Intersection Related,No Control,Clear,"Dark, artificial",Dry,Non-Fatal Injury,Cyclist Collisions,Driver,20 to 24,None,,East,"Automobile, Station Wagon",Going Ahead,Driving Properly,Normal,,,,,,,,Yes,Yes,,,,,Yes,,,,,,73,Moss Park,73,Moss Park (73),D51,631696.99598777,4835324.527915
1338,80564321,,7/11/2016 4:00:00 AM,27,429 DUNDAS ST E,,15 m North o,Major Arterial,Toronto and East York,43.659266,-79.366695,Intersection Related,No Control,Clear,"Dark, artificial",Dry,Non-Fatal Injury,Cyclist Collisions,Passenger,20 to 24,None,,,,,,,,,,,,,,Yes,Yes,,,,,Yes,,,,,,73,Moss Park,73,Moss Park (73),D51,631696.99598777,4835324.527915
1339,80564322,,7/11/2016 4:00:00 AM,27,429 DUNDAS ST E,,15 m North o,Major Arterial,Toronto and East York,43.659266,-79.366695,Intersection Related,No Control,Clear,"Dark, artificial",Dry,Non-Fatal Injury,Cyclist Collisions,Passenger,25 to 29,None,,,,,,,,,,,,,,Yes,Yes,,,,,Yes,,,,,,73,Moss Park,73,Moss Park (73),D51,631696.99598777,4835324.527915
1340,80564323,,7/11/2016 4:00:00 AM,27,429 DUNDAS ST E,,15 m North o,Major Arterial,Toronto and East York,43.659266,-79.366695,Intersection Related,No Control,Clear,"Dark, artificial",Dry,Non-Fatal Injury,Cyclist Collisions,Passenger,20 to 24,Major,,,,,,,,,,,,,,Yes,Yes,,,,,Yes,,,,,,73,Moss Park,73,Moss Park (73),D51,631696.99598777,4835324.527915
1341,80564406,,7/12/2016 4:00:00 AM,910,AVENUE RD,CHAPLIN CRES,58 m South o,Major Arterial,Toronto and East York,43.698767,-79.406146,Non Intersection,Traffic Signal,Clear,Daylight,Dry,Non-Fatal Injury,Cyclist Collisions,Cyclist,50 to 54,Major,,East,Bicycle,Going Ahead,,,,,,"Cyclist without ROW rides into path of motorist at inter, lnwy, dwy-Cyclist not turn.",Disobeyed Traffic Control,Inattentive,,Yes,Yes,,,,,,,,,,,100,Yonge-Eglinton,100,Yonge-Eglinton (100),D53,628431.636281788,4839649.78634438
1342,80564407,,7/12/2016 4:00:00 AM,910,AVENUE RD,CHAPLIN CRES,58 m South o,Major Arterial,Toronto and East York,43.698767,-79.406146,Non Intersection,Traffic Signal,Clear,Daylight,Dry,Non-Fatal Injury,Cyclist Collisions,Driver,50 to 54,None,,North,"Automobile, Station Wagon",Going Ahead,Driving Properly,Normal,,,,,,,,Yes,Yes,,,,,,,,,,,100,Yonge-Eglinton,100,Yonge-Eglinton (100),D53,628431.636281788,4839649.78634438
1343,80564417,,7/12/2016 4:00:00 AM,1235,PAPE AVE,COSBURN AVE,15 m South o,Major Arterial,Toronto and East York,43.689421,-79.348804,Non Intersection,Traffic Signal,Clear,Daylight,Dry,Non-Fatal Injury,Cyclist Collisions,Cyclist,15 to 19,Major,,North,Bicycle,Going Ahead,,,,,,Insufficient information (to determine cyclist crash type).,Lost control,Inattentive,,Yes,Yes,,,,,,,,,,,59,Danforth East York,59,Danforth East York (59),D55,633072.933172833,4838702.20559943
1344,80564418,,7/12/2016 4:00:00 AM,1235,PAPE AVE,COSBURN AVE,15 m South o,Major Arterial,Toronto and East York,43.689421,-79.348804,Non Intersection,Traffic Signal,Clear,Daylight,Dry,Non-Fatal Injury,Cyclist Collisions,Driver,65 to 69,None,,South,Passenger Van,Going Ahead,Driving Properly,Normal,,,,,,,,Yes,Yes,,,,,,,,,,,59,Danforth East York,59,Danforth East York (59),D55,633072.933172833,4838702.20559943