OBJECTID,INDEX,ACCNUM,DATE,TIME,STREET1,STREET2,OFFSET,ROAD_CLASS,DISTRICT,LATITUDE,LONGITUDE,ACCLOC,TRAFFCTL,VISIBILITY,LIGHT,RDSFCOND,ACCLASS,IMPACTYPE,INVTYPE,INVAGE,INJURY,FATAL_NO,INITDIR,VEHTYPE,MANOEUVER,DRIVACT,DRIVCOND,PEDTYPE,PEDACT,PEDCOND,CYCLISTYPE,CYCACT,CYCCOND,PEDESTRIAN,CYCLIST,AUTOMOBILE,MOTORCYCLE,TRUCK,TRSN_CITY_VEH,EMERG_VEH,PASSENGER,SPEEDING,AG_DRIV,REDLIGHT,ALCOHOL,DISABILITY,HOOD_158,NEIGHBOURHOOD_158,HOOD_140,NEIGHBOURHOOD_140,DIVISION,x,y
1345,80632050,,7/19/2016 4:00:00 AM,1850,RICHMOND ST W,PORTLAND ST,27 m West of,Major Arterial,Toronto and East York,43.646899,-79.401088,At/Near Private Drive,No Control,Clear,Daylight,Dry,Non-Fatal Injury,Cyclist Collisions,Driver,50 to 54,None,,West,"Automobile, Station Wagon",Turning Right,Failed to Yield Right of Way,Inattentive,,,,,,,,Yes,Yes,,,,,,,Yes,,,,164,Wellington Place,77,Waterfront Communities-The Island (77),D14,628950.248985088,4833896.99381336
1346,80632051,,7/19/2016 4:00:00 AM,1850,RICHMOND ST W,PORTLAND ST,27 m West of,Major Arterial,Toronto and East York,43.646899,-79.401088,At/Near Private Drive,No Control,Clear,Daylight,Dry,Non-Fatal Injury,Cyclist Collisions,Cyclist,25 to 29,Major,,West,Bicycle,Going Ahead,,,,,,"Motorist turns right at non-signal Inter.(stop, yield, no cont.,and dwy) and strikes cyclist.",Driving Properly,Normal,,Yes,Yes,,,,,,,Yes,,,,164,Wellington Place,77,Waterfront Communities-The Island (77),D14,628950.248985088,4833896.99381336
1347,80632054,,7/21/2016 4:00:00 AM,2127,THE EAST MALL,RATHBURN RD,137 m South ,Minor Arterial,Etobicoke York,43.653208,-79.563464,Non Intersection,No Control,Clear,"Dark, artificial",Dry,Non-Fatal Injury,Cyclist Collisions,Driver,65 to 69,None,,West,Passenger Van,Reversing,Other,Normal,,,,,,,,Yes,Yes,,,,,Yes,,,,,,158,Islington,14,Islington-City Centre West (14),D22,615842.58825889,4834358.20341235
1348,80632055,,7/21/2016 4:00:00 AM,2127,THE EAST MALL,RATHBURN RD,137 m South ,Minor Arterial,Etobicoke York,43.653208,-79.563464,Non Intersection,No Control,Clear,"Dark, artificial",Dry,Non-Fatal Injury,Cyclist Collisions,Cyclist,20 to 24,Major,,South,Bicycle,Going Ahead,,,,,,Motorist reversing struck cyclist.,Driving Properly,Other,,Yes,Yes,,,,,Yes,,,,,,158,Islington,14,Islington-City Centre West (14),D22,615842.58825889,4834358.20341235
1349,80632056,,7/21/2016 4:00:00 AM,2127,THE EAST MALL,RATHBURN RD,137 m South ,Minor Arterial,Etobicoke York,43.653208,-79.563464,Non Intersection,No Control,Clear,"Dark, artificial",Dry,Non-Fatal Injury,Cyclist Collisions,Passenger,35 to 39,None,,,,,,,,,,,,,,Yes,Yes,,,,,Yes,,,,,,158,Islington,14,Islington-City Centre West (14),D22,615842.58825889,4834358.20341235
1350,80565973,,7/24/2016 4:00:00 AM,1349,VICTORIA PARK AVE,HIGHWAY 401 C  W,5 m South of,Major Arterial,North York,43.768347,-79.319797,Non Intersection,No Control,Clear,Daylight,Dry,Non-Fatal Injury,Cyclist Collisions,Cyclist,25 to 29,None,,South,Bicycle,Merging,,,,,,"Cyclist without ROW rides into path of motorist at inter, lnwy, dwy-Cyclist not turn.",Failed to Yield Right of Way,Unknown,,Yes,,Yes,,,,,,,,,,150,Fenside-Parkwoods,45,Parkwoods-Donalda (45),D33,635232.943787927,4847515.05543114
1351,80565974,,7/24/2016 4:00:00 AM,1349,VICTORIA PARK AVE,HIGHWAY 401 C  W,5 m South of,Major Arterial,North York,43.768347,-79.319797,Non Intersection,No Control,Clear,Daylight,Dry,Non-Fatal Injury,Cyclist Collisions,Motorcycle Driver,55 to 59,Major,,East,Motorcycle,Going Ahead,Lost control,Normal,,,,,,,,Yes,,Yes,,,,,,,,,,150,Fenside-Parkwoods,45,Parkwoods-Donalda (45),D33,635232.943787927,4847515.05543114
1352,80566002,,7/25/2016 4:00:00 AM,2359,KENNEDY RD,MERRIAN RD,,Major Arterial,Scarborough,43.727336,-79.26588,At Intersection,Traffic Signal,Clear,"Dark, artificial",Dry,Non-Fatal Injury,Cyclist Collisions,Cyclist,35 to 39,Major,,West,Bicycle,Going Ahead,,,,,,"Cyclist without ROW rides into path of motorist at inter, lnwy, dwy-Cyclist not turn.",Disobeyed Traffic Control,Inattentive,,Yes,,,,,Yes,,,,,,,124,Kennedy Park,124,Kennedy Park (124),D41,639667.916488414,4843049.6321199
1353,80566003,,7/25/2016 4:00:00 AM,2359,KENNEDY RD,MERRIAN RD,,Major Arterial,Scarborough,43.727336,-79.26588,At Intersection,Traffic Signal,Clear,"Dark, artificial",Dry,Non-Fatal Injury,Cyclist Collisions,Driver,35 to 39,None,,North,Police Vehicle,Going Ahead,Driving Properly,Normal,,,,,,,,Yes,,,,,Yes,,,,,,,124,Kennedy Park,124,Kennedy Park (124),D41,639667.916488414,4843049.6321199
1354,80632070,,7/29/2016 4:00:00 AM,1645,JANE ST,SHOREHAM DR,121 m North ,Major Arterial,Etobicoke York,43.769675,-79.52058,Non Intersection,No Control,Clear,Daylight,Dry,Non-Fatal Injury,Cyclist Collisions,Cyclist,30 to 34,None,,East,Bicycle,Going Ahead,,,,,,"Cyclist without ROW rides into path of motorist at inter, lnwy, dwy-Cyclist not turn.",Failed to Yield Right of Way,Inattentive,,Yes,Yes,,,,,,,,,,,24,Black Creek,24,Black Creek (24),D31,619069.93839574,4847354.23785977
1355,80632071,,7/29/2016 4:00:00 AM,1645,JANE ST,SHOREHAM DR,121 m North ,Major Arterial,Etobicoke York,43.769675,-79.52058,Non Intersection,No Control,Clear,Daylight,Dry,Non-Fatal Injury,Cyclist Collisions,Driver,50 to 54,Major,,South,"Automobile, Station Wagon",Going Ahead,Driving Properly,Normal,,,,,,,,Yes,Yes,,,,,,,,,,,24,Black Creek,24,Black Creek (24),D31,619069.93839574,4847354.23785977
1356,80715701,,8/16/2016 4:00:00 AM,2325,THE WEST MALL,THE QUEENSWAY,,Major Arterial,Etobicoke York,43.6123,-79.562633,At Intersection,Traffic Signal,Clear,"Dark, artificial",Dry,Non-Fatal Injury,Cyclist Collisions,Cyclist,30 to 34,Major,,South,Bicycle,Going Ahead,,,,,,"Cyclist without ROW rides into path of motorist at inter, lnwy, dwy-Cyclist not turn.",Other,Unknown,,Yes,,,Yes,,,,,,,,,159,Etobicoke City Centre,14,Islington-City Centre West (14),D22,615988.265736224,4829816.025636
1357,80715702,,8/16/2016 4:00:00 AM,2325,THE WEST MALL,THE QUEENSWAY,,Major Arterial,Etobicoke York,43.6123,-79.562633,At Intersection,Traffic Signal,Clear,"Dark, artificial",Dry,Non-Fatal Injury,Cyclist Collisions,Truck Driver,50 to 54,None,,North,Truck-Tractor,Turning Right,Driving Properly,Normal,,,,,,,,Yes,,,Yes,,,,,,,,,159,Etobicoke City Centre,14,Islington-City Centre West (14),D22,615988.265736224,4829816.025636
1358,80769167,,8/26/2016 4:00:00 AM,1600,116 ELINOR AVE,JOY DR,68 m North o,Local,Scarborough,43.752097,-79.303737,At/Near Private Drive,No Control,Clear,Daylight,Dry,Non-Fatal Injury,Cyclist Collisions,Driver,unknown,None,,North,"Automobile, Station Wagon",Turning Left,Failed to Yield Right of Way,Inattentive,,,,,,,,Yes,Yes,,,,,,,Yes,,,,119,Wexford/Maryvale,119,Wexford/Maryvale (119),D41,636562.530692971,4845736.59891946
1359,80769168,,8/26/2016 4:00:00 AM,1600,116 ELINOR AVE,JOY DR,68 m North o,Local,Scarborough,43.752097,-79.303737,At/Near Private Drive,No Control,Clear,Daylight,Dry,Non-Fatal Injury,Cyclist Collisions,Cyclist,50 to 54,Major,,South,Bicycle,Going Ahead,,,,,,Motorist turned left across cyclists path.,Driving Properly,Normal,,Yes,Yes,,,,,,,Yes,,,,119,Wexford/Maryvale,119,Wexford/Maryvale (119),D41,636562.530692971,4845736.59891946
1360,80717410,,9/1/2016 4:00:00 AM,1413,ROGERS RD,KANE AVE,,Minor Arterial,Etobicoke York,43.682048,-79.46651,Intersection Related,No Control,Clear,Daylight,Dry,Non-Fatal Injury,Cyclist Collisions,Cyclist,60 to 64,Major,,South,Bicycle,Going Ahead,,,,,,Cyclist turned left across motorists path.,Failed to Yield Right of Way,Normal,,Yes,Yes,,,,,,,Yes,,,,110,Keelesdale-Eglinton West,110,Keelesdale-Eglinton West (110),D12,623601.841079277,4837701.17958458
1361,80717411,,9/1/2016 4:00:00 AM,1413,ROGERS RD,KANE AVE,,Minor Arterial,Etobicoke York,43.682048,-79.46651,Intersection Related,No Control,Clear,Daylight,Dry,Non-Fatal Injury,Cyclist Collisions,Driver,70 to 74,None,,East,"Automobile, Station Wagon",Going Ahead,Driving Properly,Normal,,,,,,,,Yes,Yes,,,,,,,Yes,,,,110,Keelesdale-Eglinton West,110,Keelesdale-Eglinton West (110),D12,623601.841079277,4837701.17958458
1362,80632162,,9/2/2016 4:00:00 AM,1630,LONSDALE RD,ORIOLE RD,,Major Arterial,Toronto and East York,43.691004,-79.401546,At Intersection,No Control,Clear,Daylight,Dry,Non-Fatal Injury,Cyclist Collisions,Driver,55 to 59,None,,West,"Automobile, Station Wagon",Turning Left,Improper Turn,Inattentive,,,,,,,,Yes,Yes,,,,,,,,,,,97,Yonge-St.Clair,97,Yonge-St.Clair (97),D53,628818.925657347,4838794.73339974
1363,80632163,,9/2/2016 4:00:00 AM,1630,LONSDALE RD,ORIOLE RD,,Major Arterial,Toronto and East York,43.691004,-79.401546,At Intersection,No Control,Clear,Daylight,Dry,Non-Fatal Injury,Cyclist Collisions,Cyclist,20 to 24,Major,,East,Bicycle,Going Ahead,,,,,,Motorist turned left across cyclists path.,Driving Properly,Normal,,Yes,Yes,,,,,,,,,,,97,Yonge-St.Clair,97,Yonge-St.Clair (97),D53,628818.925657347,4838794.73339974
1364,80718306,,9/4/2016 4:00:00 AM,1400,GERRARD ST E,RIVER ST,80 m East of,Minor Arterial,Toronto and East York,43.663905,-79.358226,Non Intersection,No Control,Clear,Daylight,Dry,Non-Fatal Injury,Cyclist Collisions,Cyclist,65 to 69,Major,,West,Bicycle,Changing Lanes,,,,,,Cyclist and Driver travelling in same direction. One vehicle sideswipes the other.,Improper Lane Change,Inattentive,,Yes,Yes,,,,,Yes,,,,,,72,Regent Park,72,Regent Park (72),D51,632369.68225026,4835853.22856773
1365,80718307,,9/4/2016 4:00:00 AM,1400,GERRARD ST E,RIVER ST,80 m East of,Minor Arterial,Toronto and East York,43.663905,-79.358226,Non Intersection,No Control,Clear,Daylight,Dry,Non-Fatal Injury,Cyclist Collisions,Driver,20 to 24,None,,West,"Automobile, Station Wagon",Going Ahead,Driving Properly,Normal,,,,,,,,Yes,Yes,,,,,Yes,,,,,,72,Regent Park,72,Regent Park (72),D51,632369.68225026,4835853.22856773
1366,80718308,,9/4/2016 4:00:00 AM,1400,GERRARD ST E,RIVER ST,80 m East of,Minor Arterial,Toronto and East York,43.663905,-79.358226,Non Intersection,No Control,Clear,Daylight,Dry,Non-Fatal Injury,Cyclist Collisions,Passenger,20 to 24,None,,,,,,,,,,,,,,Yes,Yes,,,,,Yes,,,,,,72,Regent Park,72,Regent Park (72),D51,632369.68225026,4835853.22856773
1367,80632178,,9/5/2016 4:00:00 AM,1913,CARLTON ST,SEATON ST,37 m East of,Minor Arterial,Toronto and East York,43.663439,-79.371478,Intersection Related,No Control,Clear,Daylight,Dry,Non-Fatal Injury,Cyclist Collisions,Driver,35 to 39,None,,East,"Automobile, Station Wagon",Going Ahead,Speed too Fast For Condition,Normal,,,,,,,,Yes,Yes,,,,,,Yes,Yes,,,,73,Moss Park,73,Moss Park (73),D51,631302.230834152,4835780.41434165
1368,80632179,,9/5/2016 4:00:00 AM,1913,CARLTON ST,SEATON ST,37 m East of,Minor Arterial,Toronto and East York,43.663439,-79.371478,Intersection Related,No Control,Clear,Daylight,Dry,Non-Fatal Injury,Cyclist Collisions,Cyclist,45 to 49,Major,,East,Bicycle,Going Ahead,,,,,,Cyclist and Driver travelling in same direction. One vehicle rear-ended the other.,Driving Properly,Normal,,Yes,Yes,,,,,,Yes,Yes,,,,73,Moss Park,73,Moss Park (73),D51,631302.230834152,4835780.41434165
1369,80718833,,9/16/2016 4:00:00 AM,1047,SHEPPARD AV E,PALMDALE DR,,Major Arterial,Scarborough,43.777972,-79.31116,Intersection Related,No Control,Clear,Daylight,Dry,Non-Fatal Injury,Cyclist Collisions,Cyclist,40 to 44,Major,,East,Bicycle,Going Ahead,,,,,,"Cyclist without ROW rides into path of motorist at inter, lnwy, dwy-Cyclist not turn.",Other,Inattentive,,Yes,,,Yes,,,,,,,,,118,Tam O'Shanter-Sullivan,118,Tam O'Shanter-Sullivan (118),D42,635906.304439952,4848598.2028931
1370,80718834,,9/16/2016 4:00:00 AM,1047,SHEPPARD AV E,PALMDALE DR,,Major Arterial,Scarborough,43.777972,-79.31116,Intersection Related,No Control,Clear,Daylight,Dry,Non-Fatal Injury,Cyclist Collisions,Truck Driver,50 to 54,None,,West,Truck - Dump,Turning Left,Driving Properly,Normal,,,,,,,,Yes,,,Yes,,,,,,,,,118,Tam O'Shanter-Sullivan,118,Tam O'Shanter-Sullivan (118),D42,635906.304439952,4848598.2028931
1371,80632211,,9/20/2016 4:00:00 AM,1754,BLOOR ST W,LIPPINCOTT ST,,Major Arterial,Toronto and East York,43.665316,-79.409953,At Intersection,Stop Sign,Clear,Daylight,Dry,Non-Fatal Injury,Cyclist Collisions,Driver,50 to 54,None,,North,"Automobile, Station Wagon",Slowing or Stopping,Failed to Yield Right of Way,Inattentive,,,,,,,,Yes,Yes,,,,,,,Yes,,,,79,University,79,University (79),D14,628196.09437936,4835928.70737272
1372,80632212,,9/20/2016 4:00:00 AM,1754,BLOOR ST W,LIPPINCOTT ST,,Major Arterial,Toronto and East York,43.665316,-79.409953,At Intersection,Stop Sign,Clear,Daylight,Dry,Non-Fatal Injury,Cyclist Collisions,Cyclist,25 to 29,Major,,East,Bicycle,Going Ahead,,,,,,"Motorist without ROW drives into path of cyclist at inter, lnwy, dwy-Driver not turn.",Driving Properly,Normal,,Yes,Yes,,,,,,,Yes,,,,79,University,79,University (79),D14,628196.09437936,4835928.70737272
1373,80632217,,9/24/2016 4:00:00 AM,903,MIDLAND AVE,SHEPPARD AVE E,,Major Arterial,Scarborough,43.785277,-79.278529,At Intersection,Traffic Signal,Clear,Daylight,Dry,Non-Fatal Injury,Cyclist Collisions,Cyclist,10 to 14,Major,,North,Bicycle,Going Ahead,,,,,,Motorist turned left across cyclists path.,Other,Inattentive,,Yes,Yes,,,,,Yes,,,,,,128,Agincourt South-Malvern West,128,Agincourt South-Malvern West (128),D42,638515.381429079,4849463.62315503
1374,80632218,,9/24/2016 4:00:00 AM,903,MIDLAND AVE,SHEPPARD AVE E,,Major Arterial,Scarborough,43.785277,-79.278529,At Intersection,Traffic Signal,Clear,Daylight,Dry,Non-Fatal Injury,Cyclist Collisions,Driver,70 to 74,None,,South,"Automobile, Station Wagon",Turning Left,Improper Turn,Inattentive,,,,,,,,Yes,Yes,,,,,Yes,,,,,,128,Agincourt South-Malvern West,128,Agincourt South-Malvern West (128),D42,638515.381429079,4849463.62315503
1375,80632219,,9/24/2016 4:00:00 AM,903,MIDLAND AVE,SHEPPARD AVE E,,Major Arterial,Scarborough,43.785277,-79.278529,At Intersection,Traffic Signal,Clear,Daylight,Dry,Non-Fatal Injury,Cyclist Collisions,Passenger,70 to 74,None,,,,,,,,,,,,,,Yes,Yes,,,,,Yes,,,,,,128,Agincourt South-Malvern West,128,Agincourt South-Malvern West (128),D42,638515.381429079,4849463.62315503
1376,80632248,,10/3/2016 4:00:00 AM,1426,KEELE ST,FLAMBOROUGH DR,,Major Arterial,Etobicoke York,43.703021,-79.476772,At Intersection,Traffic Signal,Clear,Daylight,Dry,Non-Fatal Injury,Cyclist Collisions,Driver,85 to 89,None,,North,"Automobile, Station Wagon",Turning Left,Improper Turn,Normal,,,,,,,,Yes,Yes,,,,,,,,,,,30,Brookhaven-Amesbury,30,Brookhaven-Amesbury (30),D12,622731.911551661,4840015.27500257
1377,80632249,,10/3/2016 4:00:00 AM,1426,KEELE ST,FLAMBOROUGH DR,,Major Arterial,Etobicoke York,43.703021,-79.476772,At Intersection,Traffic Signal,Clear,Daylight,Dry,Non-Fatal Injury,Cyclist Collisions,Cyclist,45 to 49,Major,,South,Bicycle,Going Ahead,,,,,,Motorist turned left across cyclists path.,Driving Properly,Normal,,Yes,Yes,,,,,,,,,,,30,Brookhaven-Amesbury,30,Brookhaven-Amesbury (30),D12,622731.911551661,4840015.27500257
1378,80632253,,10/5/2016 4:00:00 AM,2215,BLOOR ST E,DRUMSNAB RD,,Major Arterial,Toronto and East York,43.674296,-79.367328,Intersection Related,No Control,Clear,"Dark, artificial",Dry,Non-Fatal Injury,Cyclist Collisions,Driver,unknown,None,,East,"Automobile, Station Wagon",Turning Left,Improper Turn,Unknown,,,,,,,,Yes,Yes,,,,,,,,,,,71,Cabbagetown-South St.James Town,71,Cabbagetown-South St.James Town (71),D51,631613.103035263,4836992.80697566
1379,80632254,,10/5/2016 4:00:00 AM,2215,BLOOR ST E,DRUMSNAB RD,,Major Arterial,Toronto and East York,43.674296,-79.367328,Intersection Related,No Control,Clear,"Dark, artificial",Dry,Non-Fatal Injury,Cyclist Collisions,Cyclist,35 to 39,Major,,West,Bicycle,Going Ahead,,,,,,Motorist turned left across cyclists path.,Driving Properly,Normal,,Yes,Yes,,,,,,,,,,,71,Cabbagetown-South St.James Town,71,Cabbagetown-South St.James Town (71),D51,631613.103035263,4836992.80697566
1380,80632267,,10/19/2016 4:00:00 AM,2046,BROCK AVE,MOUTRAY ST,,Collector,Toronto and East York,43.651053,-79.436054,At Intersection,No Control,Clear,"Dark, artificial",Dry,Non-Fatal Injury,Cyclist Collisions,Driver,20 to 24,None,,North,"Automobile, Station Wagon",Turning Left,Improper Turn,Normal,,,,,,,,Yes,Yes,,,,,,,,,,,84,Little Portugal,84,Little Portugal (84),D11,626121.562487489,4834304.61298691
1381,80632268,,10/19/2016 4:00:00 AM,2046,BROCK AVE,MOUTRAY ST,,Collector,Toronto and East York,43.651053,-79.436054,At Intersection,No Control,Clear,"Dark, artificial",Dry,Non-Fatal Injury,Cyclist Collisions,Cyclist,30 to 34,Major,,South,Bicycle,Going Ahead,,,,,,Motorist turned left across cyclists path.,Driving Properly,Normal,,Yes,Yes,,,,,,,,,,,84,Little Portugal,84,Little Portugal (84),D11,626121.562487489,4834304.61298691
1382,80632296,,11/3/2016 4:00:00 AM,1507,PARLIAMENT ST,WELLESLEY ST E,,Minor Arterial,Toronto and East York,43.668101,-79.369525,At Intersection,Traffic Signal,Clear,Daylight,Dry,Non-Fatal Injury,Cyclist Collisions,Truck Driver,40 to 44,None,,South,Truck - Dump,Turning Right,Improper Turn,Inattentive,,,,,,,,Yes,,,Yes,,,,,,,,,71,Cabbagetown-South St.James Town,71,Cabbagetown-South St.James Town (71),D51,631449.520140693,4836301.28479545
1383,80632297,,11/3/2016 4:00:00 AM,1507,PARLIAMENT ST,WELLESLEY ST E,,Minor Arterial,Toronto and East York,43.668101,-79.369525,At Intersection,Traffic Signal,Clear,Daylight,Dry,Non-Fatal Injury,Cyclist Collisions,Cyclist,25 to 29,Major,,South,Bicycle,Stopped,,,,,,Motorist turning right on red at signalized intersection strikes cyclist.,Other,Inattentive,,Yes,,,Yes,,,,,,,,,71,Cabbagetown-South St.James Town,71,Cabbagetown-South St.James Town (71),D51,631449.520140693,4836301.28479545
1384,80768564,,11/19/2016 5:00:00 AM,1807,KENNEDY RD,MCNICOLL AVE,,Major Arterial,Scarborough,43.812064,-79.301906,At Intersection,Traffic Signal,Clear,"Dark, artificial",Dry,Non-Fatal Injury,Cyclist Collisions,Driver,70 to 74,None,,South,"Automobile, Station Wagon",Turning Left,Improper Turn,Inattentive,,,,,,,,Yes,Yes,,,,,,,,,,,130,Milliken,130,Milliken (130),D42,636573.322680625,4852399.8948891
1385,80768565,,11/19/2016 5:00:00 AM,1807,KENNEDY RD,MCNICOLL AVE,,Major Arterial,Scarborough,43.812064,-79.301906,At Intersection,Traffic Signal,Clear,"Dark, artificial",Dry,Non-Fatal Injury,Cyclist Collisions,Cyclist,55 to 59,Major,,South,Bicycle,Going Ahead,,,,,,Motorist turned left across cyclists path.,Driving Properly,Normal,,Yes,Yes,,,,,,,,,,,130,Milliken,130,Milliken (130),D42,636573.322680625,4852399.8948891
1386,80785472,,12/6/2016 5:00:00 AM,1535,BLOOR ST W,ALBANY AVE,,Major Arterial,Toronto and East York,43.665316,-79.409953,At Intersection,No Control,Clear,Daylight,Dry,Non-Fatal Injury,Cyclist Collisions,Driver,unknown,None,,East,"Automobile, Station Wagon",Turning Left,Failed to Yield Right of Way,Inattentive,,,,,,,,Yes,Yes,,,,,,,Yes,,,,79,University,79,University (79),D14,628196.09437936,4835928.70737272
1387,80785473,,12/6/2016 5:00:00 AM,1535,BLOOR ST W,ALBANY AVE,,Major Arterial,Toronto and East York,43.665316,-79.409953,At Intersection,No Control,Clear,Daylight,Dry,Non-Fatal Injury,Cyclist Collisions,Cyclist,65 to 69,Major,,West,Bicycle,Going Ahead,,,,,,Motorist turned left across cyclists path.,Driving Properly,Normal,,Yes,Yes,,,,,,,Yes,,,,79,University,79,University (79),D14,628196.09437936,4835928.70737272
1388,80733456,,1/27/2017 5:00:00 AM,1450,FRONT ST W,YONGE ST,100 m West o,Minor Arterial,Toronto and East York,43.646239,-79.377826,Non Intersection,No Control,Clear,Daylight,Dry,Non-Fatal Injury,Cyclist Collisions,Driver,45 to 49,None,,West,"Automobile, Station Wagon",Stopped,Other,Inattentive,,,,,,,,Yes,Yes,,,,,,,,,,,166,St Lawrence-East Bayfront-The Islands,77,Waterfront Communities-The Island (77),D52,630827.752831717,4833860.10012703
1389,80733457,,1/27/2017 5:00:00 AM,1450,FRONT ST W,YONGE ST,100 m West o,Minor Arterial,Toronto and East York,43.646239,-79.377826,Non Intersection,No Control,Clear,Daylight,Dry,Non-Fatal Injury,Cyclist Collisions,Cyclist,35 to 39,Major,,West,Bicycle,Overtaking,,,,,,Cyclist struck opened vehicle door,Driving Properly,Normal,,Yes,Yes,,,,,,,,,,,166,St Lawrence-East Bayfront-The Islands,77,Waterfront Communities-The Island (77),D52,630827.752831717,4833860.10012703
1390,80733512,,1/27/2017 5:00:00 AM,1450,FRONT ST W,YONGE ST,100 m West o,Minor Arterial,Toronto and East York,43.646239,-79.377826,Non Intersection,No Control,Clear,Daylight,Dry,Non-Fatal Injury,Cyclist Collisions,Driver,50 to 54,None,,West,"Automobile, Station Wagon",Going Ahead,Driving Properly,Normal,,,,,,,,Yes,Yes,,,,,,,,,,,166,St Lawrence-East Bayfront-The Islands,77,Waterfront Communities-The Island (77),D52,630827.752831717,4833860.10012703
1391,80772592,,2/26/2017 5:00:00 AM,2311,215 HURON ST,,20 m South o,Local,Toronto and East York,43.659106,-79.398532,Non Intersection,No Control,Clear,"Dark, artificial",Dry,Non-Fatal Injury,Cyclist Collisions,Driver,45 to 49,None,,North,"Automobile, Station Wagon",Going Ahead,Other,Inattentive,,,,,,,,Yes,Yes,,,,,Yes,,,,,,79,University,79,University (79),D52,629130.224442841,4835256.71602406
1392,80772593,,2/26/2017 5:00:00 AM,2311,215 HURON ST,,20 m South o,Local,Toronto and East York,43.659106,-79.398532,Non Intersection,No Control,Clear,"Dark, artificial",Dry,Non-Fatal Injury,Cyclist Collisions,Cyclist,25 to 29,Major,,South,Bicycle,Going Ahead,,,,,,Insufficient information (to determine cyclist crash type).,Other,Inattentive,,Yes,Yes,,,,,Yes,,,,,,79,University,79,University (79),D52,629130.224442841,4835256.71602406
1393,80772594,,2/26/2017 5:00:00 AM,2311,215 HURON ST,,20 m South o,Local,Toronto and East York,43.659106,-79.398532,Non Intersection,No Control,Clear,"Dark, artificial",Dry,Non-Fatal Injury,Cyclist Collisions,Passenger,20 to 24,None,,,,,,,,,,,,,,Yes,Yes,,,,,Yes,,,,,,79,University,79,University (79),D52,629130.224442841,4835256.71602406
1394,80775127,,3/13/2017 4:00:00 AM,1006,BRIMWOOD BLVD,WELLPARK BLVD,4 m East of,Collector,Scarborough,43.81272,-79.274318,At Intersection,Stop Sign,Clear,Daylight,Dry,Non-Fatal Injury,Cyclist Collisions,Cyclist,70 to 74,Major,,South,Bicycle,Turning Left,,,,,,Cyclist turned left across motorists path.,Failed to Yield Right of Way,Inattentive,,Yes,Yes,,,,,,,,,,,129,Agincourt North,129,Agincourt North (129),D42,638790.658441096,4852518.66385824
1395,80775128,,3/13/2017 4:00:00 AM,1006,BRIMWOOD BLVD,WELLPARK BLVD,4 m East of,Collector,Scarborough,43.81272,-79.274318,At Intersection,Stop Sign,Clear,Daylight,Dry,Non-Fatal Injury,Cyclist Collisions,Driver,45 to 49,None,,East,"Automobile, Station Wagon",Going Ahead,Driving Properly,Normal,,,,,,,,Yes,Yes,,,,,,,,,,,129,Agincourt North,129,Agincourt North (129),D42,638790.658441096,4852518.66385824
1396,80896795,,3/21/2017 4:00:00 AM,845,LAKE SHORE BLVD E,DON ROADWAY,16 m East of,Major Arterial,Toronto and East York,43.65082,-79.346919,At Intersection,Traffic Signal,Clear,Daylight,Dry,Non-Fatal Injury,Cyclist Collisions,Driver,65 to 69,None,,East,"Automobile, Station Wagon",Going Ahead,Driving Properly,Normal,,,,,,,,Yes,Yes,,,,,,,,,,,70,South Riverdale,70,South Riverdale (70),D51,633310.284166894,4834418.06775958
1397,80896796,,3/21/2017 4:00:00 AM,845,LAKE SHORE BLVD E,DON ROADWAY,16 m East of,Major Arterial,Toronto and East York,43.65082,-79.346919,At Intersection,Traffic Signal,Clear,Daylight,Dry,Non-Fatal Injury,Cyclist Collisions,Cyclist,50 to 54,Major,,South,Bicycle,Going Ahead,,,,,,"Cyclist without ROW rides into path of motorist at inter, lnwy, dwy-Cyclist not turn.",Disobeyed Traffic Control,Inattentive,,Yes,Yes,,,,,,,,,,,70,South Riverdale,70,South Riverdale (70),D51,633310.284166894,4834418.06775958
1398,80775260,,3/24/2017 4:00:00 AM,2213,FINCH AVE E,DORIS AVE,,Major Arterial,North York,43.780406,-79.412273,At Intersection,Traffic Signal,Rain,"Dark, artificial",Wet,Non-Fatal Injury,Cyclist Collisions,Driver,50 to 54,None,,North,"Automobile, Station Wagon",Turning Left,Improper Turn,Inattentive,,,,,,,,Yes,Yes,,,,,,,,,,,152,East Willowdale,51,Willowdale East (51),D32,627764.159736649,4848707.51999178