OBJECTID,INDEX,ACCNUM,DATE,TIME,STREET1,STREET2,OFFSET,ROAD_CLASS,DISTRICT,LATITUDE,LONGITUDE,ACCLOC,TRAFFCTL,VISIBILITY,LIGHT,RDSFCOND,ACCLASS,IMPACTYPE,INVTYPE,INVAGE,INJURY,FATAL_NO,INITDIR,VEHTYPE,MANOEUVER,DRIVACT,DRIVCOND,PEDTYPE,PEDACT,PEDCOND,CYCLISTYPE,CYCACT,CYCCOND,PEDESTRIAN,CYCLIST,AUTOMOBILE,MOTORCYCLE,TRUCK,TRSN_CITY_VEH,EMERG_VEH,PASSENGER,SPEEDING,AG_DRIV,REDLIGHT,ALCOHOL,DISABILITY,HOOD_158,NEIGHBOURHOOD_158,HOOD_140,NEIGHBOURHOOD_140,DIVISION,x,y
1399,80775261,,3/24/2017 4:00:00 AM,2213,FINCH AVE E,DORIS AVE,,Major Arterial,North York,43.780406,-79.412273,At Intersection,Traffic Signal,Rain,"Dark, artificial",Wet,Non-Fatal Injury,Cyclist Collisions,Cyclist,20 to 24,Major,,South,Bicycle,Going Ahead,,,,,,Motorist turned left across cyclists path.,Disobeyed Traffic Control,Inattentive,,Yes,Yes,,,,,,,,,,,152,East Willowdale,51,Willowdale East (51),D32,627764.159736649,4848707.51999178
1400,80774666,,4/18/2017 4:00:00 AM,1503,SHEPPARD AVE W,BATHURST ST,20 m West of,Major Arterial,North York,43.755385,-79.438442,At/Near Private Drive,No Control,Clear,Daylight,Dry,Non-Fatal Injury,Cyclist Collisions,Driver,55 to 59,None,,North,"Automobile, Station Wagon",Turning Right,Failed to Yield Right of Way,Inattentive,,,,,,,,Yes,Yes,,,,,,,Yes,,,,38,Lansing-Westgate,38,Lansing-Westgate (38),D32,625710.730242762,4845888.50748552
1401,80774667,,4/18/2017 4:00:00 AM,1503,SHEPPARD AVE W,BATHURST ST,20 m West of,Major Arterial,North York,43.755385,-79.438442,At/Near Private Drive,No Control,Clear,Daylight,Dry,Non-Fatal Injury,Cyclist Collisions,Cyclist,55 to 59,Major,,East,Bicycle,Going Ahead,,,,,,"Motorist turns right at non-signal Inter.(stop, yield, no cont.,and dwy) and strikes cyclist.",Driving Properly,Normal,,Yes,Yes,,,,,,,Yes,,,,38,Lansing-Westgate,38,Lansing-Westgate (38),D32,625710.730242762,4845888.50748552
1402,80777622,,5/2/2017 4:00:00 AM,645,WESTHUMBER BLVD,KIPLING AVE,,Major Arterial,Etobicoke York,43.728068,-79.574611,At Intersection,Traffic Signal,Clear,"Dawn, artificial",Dry,Non-Fatal Injury,Cyclist Collisions,Driver,45 to 49,None,,East,"Automobile, Station Wagon",Turning Right,Improper Turn,Inattentive,,,,,,,,Yes,Yes,,,,,,,,,,,4,Rexdale-Kipling,4,Rexdale-Kipling (4),D23,614800.778847746,4842656.90691664
1403,80777623,,5/2/2017 4:00:00 AM,645,WESTHUMBER BLVD,KIPLING AVE,,Major Arterial,Etobicoke York,43.728068,-79.574611,At Intersection,Traffic Signal,Clear,"Dawn, artificial",Dry,Non-Fatal Injury,Cyclist Collisions,Cyclist,60 to 64,Major,,West,Bicycle,Going Ahead,,,,,,Motorist turning right on red at signalized intersection strikes cyclist.,Driving Properly,Normal,,Yes,Yes,,,,,,,,,,,4,Rexdale-Kipling,4,Rexdale-Kipling (4),D23,614800.778847746,4842656.90691664
1404,80777413,,5/6/2017 4:00:00 AM,1248,YONGE  ST,GOULD ST,,Major Arterial,Toronto and East York,43.657344,-79.381328,At Intersection,Traffic Signal,Clear,Daylight,Dry,Non-Fatal Injury,Cyclist Collisions,Driver,30 to 34,None,,South,"Automobile, Station Wagon",Going Ahead,Improper Passing,Normal,,,,,,,,Yes,Yes,,,,,,,Yes,,,,168,Downtown Yonge East,75,Church-Yonge Corridor (75),D51,630521.256635928,4835087.94161232
1405,80777414,,5/6/2017 4:00:00 AM,1248,YONGE  ST,GOULD ST,,Major Arterial,Toronto and East York,43.657344,-79.381328,At Intersection,Traffic Signal,Clear,Daylight,Dry,Non-Fatal Injury,Cyclist Collisions,Cyclist,70 to 74,Major,,South,Bicycle,Going Ahead,,,,,,Cyclist and Driver travelling in same direction. One vehicle sideswipes the other.,Driving Properly,Normal,,Yes,Yes,,,,,,,Yes,,,,168,Downtown Yonge East,75,Church-Yonge Corridor (75),D51,630521.256635928,4835087.94161232
1406,80916051,,5/10/2017 4:00:00 AM,900,COLLEGE  ST,HENRY ST,,Major Arterial,Toronto and East York,43.658881,-79.394641,At Intersection,No Control,Clear,Daylight,Dry,Non-Fatal Injury,Cyclist Collisions,Cyclist,25 to 29,Major,,East,Bicycle,Going Ahead,,,,,,Motorist turned left across cyclists path.,Driving Properly,Normal,,Yes,Yes,,,,,,,Yes,,,,78,Kensington-Chinatown,78,Kensington-Chinatown (78),D52,629444.451883051,4835237.78984724
1407,80916052,,5/10/2017 4:00:00 AM,900,COLLEGE  ST,HENRY ST,,Major Arterial,Toronto and East York,43.658881,-79.394641,At Intersection,No Control,Clear,Daylight,Dry,Non-Fatal Injury,Cyclist Collisions,Driver,30 to 34,None,,West,"Automobile, Station Wagon",Turning Left,Failed to Yield Right of Way,Normal,,,,,,,,Yes,Yes,,,,,,,Yes,,,,78,Kensington-Chinatown,78,Kensington-Chinatown (78),D52,629444.451883051,4835237.78984724
1408,80778165,,5/11/2017 4:00:00 AM,1550,DANFORTH AVE,FERRIER AVE,2 m West of,Major Arterial,Toronto and East York,43.678198,-79.34827,Intersection Related,No Control,Clear,Daylight,Dry,Non-Fatal Injury,Cyclist Collisions,Driver,unknown,None,,West,"Automobile, Station Wagon",Overtaking,Improper Passing,Inattentive,,,,,,,,Yes,Yes,,,,,,,Yes,,,,68,North Riverdale,68,North Riverdale (68),D55,633140.794958566,4837456.59362014
1409,80778166,,5/11/2017 4:00:00 AM,1550,DANFORTH AVE,FERRIER AVE,2 m West of,Major Arterial,Toronto and East York,43.678198,-79.34827,Intersection Related,No Control,Clear,Daylight,Dry,Non-Fatal Injury,Cyclist Collisions,Cyclist,20 to 24,Major,,West,Bicycle,Going Ahead,,,,,,Cyclist and Driver travelling in same direction. One vehicle sideswipes the other.,Driving Properly,Had Been Drinking,,Yes,Yes,,,,,,,Yes,,,,68,North Riverdale,68,North Riverdale (68),D55,633140.794958566,4837456.59362014
1410,80899314,,5/13/2017 4:00:00 AM,1740,STRACHAN  AVE,DOURO ST,,Minor Arterial,Toronto and East York,43.640685,-79.411426,At Intersection,Traffic Signal,Clear,Daylight,Dry,Non-Fatal Injury,Cyclist Collisions,Cyclist,25 to 29,Major,,South,Bicycle,Going Ahead,,,,,,Motorist turning right on green or amber at signalized intersection strikes cyclist.,Driving Properly,Normal,,Yes,Yes,,,,,,,,,,,162,West Queen West,82,Niagara (82),D14,628129.703471448,4833190.83745392
1411,80899315,,5/13/2017 4:00:00 AM,1740,STRACHAN  AVE,DOURO ST,,Minor Arterial,Toronto and East York,43.640685,-79.411426,At Intersection,Traffic Signal,Clear,Daylight,Dry,Non-Fatal Injury,Cyclist Collisions,Driver,50 to 54,None,,South,"Automobile, Station Wagon",Turning Right,Improper Turn,Inattentive,,,,,,,,Yes,Yes,,,,,,,,,,,162,West Queen West,82,Niagara (82),D14,628129.703471448,4833190.83745392
1412,80777266,,5/17/2017 4:00:00 AM,752,MILLWOOD RD,OVERLEA BLVD,20 m South o,Major Arterial,North York,43.701914,-79.352802,Intersection Related,Traffic Signal,Clear,Daylight,Dry,Non-Fatal Injury,Cyclist Collisions,Cyclist,10 to 14,Major,,North,Bicycle,Merging,,,,,,Cyclist and Driver travelling in same direction. One vehicle sideswipes the other.,Improper Lane Change,Normal,,Yes,Yes,,,,,,,,,,,55,Thorncliffe Park,55,Thorncliffe Park (55),D53,632723.15883063,4840083.32010388
1413,80777267,,5/17/2017 4:00:00 AM,752,MILLWOOD RD,OVERLEA BLVD,20 m South o,Major Arterial,North York,43.701914,-79.352802,Intersection Related,Traffic Signal,Clear,Daylight,Dry,Non-Fatal Injury,Cyclist Collisions,Driver,60 to 64,None,,North,"Automobile, Station Wagon",Going Ahead,Driving Properly,Normal,,,,,,,,Yes,Yes,,,,,,,,,,,55,Thorncliffe Park,55,Thorncliffe Park (55),D53,632723.15883063,4840083.32010388
1414,80776452,,5/23/2017 4:00:00 AM,900,DUNDAS ST E,CARLAW AVE,,Minor Arterial,Toronto and East York,43.664771,-79.341571,At Intersection,Traffic Signal,Clear,Daylight,Dry,Non-Fatal Injury,Cyclist Collisions,Cyclist,20 to 24,Major,,West,Bicycle,Going Ahead,,,,,,"Cyclist without ROW rides into path of motorist at inter, lnwy, dwy-Cyclist not turn.",Disobeyed Traffic Control,Unknown,,Yes,Yes,,,,,,,,,,,70,South Riverdale,70,South Riverdale (70),D55,633710.60065032,4835976.11809713
1415,80776453,,5/23/2017 4:00:00 AM,900,DUNDAS ST E,CARLAW AVE,,Minor Arterial,Toronto and East York,43.664771,-79.341571,At Intersection,Traffic Signal,Clear,Daylight,Dry,Non-Fatal Injury,Cyclist Collisions,Driver,35 to 39,None,,East,"Automobile, Station Wagon",Turning Left,Other,Normal,,,,,,,,Yes,Yes,,,,,,,,,,,70,South Riverdale,70,South Riverdale (70),D55,633710.60065032,4835976.11809713
1416,80776454,,5/23/2017 4:00:00 AM,900,DUNDAS ST E,CARLAW AVE,,Minor Arterial,Toronto and East York,43.664771,-79.341571,At Intersection,Traffic Signal,Clear,Daylight,Dry,Non-Fatal Injury,Cyclist Collisions,Driver,55 to 59,None,,East,"Automobile, Station Wagon",Turning Left,Driving Properly,Normal,,,,,,,,Yes,Yes,,,,,,,,,,,70,South Riverdale,70,South Riverdale (70),D55,633710.60065032,4835976.11809713
1417,80741779,,5/24/2017 4:00:00 AM,1815,1395 LAKE SHORE BLVD W,,,Major Arterial,Toronto and East York,43.635432,-79.441371,Non Intersection,No Control,Clear,Daylight,Dry,Fatal,Cyclist Collisions,Cyclist,5 to 9,Fatal,24,West,Bicycle,Going Ahead,,,,,,Insufficient information (to determine cyclist crash type).,Lost control,Normal,,Yes,,,,,,,,,,,,85,South Parkdale,85,South Parkdale (85),D14,625725.359168081,4832561.63332751
1418,80777025,,5/25/2017 4:00:00 AM,2150,MOUNT PLEASANT RD,BROADWAY AVE,,Major Arterial,North York,43.711058,-79.391185,At Intersection,Traffic Signal,Rain,"Dark, artificial",Wet,Non-Fatal Injury,Cyclist Collisions,Driver,15 to 19,None,,South,"Automobile, Station Wagon",Turning Left,Failed to Yield Right of Way,Inattentive,,,,,,,,Yes,Yes,,,,,Yes,,Yes,,,,99,Mount Pleasant East,99,Mount Pleasant East (99),D53,629610.703948295,4841038.15871516
1419,80777026,,5/25/2017 4:00:00 AM,2150,MOUNT PLEASANT RD,BROADWAY AVE,,Major Arterial,North York,43.711058,-79.391185,At Intersection,Traffic Signal,Rain,"Dark, artificial",Wet,Non-Fatal Injury,Cyclist Collisions,Cyclist,65 to 69,Major,,North,Bicycle,Going Ahead,,,,,,Motorist turned left across cyclists path.,Driving Properly,Normal,,Yes,Yes,,,,,Yes,,Yes,,,,99,Mount Pleasant East,99,Mount Pleasant East (99),D53,629610.703948295,4841038.15871516
1420,80777027,,5/25/2017 4:00:00 AM,2150,MOUNT PLEASANT RD,BROADWAY AVE,,Major Arterial,North York,43.711058,-79.391185,At Intersection,Traffic Signal,Rain,"Dark, artificial",Wet,Non-Fatal Injury,Cyclist Collisions,Passenger,15 to 19,None,,,,,,,,,,,,,,Yes,Yes,,,,,Yes,,Yes,,,,99,Mount Pleasant East,99,Mount Pleasant East (99),D53,629610.703948295,4841038.15871516
1421,80781615,,5/31/2017 4:00:00 AM,1540,ELLESMERE RD,CONLINS RD,,Minor Arterial,Scarborough,43.787841,-79.183223,Intersection Related,Traffic Signal,Clear,Daylight,Dry,Non-Fatal Injury,Cyclist Collisions,Cyclist,15 to 19,Major,,North,Bicycle,Going Ahead,,,,,,"Cyclist without ROW rides into path of motorist at inter, lnwy, dwy-Cyclist not turn.",Disobeyed Traffic Control,Normal,,Yes,Yes,,,,,,,,,,,134,Highland Creek,134,Highland Creek (134),D43,646177.867388899,4849912.29594986
1422,80781616,,5/31/2017 4:00:00 AM,1540,ELLESMERE RD,CONLINS RD,,Minor Arterial,Scarborough,43.787841,-79.183223,Intersection Related,Traffic Signal,Clear,Daylight,Dry,Non-Fatal Injury,Cyclist Collisions,Driver,35 to 39,None,,West,"Automobile, Station Wagon",Going Ahead,Driving Properly,Unknown,,,,,,,,Yes,Yes,,,,,,,,,,,134,Highland Creek,134,Highland Creek (134),D43,646177.867388899,4849912.29594986
1423,80771253,,6/3/2017 4:00:00 AM,2330,ST CLAIR AVE W,CALEDONIA RD,,Major Arterial,Toronto and East York,43.67528,-79.45473,Intersection Related,Traffic Signal,Clear,"Dark, artificial",Dry,Non-Fatal Injury,Cyclist Collisions,Driver,unknown,None,,West,"Automobile, Station Wagon",Going Ahead,Improper Passing,Inattentive,,,,,,,,Yes,Yes,,,,,,,Yes,,,,92,Corso Italia-Davenport,92,Corso Italia-Davenport (92),D13,624565.341283812,4836967.12535361
1424,80771254,,6/3/2017 4:00:00 AM,2330,ST CLAIR AVE W,CALEDONIA RD,,Major Arterial,Toronto and East York,43.67528,-79.45473,Intersection Related,Traffic Signal,Clear,"Dark, artificial",Dry,Non-Fatal Injury,Cyclist Collisions,Cyclist,40 to 44,Major,,West,Bicycle,Going Ahead,,,,,,Cyclist and Driver travelling in same direction. One vehicle sideswipes the other.,Driving Properly,Normal,,Yes,Yes,,,,,,,Yes,,,,92,Corso Italia-Davenport,92,Corso Italia-Davenport (92),D13,624565.341283812,4836967.12535361
1425,80771307,,6/7/2017 4:00:00 AM,701,COLLEGE ST,DUFFERIN ST,,Major Arterial,Toronto and East York,43.652568,-79.432521,Intersection Related,Traffic Signal,Clear,Daylight,Dry,Non-Fatal Injury,Cyclist Collisions,Driver,50 to 54,None,,East,Pick Up Truck,Turning Left,Failed to Yield Right of Way,Inattentive,,,,,,,,Yes,Yes,,,,,,,Yes,,,,84,Little Portugal,84,Little Portugal (84),D14,626403.299307621,4834478.24906422
1426,80771308,,6/7/2017 4:00:00 AM,701,COLLEGE ST,DUFFERIN ST,,Major Arterial,Toronto and East York,43.652568,-79.432521,Intersection Related,Traffic Signal,Clear,Daylight,Dry,Non-Fatal Injury,Cyclist Collisions,Cyclist,65 to 69,Major,,West,Bicycle,Going Ahead,,,,,,Motorist turned left across cyclists path.,Driving Properly,Normal,,Yes,Yes,,,,,,,Yes,,,,84,Little Portugal,84,Little Portugal (84),D14,626403.299307621,4834478.24906422
1427,80771309,,6/7/2017 4:00:00 AM,715,DUNDAS ST W,ELIZABETH ST,,Major Arterial,Toronto and East York,43.655352,-79.385181,At Intersection,No Control,Clear,Daylight,Dry,Non-Fatal Injury,Cyclist Collisions,Driver,55 to 59,None,,West,"Automobile, Station Wagon",Turning Left,Failed to Yield Right of Way,Inattentive,,,,,,,,Yes,Yes,,,,,,,Yes,,,,170,Yonge-Bay Corridor,76,Bay Street Corridor (76),D52,630214.873164531,4834860.64992143
1428,80771310,,6/7/2017 4:00:00 AM,715,DUNDAS ST W,ELIZABETH ST,,Major Arterial,Toronto and East York,43.655352,-79.385181,At Intersection,No Control,Clear,Daylight,Dry,Non-Fatal Injury,Cyclist Collisions,Cyclist,25 to 29,Major,,East,Bicycle,Going Ahead,,,,,,Motorist turned left across cyclists path.,Driving Properly,Normal,,Yes,Yes,,,,,,,Yes,,,,170,Yonge-Bay Corridor,76,Bay Street Corridor (76),D52,630214.873164531,4834860.64992143
1429,80771534,,6/8/2017 4:00:00 AM,1030,DAVENPORT RD,AVENUE RD,100 m East o,Major Arterial,Toronto and East York,43.674872,-79.395358,Non Intersection,No Control,Clear,Daylight,Dry,Non-Fatal Injury,Cyclist Collisions,Truck Driver,35 to 39,None,,East,"Truck - Closed (Blazer, etc)",Going Ahead,Other,Normal,,,,,,,,Yes,,,Yes,,,,,,,,,95,Annex,95,Annex (95),D53,629352.285245806,4837012.68593846
1430,80771535,,6/8/2017 4:00:00 AM,1030,DAVENPORT RD,AVENUE RD,100 m East o,Major Arterial,Toronto and East York,43.674872,-79.395358,Non Intersection,No Control,Clear,Daylight,Dry,Non-Fatal Injury,Cyclist Collisions,Cyclist,20 to 24,Major,,East,Bicycle,Going Ahead,,,,,,Cyclist and Driver travelling in same direction. One vehicle sideswipes the other.,Other,Normal,,Yes,,,Yes,,,,,,,,,95,Annex,95,Annex (95),D53,629352.285245806,4837012.68593846
1431,80771754,,6/9/2017 4:00:00 AM,1543,DANFORTH AV,COXWELL AV              (542),10 m East of,Major Arterial,Toronto and East York,43.683394,-79.323482,Intersection Related,Traffic Signal,Clear,Daylight,Dry,Non-Fatal Injury,Cyclist Collisions,Cyclist,60 to 64,Major,,West,Bicycle,Changing Lanes,,,,,,Cyclist and Driver travelling in same direction. One vehicle sideswipes the other.,Improper Lane Change,Normal,,Yes,Yes,,,,,,,,,,,64,Woodbine Corridor,66,Danforth (66),D55,635127.235172661,4838073.77110166
1432,80771755,,6/9/2017 4:00:00 AM,1543,DANFORTH AV,COXWELL AV              (542),10 m East of,Major Arterial,Toronto and East York,43.683394,-79.323482,Intersection Related,Traffic Signal,Clear,Daylight,Dry,Non-Fatal Injury,Cyclist Collisions,Driver,55 to 59,None,,West,"Automobile, Station Wagon",Going Ahead,Driving Properly,Normal,,,,,,,,Yes,Yes,,,,,,,,,,,64,Woodbine Corridor,66,Danforth (66),D55,635127.235172661,4838073.77110166
1433,81137867,,6/11/2017 4:00:00 AM,1605,5 WAKUNDA PL,O CONNOR DR,,Major Arterial,Toronto and East York,43.715914,-79.304904,Intersection Related,No Control,Clear,Daylight,Dry,Non-Fatal Injury,Cyclist Collisions,Cyclist,25 to 29,Major,,West,Bicycle,Other,,,,,,Insufficient information (to determine cyclist crash type).,Other,Unknown,,Yes,Yes,,,,,,,,,,,43,Victoria Village,43,Victoria Village (43),D55,636550.792399201,4841716.01733499
1434,81137868,,6/11/2017 4:00:00 AM,1605,5 WAKUNDA PL,O CONNOR DR,,Major Arterial,Toronto and East York,43.715914,-79.304904,Intersection Related,No Control,Clear,Daylight,Dry,Non-Fatal Injury,Cyclist Collisions,Driver,40 to 44,None,,East,"Automobile, Station Wagon",Going Ahead,Driving Properly,Normal,,,,,,,,Yes,Yes,,,,,,,,,,,43,Victoria Village,43,Victoria Village (43),D55,636550.792399201,4841716.01733499
1435,80770489,,6/28/2017 4:00:00 AM,1800,DANFORTH AVE,WOODYCREST AVE,33 m West of,Major Arterial,Toronto and East York,43.679412,-79.342189,At/Near Private Drive,No Control,Clear,Daylight,Dry,Non-Fatal Injury,Cyclist Collisions,Driver,35 to 39,None,,West,"Automobile, Station Wagon",Turning Left,Improper Turn,Inattentive,,,,,,,,Yes,Yes,,,,,Yes,,,,,,69,Blake-Jones,69,Blake-Jones (69),D55,633628.275761334,4837601.20454215
1436,80770490,,6/28/2017 4:00:00 AM,1800,DANFORTH AVE,WOODYCREST AVE,33 m West of,Major Arterial,Toronto and East York,43.679412,-79.342189,At/Near Private Drive,No Control,Clear,Daylight,Dry,Non-Fatal Injury,Cyclist Collisions,Cyclist,35 to 39,Major,,East,Bicycle,Going Ahead,,,,,,Motorist turned left across cyclists path.,Driving Properly,Normal,,Yes,Yes,,,,,Yes,,,,,,69,Blake-Jones,69,Blake-Jones (69),D55,633628.275761334,4837601.20454215
1437,80770491,,6/28/2017 4:00:00 AM,1800,DANFORTH AVE,WOODYCREST AVE,33 m West of,Major Arterial,Toronto and East York,43.679412,-79.342189,At/Near Private Drive,No Control,Clear,Daylight,Dry,Non-Fatal Injury,Cyclist Collisions,Passenger,0 to 4,None,,,,,,,,,,,,,,Yes,Yes,,,,,Yes,,,,,,69,Blake-Jones,69,Blake-Jones (69),D55,633628.275761334,4837601.20454215
1438,80770492,,6/28/2017 4:00:00 AM,1800,DANFORTH AVE,WOODYCREST AVE,33 m West of,Major Arterial,Toronto and East York,43.679412,-79.342189,At/Near Private Drive,No Control,Clear,Daylight,Dry,Non-Fatal Injury,Cyclist Collisions,Passenger,0 to 4,None,,,,,,,,,,,,,,Yes,Yes,,,,,Yes,,,,,,69,Blake-Jones,69,Blake-Jones (69),D55,633628.275761334,4837601.20454215
1439,80757123,,6/30/2017 4:00:00 AM,1304,847 JANE ST,,,Collector,Etobicoke York,43.676146,-79.494518,Non Intersection,No Control,Clear,Daylight,Dry,Fatal,Cyclist Collisions,Cyclist,70 to 74,Fatal,28,West,Bicycle,Going Ahead,,,,,,"Motorist turns right at non-signal Inter.(stop, yield, no cont.,and dwy) and strikes cyclist.",Driving Properly,Normal,,Yes,Yes,,,,,,,,,,,111,Rockcliffe-Smythe,111,Rockcliffe-Smythe (111),D12,621356.227956327,4837004.32495734
1440,80757189,,6/30/2017 4:00:00 AM,1304,847 JANE ST,,,Collector,Etobicoke York,43.676146,-79.494518,Non Intersection,No Control,Clear,Daylight,Dry,Fatal,Cyclist Collisions,Driver,60 to 64,None,,West,Delivery Van,Turning Right,Improper Turn,Normal,,,,,,,,Yes,Yes,,,,,,,,,,,111,Rockcliffe-Smythe,111,Rockcliffe-Smythe (111),D12,621356.227956327,4837004.32495734
1441,80791543,,7/3/2017 4:00:00 AM,1312,ST CLAIR AVE W,AVENUE RD,,Major Arterial,Toronto and East York,43.686568,-79.401454,At Intersection,Traffic Signal,Clear,Daylight,Dry,Non-Fatal Injury,Cyclist Collisions,Cyclist,55 to 59,Major,,East,Bicycle,Turning Left,,,,,,Cyclist turned left across motorists path.,Improper Turn,Normal,,Yes,,,,Yes,,,,,,,,97,Yonge-St.Clair,97,Yonge-St.Clair (97),D53,628835.837155544,4838302.19751032
1442,80791544,,7/3/2017 4:00:00 AM,1312,ST CLAIR AVE W,AVENUE RD,,Major Arterial,Toronto and East York,43.686568,-79.401454,At Intersection,Traffic Signal,Clear,Daylight,Dry,Non-Fatal Injury,Cyclist Collisions,Driver,45 to 49,None,,East,Street Car,Going Ahead,Driving Properly,Inattentive,,,,,,,,Yes,,,,Yes,,,,,,,,97,Yonge-St.Clair,97,Yonge-St.Clair (97),D53,628835.837155544,4838302.19751032
1443,80769811,,7/6/2017 4:00:00 AM,835,DIXON  RD,SKYWAY  AVE,,Major Arterial,Etobicoke York,43.687876,-79.58678,At Intersection,Traffic Signal,Clear,Daylight,Dry,Non-Fatal Injury,Cyclist Collisions,Driver,20 to 24,Major,,North,"Automobile, Station Wagon",Turning Right,Failed to Yield Right of Way,Inattentive,,,,,,,,Yes,Yes,,,,,,,Yes,,,,1,West Humber-Clairville,1,West Humber-Clairville (1),D23,613896.776051079,4838176.25067859
1444,80769812,,7/6/2017 4:00:00 AM,835,DIXON  RD,SKYWAY  AVE,,Major Arterial,Etobicoke York,43.687876,-79.58678,At Intersection,Traffic Signal,Clear,Daylight,Dry,Non-Fatal Injury,Cyclist Collisions,Cyclist,20 to 24,None,,West,Bicycle,Going Ahead,,,,,,Motorist turning right on red at signalized intersection strikes cyclist.,Other,Normal,,Yes,Yes,,,,,,,Yes,,,,1,West Humber-Clairville,1,West Humber-Clairville (1),D23,613896.776051079,4838176.25067859
1445,80769940,,7/6/2017 4:00:00 AM,1547,DANFORTH AVE,MAIN ST,90 m West of,Major Arterial,Toronto and East York,43.687918,-79.302562,At/Near Private Drive,No Control,Clear,Daylight,Dry,Non-Fatal Injury,Cyclist Collisions,Driver,55 to 59,None,,West,"Automobile, Station Wagon",Turning Left,Failed to Yield Right of Way,Inattentive,,,,,,,,Yes,Yes,,,,,,,Yes,,,,62,East End-Danforth,62,East End-Danforth (62),D55,636803.120725061,4838610.52382743
1446,80769941,,7/6/2017 4:00:00 AM,1547,DANFORTH AVE,MAIN ST,90 m West of,Major Arterial,Toronto and East York,43.687918,-79.302562,At/Near Private Drive,No Control,Clear,Daylight,Dry,Non-Fatal Injury,Cyclist Collisions,Cyclist,50 to 54,Major,,East,Bicycle,Going Ahead,,,,,,Motorist turned left across cyclists path.,Driving Properly,Normal,,Yes,Yes,,,,,,,Yes,,,,62,East End-Danforth,62,East End-Danforth (62),D55,636803.120725061,4838610.52382743
1447,80773465,,7/18/2017 4:00:00 AM,737,YONGE ST,CAMERON AVE,40 m North o,Major Arterial,North York,43.757689,-79.409946,Non Intersection,No Control,Clear,Daylight,Dry,Non-Fatal Injury,Cyclist Collisions,Truck Driver,55 to 59,None,,South,Truck - Dump,Changing Lanes,Improper Lane Change,Inattentive,,,,,,,,Yes,,,Yes,,,,,,,,,153,Avondale,51,Willowdale East (51),D32,627999.86332055,4846188.04616294
1448,80773466,,7/18/2017 4:00:00 AM,737,YONGE ST,CAMERON AVE,40 m North o,Major Arterial,North York,43.757689,-79.409946,Non Intersection,No Control,Clear,Daylight,Dry,Non-Fatal Injury,Cyclist Collisions,Cyclist,40 to 44,Major,,South,Bicycle,Going Ahead,,,,,,Cyclist and Driver travelling in same direction. One vehicle sideswipes the other.,Driving Properly,Normal,,Yes,,,Yes,,,,,,,,,153,Avondale,51,Willowdale East (51),D32,627999.86332055,4846188.04616294
1449,80908731,,7/26/2017 4:00:00 AM,1751,DUNDAS ST W,CARLYLE ST,,Major Arterial,Toronto and East York,43.652083,-79.404804,At Intersection,No Control,Clear,Daylight,Dry,Non-Fatal Injury,Cyclist Collisions,Cyclist,60 to 64,Major,,West,Bicycle,Going Ahead,,,,,,Motorist turned left across cyclists path.,Driving Properly,Normal,,Yes,Yes,,,,,,,,,,,78,Kensington-Chinatown,78,Kensington-Chinatown (78),D14,628639.487866158,4834466.97734017
1450,80908732,,7/26/2017 4:00:00 AM,1751,DUNDAS ST W,CARLYLE ST,,Major Arterial,Toronto and East York,43.652083,-79.404804,At Intersection,No Control,Clear,Daylight,Dry,Non-Fatal Injury,Cyclist Collisions,Driver,50 to 54,None,,East,"Automobile, Station Wagon",Turning Left,Improper Turn,Inattentive,,,,,,,,Yes,Yes,,,,,,,,,,,78,Kensington-Chinatown,78,Kensington-Chinatown (78),D14,628639.487866158,4834466.97734017
1451,80779940,,8/1/2017 4:00:00 AM,1735,GRANGE AVE,LARCH ST,3 m West of,Local,Toronto and East York,43.652007,-79.396526,At Intersection,No Control,Clear,Daylight,Dry,Non-Fatal Injury,Cyclist Collisions,Cyclist,30 to 34,Major,,East,Bicycle,Going Ahead,,,,,,Cyclist and Driver travelling in same direction. One vehicle rear-ended the other.,Failed to Yield Right of Way,Inattentive,,Yes,Yes,,,,,,,,,,,78,Kensington-Chinatown,78,Kensington-Chinatown (78),D52,629307.210734277,4834471.40254511
1452,80779941,,8/1/2017 4:00:00 AM,1735,GRANGE AVE,LARCH ST,3 m West of,Local,Toronto and East York,43.652007,-79.396526,At Intersection,No Control,Clear,Daylight,Dry,Non-Fatal Injury,Cyclist Collisions,Driver,60 to 64,None,,East,"Automobile, Station Wagon",Slowing or Stopping,Driving Properly,Normal,,,,,,,,Yes,Yes,,,,,,,,,,,78,Kensington-Chinatown,78,Kensington-Chinatown (78),D52,629307.210734277,4834471.40254511