OBJECTID,INDEX,ACCNUM,DATE,TIME,STREET1,STREET2,OFFSET,ROAD_CLASS,DISTRICT,LATITUDE,LONGITUDE,ACCLOC,TRAFFCTL,VISIBILITY,LIGHT,RDSFCOND,ACCLASS,IMPACTYPE,INVTYPE,INVAGE,INJURY,FATAL_NO,INITDIR,VEHTYPE,MANOEUVER,DRIVACT,DRIVCOND,PEDTYPE,PEDACT,PEDCOND,CYCLISTYPE,CYCACT,CYCCOND,PEDESTRIAN,CYCLIST,AUTOMOBILE,MOTORCYCLE,TRUCK,TRSN_CITY_VEH,EMERG_VEH,PASSENGER,SPEEDING,AG_DRIV,REDLIGHT,ALCOHOL,DISABILITY,HOOD_158,NEIGHBOURHOOD_158,HOOD_140,NEIGHBOURHOOD_140,DIVISION,x,y
1507,80923405,,1/22/2018 5:00:00 AM,1130,THURMAN  RD,STEELES  AVE W,,Major Arterial,North York,43.79074,-79.452991,At Intersection,Traffic Signal,Rain,Daylight,Wet,Non-Fatal Injury,Cyclist Collisions,Cyclist,65 to 69,Major,,North,Bicycle,Going Ahead,,,,,,Motorist turned left across cyclists path.,Driving Properly,Normal,,Yes,Yes,,,,,,,Yes,,,,35,Westminster-Branson,35,Westminster-Branson (35),D32,624466.111466189,4849793.23682888
1508,80923406,,1/22/2018 5:00:00 AM,1130,THURMAN  RD,STEELES  AVE W,,Major Arterial,North York,43.79074,-79.452991,At Intersection,Traffic Signal,Rain,Daylight,Wet,Non-Fatal Injury,Cyclist Collisions,Driver,80 to 84,None,,South,"Automobile, Station Wagon",Turning Left,Failed to Yield Right of Way,Inattentive,,,,,,,,Yes,Yes,,,,,,,Yes,,,,35,Westminster-Branson,35,Westminster-Branson (35),D32,624466.111466189,4849793.23682888
1509,80937623,,1/22/2018 5:00:00 AM,1525,HANNA RD,SUTHERLAND DR,,Local,North York,43.701487,-79.365566,At Intersection,Stop Sign,Rain,Daylight,Wet,Non-Fatal Injury,Cyclist Collisions,Driver,40 to 44,None,,East,"Automobile, Station Wagon",Going Ahead,Other,Normal,,,,,,,,Yes,Yes,,,,,,,,,,,56,Leaside-Bennington,56,Leaside-Bennington (56),D53,631695.622281859,4840015.54090364
1510,80937624,,1/22/2018 5:00:00 AM,1525,HANNA RD,SUTHERLAND DR,,Local,North York,43.701487,-79.365566,At Intersection,Stop Sign,Rain,Daylight,Wet,Non-Fatal Injury,Cyclist Collisions,Cyclist,15 to 19,Major,,South,Bicycle,Going Ahead,,,,,,Insufficient information (to determine cyclist crash type).,Driving Properly,Other,,Yes,Yes,,,,,,,,,,,56,Leaside-Bennington,56,Leaside-Bennington (56),D53,631695.622281859,4840015.54090364
1511,80926724,,2/3/2018 5:00:00 AM,1525,8 HERTFORD AVE,,30 m North o,Local,Etobicoke York,43.6887,-79.477329,Non Intersection,No Control,Clear,"Daylight, artificial",Dry,Non-Fatal Injury,Cyclist Collisions,Other,unknown,None,,West,,Parked,,,,,,,,,,Yes,,,,,,,,,,,,110,Keelesdale-Eglinton West,110,Keelesdale-Eglinton West (110),D12,622716.239731542,4838423.90743681
1512,81514422,,2/3/2018 5:00:00 AM,1525,8 HERTFORD AVE,,30 m North o,Local,Etobicoke York,43.6887,-79.477329,Non Intersection,No Control,Clear,"Daylight, artificial",Dry,Non-Fatal Injury,Cyclist Collisions,Cyclist,15 to 19,Major,,West,Bicycle,Going Ahead,,,,,,Cyclist strikes a parked vehicle.,Lost control,Normal,,Yes,,,,,,,,,,,,110,Keelesdale-Eglinton West,110,Keelesdale-Eglinton West (110),D12,622716.239731542,4838423.90743681
1513,80913986,,4/13/2018 4:00:00 AM,1918,THE WESTWAY,KIPLING AVE,11 m South o,Major Arterial,Etobicoke York,43.685553,-79.55466,At Intersection,Traffic Signal,Rain,"Dark, artificial",Wet,Non-Fatal Injury,Cyclist Collisions,Driver,50 to 54,None,,North,"Automobile, Station Wagon",Going Ahead,Driving Properly,Normal,,,,,,,,Yes,Yes,,,,,,,,,,,7,Willowridge-Martingrove-Richview,7,Willowridge-Martingrove-Richview (7),D23,616489.96426237,4837962.86471769
1514,80913987,,4/13/2018 4:00:00 AM,1918,THE WESTWAY,KIPLING AVE,11 m South o,Major Arterial,Etobicoke York,43.685553,-79.55466,At Intersection,Traffic Signal,Rain,"Dark, artificial",Wet,Non-Fatal Injury,Cyclist Collisions,Cyclist,20 to 24,Major,,East,Bicycle,Turning Left,,,,,,Cyclist turned left across motorists path.,Disobeyed Traffic Control,Normal,,Yes,Yes,,,,,,,,,,,7,Willowridge-Martingrove-Richview,7,Willowridge-Martingrove-Richview (7),D23,616489.96426237,4837962.86471769
1515,80941372,,5/15/2018 4:00:00 AM,1558,LAKE SHORE BV W,COLBORNE LODGE DR,,Major Arterial,Toronto and East York,43.637709,-79.458881,At Intersection,Traffic Signal,Clear,Daylight,Dry,Fatal,Cyclist Collisions,Driver,25 to 29,None,,East,"Automobile, Station Wagon",Going Ahead,Disobeyed Traffic Control,Inattentive,,,,,,,,Yes,Yes,,,,,,,Yes,Yes,,,85,South Parkdale,85,South Parkdale (85),D11,624308.222669175,4832788.15110836
1516,80941373,,5/15/2018 4:00:00 AM,1558,LAKE SHORE BV W,COLBORNE LODGE DR,,Major Arterial,Toronto and East York,43.637709,-79.458881,At Intersection,Traffic Signal,Clear,Daylight,Dry,Fatal,Cyclist Collisions,Cyclist,35 to 39,Fatal,30,South,Bicycle,Going Ahead,,,,,,"Motorist without ROW drives into path of cyclist at inter, lnwy, dwy-Driver not turn.",Driving Properly,Normal,,Yes,Yes,,,,,,,Yes,Yes,,,85,South Parkdale,85,South Parkdale (85),D11,624308.222669175,4832788.15110836
1517,80942711,,5/16/2018 4:00:00 AM,55,QUEEN ST E,JARVIS ST,,Major Arterial,Toronto and East York,43.653655,-79.373218,At Intersection,Traffic Signal,Clear,"Dark, artificial",Dry,Non-Fatal Injury,Cyclist Collisions,Driver,55 to 59,None,,East,Intercity Bus,Turning Right,Driving Properly,Normal,,,,,,,,Yes,,,,Yes,,,,,,,,73,Moss Park,73,Moss Park (73),D51,631183.244210424,4834691.0188252
1518,80942712,,5/16/2018 4:00:00 AM,55,QUEEN ST E,JARVIS ST,,Major Arterial,Toronto and East York,43.653655,-79.373218,At Intersection,Traffic Signal,Clear,"Dark, artificial",Dry,Non-Fatal Injury,Cyclist Collisions,Cyclist,30 to 34,Major,,West,Bicycle,Going Ahead,,,,,,"Cyclist without ROW rides into path of motorist at inter, lnwy, dwy-Cyclist not turn.",Disobeyed Traffic Control,Unknown,,Yes,,,,Yes,,,,,,,,73,Moss Park,73,Moss Park (73),D51,631183.244210424,4834691.0188252
1519,80877084,,5/16/2018 4:00:00 AM,800,JONES AVE,DUNDAS ST E,,Minor Arterial,Toronto and East York,43.666098,-79.334277,At Intersection,Traffic Signal,Clear,Daylight,Dry,Fatal,Cyclist Collisions,Truck Driver,25 to 29,None,,West,"Truck - Closed (Blazer, etc)",Turning Right,Failed to Yield Right of Way,Normal,,,,,,,,Yes,,,Yes,,,,,Yes,,,,70,South Riverdale,70,South Riverdale (70),D55,634295.725789486,4836135.28125146
1520,80943473,,5/16/2018 4:00:00 AM,800,JONES AVE,DUNDAS ST E,,Minor Arterial,Toronto and East York,43.666098,-79.334277,At Intersection,Traffic Signal,Clear,Daylight,Dry,Fatal,Cyclist Collisions,Cyclist,50 to 54,Fatal,25,West,Bicycle,Going Ahead,,,,,,Motorist turning right on green or amber at signalized intersection strikes cyclist.,Driving Properly,Normal,,Yes,,,Yes,,,,,Yes,,,,70,South Riverdale,70,South Riverdale (70),D55,634295.725789486,4836135.28125146
1521,80943244,,5/22/2018 4:00:00 AM,1552,DUNDAS ST W,CHELSEA AVE,73 m North o,Minor Arterial,Toronto and East York,43.658751,-79.453182,Non Intersection,No Control,Clear,Daylight,Dry,Non-Fatal Injury,Cyclist Collisions,Passenger,65 to 69,None,,,,,,,,,,,,,,Yes,Yes,,,,,Yes,,,,,,88,High Park North,88,High Park North (88),D11,624724.355825654,4835133.68706002
1522,80943245,,5/22/2018 4:00:00 AM,1552,DUNDAS ST W,CHELSEA AVE,73 m North o,Minor Arterial,Toronto and East York,43.658751,-79.453182,Non Intersection,No Control,Clear,Daylight,Dry,Non-Fatal Injury,Cyclist Collisions,Driver,60 to 64,None,,North,"Automobile, Station Wagon",Going Ahead,Driving Properly,Normal,,,,,,,,Yes,Yes,,,,,Yes,,,,,,88,High Park North,88,High Park North (88),D11,624724.355825654,4835133.68706002
1523,80943246,,5/22/2018 4:00:00 AM,1552,DUNDAS ST W,CHELSEA AVE,73 m North o,Minor Arterial,Toronto and East York,43.658751,-79.453182,Non Intersection,No Control,Clear,Daylight,Dry,Non-Fatal Injury,Cyclist Collisions,Cyclist,50 to 54,Major,,South,Bicycle,Turning Left,,,,,,Cyclist turned left across motorists path.,Improper Turn,Unknown,,Yes,Yes,,,,,Yes,,,,,,88,High Park North,88,High Park North (88),D11,624724.355825654,4835133.68706002
1524,80943569,,5/29/2018 4:00:00 AM,1700,QUEENS QUAY E,DOCKSIDE  DR,,Minor Arterial,Toronto and East York,43.645056,-79.365421,At Intersection,Traffic Signal,Clear,Daylight,Dry,Non-Fatal Injury,Cyclist Collisions,Driver,35 to 39,None,,East,"Automobile, Station Wagon",Turning Right,Failed to Yield Right of Way,Normal,,,,,,,,Yes,Yes,,,,,,,Yes,,,,166,St Lawrence-East Bayfront-The Islands,77,Waterfront Communities-The Island (77),D51,631830.810325916,4833748.34297087
1525,80943570,,5/29/2018 4:00:00 AM,1700,QUEENS QUAY E,DOCKSIDE  DR,,Minor Arterial,Toronto and East York,43.645056,-79.365421,At Intersection,Traffic Signal,Clear,Daylight,Dry,Non-Fatal Injury,Cyclist Collisions,Cyclist,25 to 29,Major,,West,Bicycle,Going Ahead,,,,,,Motorist turning right on green or amber at signalized intersection strikes cyclist.,Driving Properly,Normal,,Yes,Yes,,,,,,,Yes,,,,166,St Lawrence-East Bayfront-The Islands,77,Waterfront Communities-The Island (77),D51,631830.810325916,4833748.34297087
1526,80944297,,5/30/2018 4:00:00 AM,2103,WOODBINE AVE,MERRILL AVE E,,Major Arterial,Toronto and East York,43.683352,-79.311801,At Intersection,No Control,Clear,"Dark, artificial",Dry,Non-Fatal Injury,Cyclist Collisions,Cyclist,20 to 24,Major,,South,Bicycle,Going Ahead,,,,,,"Cyclist without ROW rides into path of motorist at inter, lnwy, dwy-Cyclist not turn.",Speed too Fast For Condition,Normal,,Yes,Yes,,,,,,,,,,,62,East End-Danforth,62,East End-Danforth (62),D55,636068.828721225,4838088.20552024
1527,80944298,,5/30/2018 4:00:00 AM,2103,WOODBINE AVE,MERRILL AVE E,,Major Arterial,Toronto and East York,43.683352,-79.311801,At Intersection,No Control,Clear,"Dark, artificial",Dry,Non-Fatal Injury,Cyclist Collisions,Driver,30 to 34,None,,North,"Automobile, Station Wagon",Turning Left,Driving Properly,Normal,,,,,,,,Yes,Yes,,,,,,,,,,,62,East End-Danforth,62,East End-Danforth (62),D55,636068.828721225,4838088.20552024
1528,80944723,,6/7/2018 4:00:00 AM,2128,BLACKTHORN AVE,ST CLAIR AVE W,33 m North o,Local,Etobicoke York,43.674731,-79.458789,Non Intersection,No Control,Clear,"Dark, artificial",Dry,Non-Fatal Injury,Cyclist Collisions,Driver,50 to 54,Minor,,South,Pick Up Truck,Turning Left,Other,Normal,,,,,,,,Yes,Yes,,,,,,,,,,,91,Weston-Pelham Park,91,Weston-Pellam Park (91),D12,624239.27225145,4836900.06405605
1529,80944724,,6/7/2018 4:00:00 AM,2128,BLACKTHORN AVE,ST CLAIR AVE W,33 m North o,Local,Etobicoke York,43.674731,-79.458789,Non Intersection,No Control,Clear,"Dark, artificial",Dry,Non-Fatal Injury,Cyclist Collisions,Cyclist,55 to 59,Major,,North,Bicycle,Going Ahead,,,,,,Motorist turned left across cyclists path.,Other,Unknown,,Yes,Yes,,,,,,,,,,,91,Weston-Pelham Park,91,Weston-Pellam Park (91),D12,624239.27225145,4836900.06405605
1530,80948087,,6/11/2018 4:00:00 AM,1700,ROYAL YORK  RD,DARTMOUTH  CRES,,Minor Arterial,Etobicoke York,43.605387,-79.493869,Non Intersection,No Control,Clear,Daylight,Dry,Non-Fatal Injury,Cyclist Collisions,Motorcycle Driver,unknown,None,,South,Motorcycle,Going Ahead,Failed to Yield Right of Way,Unknown,,,,,,,,Yes,,Yes,,,,,,Yes,,,,160,Mimico-Queensway,17,Mimico (includes Humber Bay Shores) (17),D22,621551.145351694,4829146.59242587
1531,80948088,,6/11/2018 4:00:00 AM,1700,ROYAL YORK  RD,DARTMOUTH  CRES,,Minor Arterial,Etobicoke York,43.605387,-79.493869,Non Intersection,No Control,Clear,Daylight,Dry,Non-Fatal Injury,Cyclist Collisions,Cyclist,25 to 29,Major,,South,Bicycle,Going Ahead,,,,,,Cyclist and Driver travelling in same direction. One vehicle rear-ended the other.,Driving Properly,Normal,,Yes,,Yes,,,,,,Yes,,,,160,Mimico-Queensway,17,Mimico (includes Humber Bay Shores) (17),D22,621551.145351694,4829146.59242587
1532,80944449,,6/12/2018 4:00:00 AM,1204,ST GEORGE ST,BLOOR ST W,,Major Arterial,Toronto and East York,43.667445,-79.399799,At Intersection,Traffic Signal,Clear,Daylight,Dry,Fatal,Cyclist Collisions,Truck Driver,65 to 69,None,,North,Truck - Open,Turning Right,Other,Normal,,,,,,,,Yes,,,Yes,,,,,,,,,79,University,79,University (79),D52,629010.198815492,4836180.90178612
1533,80944450,,6/12/2018 4:00:00 AM,1204,ST GEORGE ST,BLOOR ST W,,Major Arterial,Toronto and East York,43.667445,-79.399799,At Intersection,Traffic Signal,Clear,Daylight,Dry,Fatal,Cyclist Collisions,Cyclist,55 to 59,Fatal,32,South,Bicycle,Going Ahead,,,,,,Motorist turning right on green or amber at signalized intersection strikes cyclist.,Other,Unknown,,Yes,,,Yes,,,,,,,,,79,University,79,University (79),D52,629010.198815492,4836180.90178612
1534,80945253,,6/16/2018 4:00:00 AM,1550,LEA AVE,LAIRD DR,30 m West of,Major Arterial,North York,43.706046,-79.361781,Intersection Related,No Control,Clear,Daylight,Dry,Non-Fatal Injury,Cyclist Collisions,Cyclist,20 to 24,Major,,North,Bicycle,Going Ahead,,,,,,"Cyclist without ROW rides into path of motorist at inter, lnwy, dwy-Cyclist not turn.",Failed to Yield Right of Way,Inattentive,,Yes,Yes,,,,,,,,,,,55,Thorncliffe Park,55,Thorncliffe Park (55),D53,631990.598757103,4840527.9016872
1535,80945254,,6/16/2018 4:00:00 AM,1550,LEA AVE,LAIRD DR,30 m West of,Major Arterial,North York,43.706046,-79.361781,Intersection Related,No Control,Clear,Daylight,Dry,Non-Fatal Injury,Cyclist Collisions,Driver,20 to 24,None,,West,"Automobile, Station Wagon",Going Ahead,Driving Properly,Normal,,,,,,,,Yes,Yes,,,,,,,,,,,55,Thorncliffe Park,55,Thorncliffe Park (55),D53,631990.598757103,4840527.9016872
1536,81164299,,6/28/2018 4:00:00 AM,2020,811 DANFORTH AVE,,,Major Arterial,Toronto and East York,43.679625,-79.34106,At/Near Private Drive,No Control,Clear,Daylight,Dry,Non-Fatal Injury,Cyclist Collisions,Driver,35 to 39,Major,,West,"Automobile, Station Wagon",Turning Left,Improper Turn,Inattentive,,,,,,,,Yes,Yes,,,,,,,,,,,69,Blake-Jones,69,Blake-Jones (69),D55,633718.80692214,4837626.680756
1537,81514424,,6/28/2018 4:00:00 AM,2020,811 DANFORTH AVE,,,Major Arterial,Toronto and East York,43.679625,-79.34106,At/Near Private Drive,No Control,Clear,Daylight,Dry,Non-Fatal Injury,Cyclist Collisions,Cyclist,35 to 39,Major,,East,Bicycle,Going Ahead,,,,,,Motorist turned left across cyclists path.,Driving Properly,Normal,,Yes,Yes,,,,,,,,,,,69,Blake-Jones,69,Blake-Jones (69),D55,633718.80692214,4837626.680756
1538,80946403,,6/28/2018 4:00:00 AM,2234,VICTORIA PARK AVE,FARMCREST  DR,1 m North of,Major Arterial,North York,43.771048,-79.321101,Intersection Related,No Control,Clear,"Dark, artificial",Dry,Non-Fatal Injury,Cyclist Collisions,Cyclist,55 to 59,Major,,North,Bicycle,Going Ahead,,,,,,Insufficient information (to determine cyclist crash type).,Lost control,Had Been Drinking,,Yes,,,,,,,,,,,,118,Tam O'Shanter-Sullivan,118,Tam O'Shanter-Sullivan (118),D42,635121.906287004,4847812.91425516
1539,81164324,,7/5/2018 4:00:00 AM,1030,917 QUEEN ST W,,,Major Arterial,Toronto and East York,43.645442,-79.412372,Non Intersection,No Control,Clear,Daylight,Dry,Non-Fatal Injury,Cyclist Collisions,Driver,20 to 24,None,,East,Street Car,Going Ahead,Improper Lane Change,Unknown,,,,,,,,Yes,,,,Yes,,,,,,,,162,West Queen West,82,Niagara (82),D14,628043.29483164,4833717.70373318
1540,81164325,,7/5/2018 4:00:00 AM,1030,917 QUEEN ST W,,,Major Arterial,Toronto and East York,43.645442,-79.412372,Non Intersection,No Control,Clear,Daylight,Dry,Non-Fatal Injury,Cyclist Collisions,Cyclist,50 to 54,Major,,East,Bicycle,Going Ahead,,,,,,Cyclist and Driver travelling in same direction. One vehicle sideswipes the other.,Driving Properly,Normal,,Yes,,,,Yes,,,,,,,,162,West Queen West,82,Niagara (82),D14,628043.29483164,4833717.70373318
1541,80949682,,7/16/2018 4:00:00 AM,1928,DUNDAS ST E,PARLIAMENT ST,,Major Arterial,Toronto and East York,43.659369,-79.365978,At Intersection,Traffic Signal,Clear,Daylight,Dry,Non-Fatal Injury,Cyclist Collisions,Cyclist,35 to 39,Major,,South,Bicycle,Going Ahead,,,,,,"Cyclist without ROW rides into path of motorist at inter, lnwy, dwy-Cyclist not turn.",Disobeyed Traffic Control,Unknown,,Yes,Yes,,,,,,,,,,,72,Regent Park,72,Regent Park (72),D51,631754.584619614,4835337.10577414
1542,80949683,,7/16/2018 4:00:00 AM,1928,DUNDAS ST E,PARLIAMENT ST,,Major Arterial,Toronto and East York,43.659369,-79.365978,At Intersection,Traffic Signal,Clear,Daylight,Dry,Non-Fatal Injury,Cyclist Collisions,Driver,55 to 59,None,,West,"Automobile, Station Wagon",Going Ahead,Driving Properly,Normal,,,,,,,,Yes,Yes,,,,,,,,,,,72,Regent Park,72,Regent Park (72),D51,631754.584619614,4835337.10577414
1543,80947015,,7/17/2018 4:00:00 AM,1506,WARDEN AVE,CIVIC RD,1 m West of,Major Arterial,Scarborough,43.726866,-79.287242,At Intersection,Stop Sign,Clear,Daylight,Dry,Non-Fatal Injury,Cyclist Collisions,Cyclist,60 to 64,Major,,West,Bicycle,Turning Left,,,,,,Cyclist turned left across motorists path.,Improper Turn,Normal,,Yes,Yes,,,,,,,,,,,120,Clairlea-Birchmount,120,Clairlea-Birchmount (120),D41,637948.456656826,4842961.64761788
1544,80947016,,7/17/2018 4:00:00 AM,1506,WARDEN AVE,CIVIC RD,1 m West of,Major Arterial,Scarborough,43.726866,-79.287242,At Intersection,Stop Sign,Clear,Daylight,Dry,Non-Fatal Injury,Cyclist Collisions,Driver,30 to 34,None,,North,"Automobile, Station Wagon",Going Ahead,Driving Properly,Normal,,,,,,,,Yes,Yes,,,,,,,,,,,120,Clairlea-Birchmount,120,Clairlea-Birchmount (120),D41,637948.456656826,4842961.64761788
1545,80975721,,7/26/2018 4:00:00 AM,1515,OSSINGTON  AVE,GEARY AVE,,Minor Arterial,Toronto and East York,43.671363,-79.429553,At Intersection,No Control,Rain,"Daylight, artificial",Wet,Non-Fatal Injury,Cyclist Collisions,Driver,45 to 49,None,,North,"Automobile, Station Wagon",Turning Left,Failed to Yield Right of Way,Normal,,,,,,,,Yes,Yes,,,,,,,Yes,,,,94,Wychwood,94,Wychwood (94),D13,626603.132999455,4836570.20723093
1546,80975722,,7/26/2018 4:00:00 AM,1515,OSSINGTON  AVE,GEARY AVE,,Minor Arterial,Toronto and East York,43.671363,-79.429553,At Intersection,No Control,Rain,"Daylight, artificial",Wet,Non-Fatal Injury,Cyclist Collisions,Cyclist,40 to 44,Major,,South,Bicycle,Going Ahead,,,,,,Motorist turned left across cyclists path.,Driving Properly,Normal,,Yes,Yes,,,,,,,Yes,,,,94,Wychwood,94,Wychwood (94),D13,626603.132999455,4836570.20723093
1547,80972438,,8/2/2018 4:00:00 AM,1300,BLOOR ST W,OSSINGTON AVE,50 m East of,Major Arterial,Toronto and East York,43.661994,-79.425082,Non Intersection,No Control,Clear,Daylight,Dry,Non-Fatal Injury,Cyclist Collisions,Driver,unknown,None,,West,Pick Up Truck,Pulling Onto Shoulder or towardCurb,Failed to Yield Right of Way,Normal,,,,,,,,Yes,Yes,,,,,,,Yes,,,,80,Palmerston-Little Italy,80,Palmerston-Little Italy (80),D14,626983.3242498,4835536.48857666
1548,80972439,,8/2/2018 4:00:00 AM,1300,BLOOR ST W,OSSINGTON AVE,50 m East of,Major Arterial,Toronto and East York,43.661994,-79.425082,Non Intersection,No Control,Clear,Daylight,Dry,Non-Fatal Injury,Cyclist Collisions,Cyclist,45 to 49,Major,,West,Bicycle,Going Ahead,,,,,,Cyclist and Driver travelling in same direction. One vehicle sideswipes the other.,Driving Properly,Normal,,Yes,Yes,,,,,,,Yes,,,,80,Palmerston-Little Italy,80,Palmerston-Little Italy (80),D14,626983.3242498,4835536.48857666
1549,80948975,,8/12/2018 4:00:00 AM,1430,CHUDLEIGH RD,HARVIE AVE,,Local,Etobicoke York,43.688647,-79.454875,At Intersection,Stop Sign,Clear,Daylight,Dry,Non-Fatal Injury,Cyclist Collisions,Cyclist,30 to 34,Major,,North,Bicycle,Going Ahead,,,,,,Motorist turned left across cyclists path.,Disobeyed Traffic Control,Normal,,Yes,Yes,,,,,,,,,,,109,Caledonia-Fairbank,109,Caledonia-Fairbank (109),D13,624525.995141483,4838451.4933733
1550,80948976,,8/12/2018 4:00:00 AM,1430,CHUDLEIGH RD,HARVIE AVE,,Local,Etobicoke York,43.688647,-79.454875,At Intersection,Stop Sign,Clear,Daylight,Dry,Non-Fatal Injury,Cyclist Collisions,Driver,25 to 29,None,,West,"Automobile, Station Wagon",Turning Left,Driving Properly,Normal,,,,,,,,Yes,Yes,,,,,,,,,,,109,Caledonia-Fairbank,109,Caledonia-Fairbank (109),D13,624525.995141483,4838451.4933733
1551,80949211,,8/19/2018 4:00:00 AM,1543,DUNDAS ST W,AUGUSTA AVE,,Major Arterial,Toronto and East York,43.652201,-79.401103,Intersection Related,No Control,Clear,Daylight,Dry,Non-Fatal Injury,Cyclist Collisions,Driver,20 to 24,None,,East,"Automobile, Station Wagon",Changing Lanes,Improper Lane Change,Normal,,,,,,,,Yes,Yes,,,,,Yes,,,,,,78,Kensington-Chinatown,78,Kensington-Chinatown (78),D14,628937.693742419,4834485.8267932
1552,80949212,,8/19/2018 4:00:00 AM,1543,DUNDAS ST W,AUGUSTA AVE,,Major Arterial,Toronto and East York,43.652201,-79.401103,Intersection Related,No Control,Clear,Daylight,Dry,Non-Fatal Injury,Cyclist Collisions,Cyclist,65 to 69,Minor,,East,Bicycle,Going Ahead,,,,,,Cyclist and Driver travelling in same direction. One vehicle sideswipes the other.,Driving Properly,Normal,,Yes,Yes,,,,,Yes,,,,,,78,Kensington-Chinatown,78,Kensington-Chinatown (78),D14,628937.693742419,4834485.8267932
1553,80949213,,8/19/2018 4:00:00 AM,1543,DUNDAS ST W,AUGUSTA AVE,,Major Arterial,Toronto and East York,43.652201,-79.401103,Intersection Related,No Control,Clear,Daylight,Dry,Non-Fatal Injury,Cyclist Collisions,Passenger,20 to 24,None,,,,,,,,,,,,,,Yes,Yes,,,,,Yes,,,,,,78,Kensington-Chinatown,78,Kensington-Chinatown (78),D14,628937.693742419,4834485.8267932
1554,80949214,,8/19/2018 4:00:00 AM,1543,DUNDAS ST W,AUGUSTA AVE,,Major Arterial,Toronto and East York,43.652201,-79.401103,Intersection Related,No Control,Clear,Daylight,Dry,Non-Fatal Injury,Cyclist Collisions,Cyclist Passenger,60 to 64,Major,,,,,,,,,,,,,,Yes,Yes,,,,,Yes,,,,,,78,Kensington-Chinatown,78,Kensington-Chinatown (78),D14,628937.693742419,4834485.8267932
1555,80951002,,8/25/2018 4:00:00 AM,2300,CHURCH ST,CROSS ST,,Collector,Etobicoke York,43.703757,-79.523952,At Intersection,No Control,Clear,"Dark, artificial",Dry,Non-Fatal Injury,Cyclist Collisions,Driver,45 to 49,None,,East,Passenger Van,Turning Left,Improper Turn,Inattentive,,,,,,,,Yes,Yes,,,,,,,,,,,113,Weston,113,Weston (113),D12,618928.964705706,4840028.25643992
1556,80951003,,8/25/2018 4:00:00 AM,2300,CHURCH ST,CROSS ST,,Collector,Etobicoke York,43.703757,-79.523952,At Intersection,No Control,Clear,"Dark, artificial",Dry,Non-Fatal Injury,Cyclist Collisions,Cyclist,40 to 44,Major,,West,Bicycle,Going Ahead,,,,,,Motorist turned left across cyclists path.,Driving Properly,Normal,,Yes,Yes,,,,,,,,,,,113,Weston,113,Weston (113),D12,618928.964705706,4840028.25643992
1557,80951038,,9/6/2018 4:00:00 AM,1310,ANTHONY RD,NAJIB ABBOUD LANE,,Local,North York,43.730696,-79.459316,Non Intersection,No Control,Clear,Daylight,Dry,Non-Fatal Injury,Cyclist Collisions,Cyclist,30 to 34,Major,,South,Bicycle,Going Ahead,,,,,,"Cyclist without ROW rides into path of motorist at inter, lnwy, dwy-Cyclist not turn.",Failed to Yield Right of Way,Inattentive,,Yes,Yes,,,,,Yes,,,,,,155,Downsview,26,Downsview-Roding-CFB (26),D32,624081.282029213,4843114.96385829
1558,80951039,,9/6/2018 4:00:00 AM,1310,ANTHONY RD,NAJIB ABBOUD LANE,,Local,North York,43.730696,-79.459316,Non Intersection,No Control,Clear,Daylight,Dry,Non-Fatal Injury,Cyclist Collisions,Driver,30 to 34,None,,East,"Automobile, Station Wagon",Going Ahead,Driving Properly,Normal,,,,,,,,Yes,Yes,,,,,Yes,,,,,,155,Downsview,26,Downsview-Roding-CFB (26),D32,624081.282029213,4843114.96385829
1559,80951040,,9/6/2018 4:00:00 AM,1310,ANTHONY RD,NAJIB ABBOUD LANE,,Local,North York,43.730696,-79.459316,Non Intersection,No Control,Clear,Daylight,Dry,Non-Fatal Injury,Cyclist Collisions,Passenger,45 to 49,None,,,,,,,,,,,,,,Yes,Yes,,,,,Yes,,,,,,155,Downsview,26,Downsview-Roding-CFB (26),D32,624081.282029213,4843114.96385829
1560,80950662,,9/10/2018 4:00:00 AM,1957,MIDDLEFIELD RD,MCNICOLL AVE,1 m North of,Minor Arterial,Scarborough,43.820048,-79.262058,At Intersection,Traffic Signal,Rain,"Dusk, artificial",Wet,Non-Fatal Injury,Cyclist Collisions,Cyclist,55 to 59,Major,,West,Bicycle,Going Ahead,,,,,,"Cyclist without ROW rides into path of motorist at inter, lnwy, dwy-Cyclist not turn.",Disobeyed Traffic Control,Unknown,,Yes,Yes,,,,,,,,,,,130,Milliken,130,Milliken (130),D42,639759.601036608,4853353.19796196