OBJECTID,INDEX,ACCNUM,DATE,TIME,STREET1,STREET2,OFFSET,ROAD_CLASS,DISTRICT,LATITUDE,LONGITUDE,ACCLOC,TRAFFCTL,VISIBILITY,LIGHT,RDSFCOND,ACCLASS,IMPACTYPE,INVTYPE,INVAGE,INJURY,FATAL_NO,INITDIR,VEHTYPE,MANOEUVER,DRIVACT,DRIVCOND,PEDTYPE,PEDACT,PEDCOND,CYCLISTYPE,CYCACT,CYCCOND,PEDESTRIAN,CYCLIST,AUTOMOBILE,MOTORCYCLE,TRUCK,TRSN_CITY_VEH,EMERG_VEH,PASSENGER,SPEEDING,AG_DRIV,REDLIGHT,ALCOHOL,DISABILITY,HOOD_158,NEIGHBOURHOOD_158,HOOD_140,NEIGHBOURHOOD_140,DIVISION,x,y
1561,80950663,,9/10/2018 4:00:00 AM,1957,MIDDLEFIELD RD,MCNICOLL AVE,1 m North of,Minor Arterial,Scarborough,43.820048,-79.262058,At Intersection,Traffic Signal,Rain,"Dusk, artificial",Wet,Non-Fatal Injury,Cyclist Collisions,Driver,25 to 29,None,,South,"Automobile, Station Wagon",Going Ahead,Driving Properly,Normal,,,,,,,,Yes,Yes,,,,,,,,,,,130,Milliken,130,Milliken (130),D42,639759.601036608,4853353.19796196
1562,81472819,,9/15/2018 4:00:00 AM,50,DUFFERIN ST,LAPPIN AVE,8 m East of,Major Arterial,Toronto and East York,43.666342,-79.43822,Intersection Related,No Control,Clear,"Dark, artificial",Dry,Non-Fatal Injury,Cyclist Collisions,Driver,45 to 49,None,,North,"Automobile, Station Wagon",Making U Turn,Improper Turn,Normal,,,,,,,,Yes,Yes,,,,,,,,,,,171,Junction-Wallace Emerson,93,Dovercourt-Wallace Emerson-Junction (93),D11,625914.925979263,4835999.36733192
1563,81472820,,9/15/2018 4:00:00 AM,50,DUFFERIN ST,LAPPIN AVE,8 m East of,Major Arterial,Toronto and East York,43.666342,-79.43822,Intersection Related,No Control,Clear,"Dark, artificial",Dry,Non-Fatal Injury,Cyclist Collisions,Cyclist,45 to 49,Major,,North,Bicycle,Going Ahead,,,,,,Motorist makes u-turn in-front of cyclist.,Driving Properly,Normal,,Yes,Yes,,,,,,,,,,,171,Junction-Wallace Emerson,93,Dovercourt-Wallace Emerson-Junction (93),D11,625914.925979263,4835999.36733192
1564,81472821,,9/15/2018 4:00:00 AM,50,DUFFERIN ST,LAPPIN AVE,8 m East of,Major Arterial,Toronto and East York,43.666342,-79.43822,Intersection Related,No Control,Clear,"Dark, artificial",Dry,Non-Fatal Injury,Cyclist Collisions,Cyclist,30 to 34,Minor,,North,Bicycle,Going Ahead,,,,,,Motorist makes u-turn in-front of cyclist.,Driving Properly,Normal,,Yes,Yes,,,,,,,,,,,171,Junction-Wallace Emerson,93,Dovercourt-Wallace Emerson-Junction (93),D11,625914.925979263,4835999.36733192
1565,81473840,,9/17/2018 4:00:00 AM,1001,STEELES AVE W,KEELE ST,,Major Arterial,North York,43.781508,-79.494464,At Intersection,Traffic Signal,Clear,Daylight,Dry,Non-Fatal Injury,Cyclist Collisions,Truck Driver,55 to 59,None,,West,Truck-Tractor,Turning Right,Driving Properly,Normal,,,,,,,,Yes,,,Yes,,,,,,,,,27,York University Heights,27,York University Heights (27),D31,621147.982825666,4848706.35557874
1566,81473841,,9/17/2018 4:00:00 AM,1001,STEELES AVE W,KEELE ST,,Major Arterial,North York,43.781508,-79.494464,At Intersection,Traffic Signal,Clear,Daylight,Dry,Non-Fatal Injury,Cyclist Collisions,Cyclist,15 to 19,Major,,West,Bicycle,Going Ahead,,,,,,"Cyclist without ROW rides into path of motorist at inter, lnwy, dwy-Cyclist not turn.",Other,Inattentive,,Yes,,,Yes,,,,,,,,,27,York University Heights,27,York University Heights (27),D31,621147.982825666,4848706.35557874
1567,80974614,,9/17/2018 4:00:00 AM,1204,BAY ST,WELLINGTON ST W,,Major Arterial,Toronto and East York,43.647261,-79.379688,At Intersection,Traffic Signal,Clear,Daylight,Dry,Non-Fatal Injury,Cyclist Collisions,Driver,55 to 59,None,,West,"Bus (Other) (Go Bus, Gray Coa",Turning Right,Failed to Yield Right of Way,Normal,,,,,,,,Yes,,,,Yes,,,,Yes,,,,170,Yonge-Bay Corridor,76,Bay Street Corridor (76),D52,630675.365465528,4833970.67293826
1568,80974615,,9/17/2018 4:00:00 AM,1204,BAY ST,WELLINGTON ST W,,Major Arterial,Toronto and East York,43.647261,-79.379688,At Intersection,Traffic Signal,Clear,Daylight,Dry,Non-Fatal Injury,Cyclist Collisions,Cyclist,30 to 34,Major,,West,Bicycle,Going Ahead,,,,,,Motorist turning right on green or amber at signalized intersection strikes cyclist.,Driving Properly,Normal,,Yes,,,,Yes,,,,Yes,,,,170,Yonge-Bay Corridor,76,Bay Street Corridor (76),D52,630675.365465528,4833970.67293826
1569,80971825,,9/23/2018 4:00:00 AM,1430,YONGE ST,WELLINGTON ST E,,Major Arterial,North York,43.647772,-79.37733,At Intersection,Traffic Signal,Clear,Daylight,Dry,Non-Fatal Injury,Cyclist Collisions,Driver,unknown,None,,North,"Automobile, Station Wagon",Going Ahead,Failed to Yield Right of Way,Unknown,,,,,,,,Yes,Yes,,,,,,,Yes,,,,168,Downtown Yonge East,75,Church-Yonge Corridor (75),D51,630864.426444291,4834031.14183806
1570,80971826,,9/23/2018 4:00:00 AM,1430,YONGE ST,WELLINGTON ST E,,Major Arterial,North York,43.647772,-79.37733,At Intersection,Traffic Signal,Clear,Daylight,Dry,Non-Fatal Injury,Cyclist Collisions,Cyclist,20 to 24,Major,,North,Bicycle,Slowing or Stopping,,,,,,Cyclist and Driver travelling in same direction. One vehicle rear-ended the other.,Driving Properly,Normal,,Yes,Yes,,,,,,,Yes,,,,168,Downtown Yonge East,75,Church-Yonge Corridor (75),D51,630864.426444291,4834031.14183806
1571,80972040,,9/23/2018 4:00:00 AM,1735,DANFORTH AVE,GREENWOOD AVE,28 m East of,Major Arterial,Toronto and East York,43.68141,-79.332347,At/Near Private Drive,No Control,Clear,Daylight,Dry,Non-Fatal Injury,Cyclist Collisions,Driver,45 to 49,None,,West,"Automobile, Station Wagon",Turning Left,Failed to Yield Right of Way,Inattentive,,,,,,,,Yes,Yes,,,,,,,Yes,,,,65,Greenwood-Coxwell,65,Greenwood-Coxwell (65),D55,634417.139591851,4837839.01426453
1572,80972041,,9/23/2018 4:00:00 AM,1735,DANFORTH AVE,GREENWOOD AVE,28 m East of,Major Arterial,Toronto and East York,43.68141,-79.332347,At/Near Private Drive,No Control,Clear,Daylight,Dry,Non-Fatal Injury,Cyclist Collisions,Cyclist,70 to 74,Major,,East,Bicycle,Going Ahead,,,,,,Motorist turned left across cyclists path.,Driving Properly,Normal,,Yes,Yes,,,,,,,Yes,,,,65,Greenwood-Coxwell,65,Greenwood-Coxwell (65),D55,634417.139591851,4837839.01426453
1573,80972403,,9/23/2018 4:00:00 AM,2228,CENTENNIAL PARK BLVD,EGLINTON AVE W,,Major Arterial,Etobicoke York,43.65576,-79.598361,At Intersection,Traffic Signal,Clear,"Dark, artificial",Dry,Non-Fatal Injury,Cyclist Collisions,Driver,55 to 59,None,,North,"Automobile, Station Wagon",Turning Right,Failed to Yield Right of Way,Normal,,,,,,,,Yes,Yes,,,,,,,Yes,,,,11,Eringate-Centennial-West Deane,11,Eringate-Centennial-West Deane (11),D22,613023.678656101,4834593.51250232
1574,80972404,,9/23/2018 4:00:00 AM,2228,CENTENNIAL PARK BLVD,EGLINTON AVE W,,Major Arterial,Etobicoke York,43.65576,-79.598361,At Intersection,Traffic Signal,Clear,"Dark, artificial",Dry,Non-Fatal Injury,Cyclist Collisions,Cyclist,35 to 39,Major,,East,Bicycle,Going Ahead,,,,,,Motorist turning right on red at signalized intersection strikes cyclist.,Driving Properly,Normal,,Yes,Yes,,,,,,,Yes,,,,11,Eringate-Centennial-West Deane,11,Eringate-Centennial-West Deane (11),D22,613023.678656101,4834593.51250232
1575,80972828,,9/26/2018 4:00:00 AM,900,MELITA AVE,CHRISTIE ST,,Minor Arterial,Toronto and East York,43.674388,-79.42258,At Intersection,No Control,Clear,Daylight,Dry,Non-Fatal Injury,Cyclist Collisions,Driver,35 to 39,None,,North,"Automobile, Station Wagon",Turning Left,Driving Properly,Normal,,,,,,,,Yes,Yes,,,,,,,,,,,94,Wychwood,94,Wychwood (94),D13,627158.884918554,4836916.83989512
1576,80972829,,9/26/2018 4:00:00 AM,900,MELITA AVE,CHRISTIE ST,,Minor Arterial,Toronto and East York,43.674388,-79.42258,At Intersection,No Control,Clear,Daylight,Dry,Non-Fatal Injury,Cyclist Collisions,Cyclist,20 to 24,Major,,South,Bicycle,Going Ahead,,,,,,"Cyclist without ROW rides into path of motorist at inter, lnwy, dwy-Cyclist not turn.",Speed too Fast For Condition,Normal,,Yes,Yes,,,,,,,,,,,94,Wychwood,94,Wychwood (94),D13,627158.884918554,4836916.83989512
1577,80972190,,9/26/2018 4:00:00 AM,1755,BRIMLEY RD,BRIMWOOD BLVD,,Major Arterial,Scarborough,43.810984,-79.279712,At Intersection,Traffic Signal,Clear,Daylight,Dry,Non-Fatal Injury,Cyclist Collisions,Cyclist,30 to 34,Major,,South,Bicycle,Turning Left,,,,,,Cyclist turned left across motorists path.,Failed to Yield Right of Way,Inattentive,,Yes,Yes,,,,,,,,,,,129,Agincourt North,129,Agincourt North (129),D42,638360.841886428,4852316.81838129
1578,80972191,,9/26/2018 4:00:00 AM,1755,BRIMLEY RD,BRIMWOOD BLVD,,Major Arterial,Scarborough,43.810984,-79.279712,At Intersection,Traffic Signal,Clear,Daylight,Dry,Non-Fatal Injury,Cyclist Collisions,Driver,45 to 49,None,,North,"Automobile, Station Wagon",Going Ahead,Driving Properly,Normal,,,,,,,,Yes,Yes,,,,,,,,,,,129,Agincourt North,129,Agincourt North (129),D42,638360.841886428,4852316.81838129
1579,81241262,,10/4/2018 4:00:00 AM,700,DUNDAS ST E,LOGAN AVE,35 m East of,Minor Arterial,Toronto and East York,43.66408,-79.343036,Non Intersection,No Control,Rain,Dawn,Wet,Non-Fatal Injury,Cyclist Collisions,Driver,25 to 29,None,,East,"Automobile, Station Wagon",Changing Lanes,Improper Lane Change,Inattentive,,,,,,,,Yes,Yes,,,,,,,,,,,70,South Riverdale,70,South Riverdale (70),D55,633594.016704909,4835897.01308861
1580,81241263,,10/4/2018 4:00:00 AM,700,DUNDAS ST E,LOGAN AVE,35 m East of,Minor Arterial,Toronto and East York,43.66408,-79.343036,Non Intersection,No Control,Rain,Dawn,Wet,Non-Fatal Injury,Cyclist Collisions,Cyclist,20 to 24,Major,,East,Bicycle,Going Ahead,,,,,,Cyclist and Driver travelling in same direction. One vehicle sideswipes the other.,Driving Properly,Normal,,Yes,Yes,,,,,,,,,,,70,South Riverdale,70,South Riverdale (70),D55,633594.016704909,4835897.01308861
1581,80972619,,10/8/2018 4:00:00 AM,2015,685 QUEEN ST E,,Near #685,Major Arterial,Toronto and East York,43.658515,-79.35094,At Intersection,No Control,Clear,"Dusk, artificial",Dry,Fatal,Cyclist Collisions,Cyclist,60 to 64,Fatal,54,East,Bicycle,Going Ahead,,,,,,Cyclist strikes a parked vehicle.,Lost control,Unknown,,Yes,Yes,,,Yes,,,,,,,,70,South Riverdale,70,South Riverdale (70),D55,632969.028236,4835266.24778992
1582,80973080,,10/8/2018 4:00:00 AM,2015,685 QUEEN ST E,,Near #685,Major Arterial,Toronto and East York,43.658515,-79.35094,At Intersection,No Control,Clear,"Dusk, artificial",Dry,Fatal,Cyclist Collisions,Driver,30 to 34,None,,East,Street Car,Going Ahead,Driving Properly,Normal,,,,,,,,Yes,Yes,,,Yes,,,,,,,,70,South Riverdale,70,South Riverdale (70),D55,632969.028236,4835266.24778992
1583,80973081,,10/8/2018 4:00:00 AM,2015,685 QUEEN ST E,,Near #685,Major Arterial,Toronto and East York,43.658515,-79.35094,At Intersection,No Control,Clear,"Dusk, artificial",Dry,Fatal,Cyclist Collisions,Other,unknown,None,,East,"Automobile, Station Wagon",Parked,,,,,,,,,,Yes,Yes,,,Yes,,,,,,,,70,South Riverdale,70,South Riverdale (70),D55,632969.028236,4835266.24778992
1584,80973255,,10/12/2018 4:00:00 AM,1630,BLOOR ST W,RUNNYMEDE RD,,Major Arterial,Etobicoke York,43.651065,-79.47626,At Intersection,Traffic Controller,Clear,Daylight,Dry,Non-Fatal Injury,Cyclist Collisions,Driver,75 to 79,None,,West,"Automobile, Station Wagon",Turning Left,Failed to Yield Right of Way,Normal,,,,,,,,Yes,Yes,,,,,,,Yes,,,,87,High Park-Swansea,87,High Park-Swansea (87),D11,622879.16879315,4834245.62541711
1585,80973256,,10/12/2018 4:00:00 AM,1630,BLOOR ST W,RUNNYMEDE RD,,Major Arterial,Etobicoke York,43.651065,-79.47626,At Intersection,Traffic Controller,Clear,Daylight,Dry,Non-Fatal Injury,Cyclist Collisions,Cyclist,30 to 34,Major,,East,Bicycle,Going Ahead,,,,,,Motorist turned left across cyclists path.,Driving Properly,Normal,,Yes,Yes,,,,,,,Yes,,,,87,High Park-Swansea,87,High Park-Swansea (87),D11,622879.16879315,4834245.62541711
1586,80973688,,10/24/2018 4:00:00 AM,1455,MARLEE AVE,DELL PARK AVE,,Minor Arterial,North York,43.71408,-79.445865,At Intersection,No Control,Clear,Daylight,Dry,Non-Fatal Injury,Cyclist Collisions,Driver,25 to 29,None,,North,"Automobile, Station Wagon",Turning Right,Failed to Yield Right of Way,Normal,,,,,,,,Yes,Yes,,,,,,,Yes,,,,31,Yorkdale-Glen Park,31,Yorkdale-Glen Park (31),D13,625199.194156238,4841289.74985865
1587,80973689,,10/24/2018 4:00:00 AM,1455,MARLEE AVE,DELL PARK AVE,,Minor Arterial,North York,43.71408,-79.445865,At Intersection,No Control,Clear,Daylight,Dry,Non-Fatal Injury,Cyclist Collisions,Cyclist,30 to 34,Major,,North,Bicycle,Going Ahead,,,,,,"Motorist turns right at non-signal Inter.(stop, yield, no cont.,and dwy) and strikes cyclist.",Driving Properly,Normal,,Yes,Yes,,,,,,,Yes,,,,31,Yorkdale-Glen Park,31,Yorkdale-Glen Park (31),D13,625199.194156238,4841289.74985865
1588,80974029,,10/30/2018 4:00:00 AM,1037,STEELES AVE E,WARDEN AVE,,Major Arterial,Scarborough,43.81956,-79.324397,At Intersection,Traffic Signal,Clear,Daylight,Dry,Non-Fatal Injury,Cyclist Collisions,Cyclist,80 to 84,Major,,North,Bicycle,Turning Right,,,,,,Cyclist turns right across motorists path,Failed to Yield Right of Way,Normal,,Yes,Yes,,,,,,,,,,,116,Steeles,116,Steeles (116),D42,634747.549366501,4853195.56756914
1589,80974030,,10/30/2018 4:00:00 AM,1037,STEELES AVE E,WARDEN AVE,,Major Arterial,Scarborough,43.81956,-79.324397,At Intersection,Traffic Signal,Clear,Daylight,Dry,Non-Fatal Injury,Cyclist Collisions,Driver,45 to 49,None,,North,"Automobile, Station Wagon",Turning Right,Driving Properly,Normal,,,,,,,,Yes,Yes,,,,,,,,,,,116,Steeles,116,Steeles (116),D42,634747.549366501,4853195.56756914
1590,80976594,,11/6/2018 5:00:00 AM,2315,STEELES AVE W,ALNESS ST,,Major Arterial,North York,43.784629,-79.481014,At Intersection,Traffic Signal,Rain,"Dark, artificial",Wet,Non-Fatal Injury,Cyclist Collisions,Driver,20 to 24,None,,East,"Automobile, Station Wagon",Turning Left,Improper Turn,Inattentive,,,,,,,,Yes,Yes,,,,,,,,,,,27,York University Heights,27,York University Heights (27),D32,622223.930296059,4849072.76021761
1591,80976595,,11/6/2018 5:00:00 AM,2315,STEELES AVE W,ALNESS ST,,Major Arterial,North York,43.784629,-79.481014,At Intersection,Traffic Signal,Rain,"Dark, artificial",Wet,Non-Fatal Injury,Cyclist Collisions,Cyclist,15 to 19,Major,,East,Bicycle,Going Ahead,,,,,,Motorist turned left across cyclists path.,Driving Properly,Normal,,Yes,Yes,,,,,,,,,,,27,York University Heights,27,York University Heights (27),D32,622223.930296059,4849072.76021761
1592,80975432,,11/8/2018 5:00:00 AM,1900,LOWTHER AVE,SPADINA RD,,Minor Arterial,Toronto and East York,43.668891,-79.404735,At Intersection,Traffic Signal,Clear,Dark,Dry,Non-Fatal Injury,Cyclist Collisions,Cyclist,20 to 24,Major,,West,Bicycle,Turning Left,,,,,,Cyclist turned left across motorists path.,Improper Turn,Normal,,Yes,Yes,,,,,,,,,,,95,Annex,95,Annex (95),D53,628609.160066462,4836333.83518722
1593,80975433,,11/8/2018 5:00:00 AM,1900,LOWTHER AVE,SPADINA RD,,Minor Arterial,Toronto and East York,43.668891,-79.404735,At Intersection,Traffic Signal,Clear,Dark,Dry,Non-Fatal Injury,Cyclist Collisions,Driver,25 to 29,None,,West,"Automobile, Station Wagon",Turning Left,Driving Properly,Normal,,,,,,,,Yes,Yes,,,,,,,,,,,95,Annex,95,Annex (95),D53,628609.160066462,4836333.83518722
1594,80984563,,11/22/2018 5:00:00 AM,900,STEELES AVE E,SILVER STAR BLVD,3 m  of,Major Arterial,Scarborough,43.825247,-79.300037,At Intersection,Traffic Signal,Clear,Daylight,Dry,Non-Fatal Injury,Cyclist Collisions,Driver,45 to 49,None,,South,"Automobile, Station Wagon",Turning Left,Failed to Yield Right of Way,Inattentive,,,,,,,,Yes,Yes,,,,,Yes,,Yes,,,,130,Milliken,130,Milliken (130),D42,636693.555707876,4853867.16919933
1595,80984564,,11/22/2018 5:00:00 AM,900,STEELES AVE E,SILVER STAR BLVD,3 m  of,Major Arterial,Scarborough,43.825247,-79.300037,At Intersection,Traffic Signal,Clear,Daylight,Dry,Non-Fatal Injury,Cyclist Collisions,Cyclist,65 to 69,Major,,North,Bicycle,Going Ahead,,,,,,Motorist turned left across cyclists path.,Driving Properly,Normal,,Yes,Yes,,,,,Yes,,Yes,,,,130,Milliken,130,Milliken (130),D42,636693.555707876,4853867.16919933
1596,80984565,,11/22/2018 5:00:00 AM,900,STEELES AVE E,SILVER STAR BLVD,3 m  of,Major Arterial,Scarborough,43.825247,-79.300037,At Intersection,Traffic Signal,Clear,Daylight,Dry,Non-Fatal Injury,Cyclist Collisions,Passenger,60 to 64,None,,,,,,,,,,,,,,Yes,Yes,,,,,Yes,,Yes,,,,130,Milliken,130,Milliken (130),D42,636693.555707876,4853867.16919933
1597,80976719,,11/29/2018 5:00:00 AM,1705,KENNEDY RD,PASSMORE AVE,169 m South ,Major Arterial,Scarborough,43.816859,-79.304042,At/Near Private Drive,No Control,Clear,Dusk,Dry,Non-Fatal Injury,Cyclist Collisions,Driver,60 to 64,None,,South,"Automobile, Station Wagon",Going Ahead,Driving Properly,Normal,,,,,,,,Yes,Yes,,,,,Yes,,Yes,,,,130,Milliken,130,Milliken (130),D42,636390.61100115,4852928.93388817
1598,80976720,,11/29/2018 5:00:00 AM,1705,KENNEDY RD,PASSMORE AVE,169 m South ,Major Arterial,Scarborough,43.816859,-79.304042,At/Near Private Drive,No Control,Clear,Dusk,Dry,Non-Fatal Injury,Cyclist Collisions,Cyclist,70 to 74,Major,,East,Bicycle,Going Ahead,,,,,,"Cyclist without ROW rides into path of motorist at inter, lnwy, dwy-Cyclist not turn.",Other,Inattentive,,Yes,Yes,,,,,Yes,,Yes,,,,130,Milliken,130,Milliken (130),D42,636390.61100115,4852928.93388817
1599,80976721,,11/29/2018 5:00:00 AM,1705,KENNEDY RD,PASSMORE AVE,169 m South ,Major Arterial,Scarborough,43.816859,-79.304042,At/Near Private Drive,No Control,Clear,Dusk,Dry,Non-Fatal Injury,Cyclist Collisions,Driver,35 to 39,None,,North,"Automobile, Station Wagon",Going Ahead,Driving Properly,Normal,,,,,,,,Yes,Yes,,,,,Yes,,Yes,,,,130,Milliken,130,Milliken (130),D42,636390.61100115,4852928.93388817
1600,80976722,,11/29/2018 5:00:00 AM,1705,KENNEDY RD,PASSMORE AVE,169 m South ,Major Arterial,Scarborough,43.816859,-79.304042,At/Near Private Drive,No Control,Clear,Dusk,Dry,Non-Fatal Injury,Cyclist Collisions,Passenger,0 to 4,None,,,,,,,,,,,,,,Yes,Yes,,,,,Yes,,Yes,,,,130,Milliken,130,Milliken (130),D42,636390.61100115,4852928.93388817
1601,81070832,,12/7/2018 5:00:00 AM,300,758 QUEEN ST E,,,Minor Arterial,Toronto and East York,43.659239,-79.347896,Non Intersection,No Control,Drifting Snow,"Dark, artificial",Loose Snow,Non-Fatal Injury,Cyclist Collisions,Driver,unknown,None,,South,"Automobile, Station Wagon",Going Ahead,Other,Unknown,,,,,,,,Yes,Yes,,,,,,,,,,,70,South Riverdale,70,South Riverdale (70),D55,633212.877394766,4835351.54050818
1602,81070833,,12/7/2018 5:00:00 AM,300,758 QUEEN ST E,,,Minor Arterial,Toronto and East York,43.659239,-79.347896,Non Intersection,No Control,Drifting Snow,"Dark, artificial",Loose Snow,Non-Fatal Injury,Cyclist Collisions,Cyclist,40 to 44,Major,,South,Bicycle,Going Ahead,,,,,,Cyclist and Driver travelling in same direction. One vehicle sideswipes the other.,Driving Properly,Normal,,Yes,Yes,,,,,,,,,,,70,South Riverdale,70,South Riverdale (70),D55,633212.877394766,4835351.54050818
1603,81474010,,3/18/2019 4:00:00 AM,2016,EDWARD ST,BAY ST,25 m East of,Collector,Toronto and East York,43.656611,-79.382869,Non Intersection,No Control,Clear,"Dark, artificial",Dry,Non-Fatal Injury,Cyclist Collisions,Driver,unknown,None,,West,"Automobile, Station Wagon",Going Ahead,Failed to Yield Right of Way,Normal,,,,,,,,Yes,Yes,,,,,,,Yes,,,,170,Yonge-Bay Corridor,76,Bay Street Corridor (76),D52,630398.583758985,4835004.10933826
1604,81474011,,3/18/2019 4:00:00 AM,2016,EDWARD ST,BAY ST,25 m East of,Collector,Toronto and East York,43.656611,-79.382869,Non Intersection,No Control,Clear,"Dark, artificial",Dry,Non-Fatal Injury,Cyclist Collisions,Cyclist,35 to 39,Major,,East,Bicycle,Stopped,,,,,,Insufficient information (to determine cyclist crash type).,Driving Properly,Normal,,Yes,Yes,,,,,,,Yes,,,,170,Yonge-Bay Corridor,76,Bay Street Corridor (76),D52,630398.583758985,4835004.10933826
1605,81262921,,3/23/2019 4:00:00 AM,1950,BREADALBANE ST,BAY ST,54 m East of,Local,Toronto and East York,43.663443,-79.385959,At/Near Private Drive,No Control,Clear,Daylight,Dry,Non-Fatal Injury,Cyclist Collisions,Driver,60 to 64,None,,South,"Automobile, Station Wagon",Turning Left,Other,Other,,,,,,,,Yes,Yes,,,,,,,,,,,169,Bay-Cloverhill,76,Bay Street Corridor (76),D52,630134.655771129,4835758.04218256
1606,81262922,,3/23/2019 4:00:00 AM,1950,BREADALBANE ST,BAY ST,54 m East of,Local,Toronto and East York,43.663443,-79.385959,At/Near Private Drive,No Control,Clear,Daylight,Dry,Non-Fatal Injury,Cyclist Collisions,Cyclist,30 to 34,Major,,West,Bicycle,Going Ahead,,,,,,Motorist turned left across cyclists path.,Driving Properly,Normal,,Yes,Yes,,,,,,,,,,,169,Bay-Cloverhill,76,Bay Street Corridor (76),D52,630134.655771129,4835758.04218256
1607,81321924,,4/10/2019 4:00:00 AM,1515,QUEEN ST W,SHAW ST,30 m West of,Major Arterial,Toronto and East York,43.644652,-79.416263,At Intersection,Traffic Signal,Clear,Daylight,Dry,Non-Fatal Injury,Cyclist Collisions,Driver,35 to 39,None,,East,"Automobile, Station Wagon",Changing Lanes,Improper Passing,Unknown,,,,,,,,Yes,Yes,,,,,,,Yes,,,,162,West Queen West,82,Niagara (82),D14,627731.154130063,4833623.9681909
1608,81321925,,4/10/2019 4:00:00 AM,1515,QUEEN ST W,SHAW ST,30 m West of,Major Arterial,Toronto and East York,43.644652,-79.416263,At Intersection,Traffic Signal,Clear,Daylight,Dry,Non-Fatal Injury,Cyclist Collisions,Cyclist,unknown,Major,,East,Bicycle,Going Ahead,,,,,,Cyclist and Driver travelling in same direction. One vehicle sideswipes the other.,Driving Properly,Normal,,Yes,Yes,,,,,,,Yes,,,,162,West Queen West,82,Niagara (82),D14,627731.154130063,4833623.9681909
1609,81241584,,5/6/2019 4:00:00 AM,1320,DUNDAS ST W,EUCLID AVE,,Major Arterial,Toronto and East York,43.65148,-79.409679,At Intersection,Stop Sign,Clear,Daylight,Dry,Non-Fatal Injury,Cyclist Collisions,Driver,70 to 74,None,,North,"Automobile, Station Wagon",Going Ahead,Failed to Yield Right of Way,Normal,,,,,,,,Yes,Yes,,,,,Yes,,Yes,,,,81,Trinity-Bellwoods,81,Trinity-Bellwoods (81),D14,628247.638521031,4834392.46056332
1610,81241585,,5/6/2019 4:00:00 AM,1320,DUNDAS ST W,EUCLID AVE,,Major Arterial,Toronto and East York,43.65148,-79.409679,At Intersection,Stop Sign,Clear,Daylight,Dry,Non-Fatal Injury,Cyclist Collisions,Cyclist,65 to 69,Major,,East,Bicycle,Going Ahead,,,,,,"Motorist without ROW drives into path of cyclist at inter, lnwy, dwy-Driver not turn.",Driving Properly,Normal,,Yes,Yes,,,,,Yes,,Yes,,,,81,Trinity-Bellwoods,81,Trinity-Bellwoods (81),D14,628247.638521031,4834392.46056332
1611,81241586,,5/6/2019 4:00:00 AM,1320,DUNDAS ST W,EUCLID AVE,,Major Arterial,Toronto and East York,43.65148,-79.409679,At Intersection,Stop Sign,Clear,Daylight,Dry,Non-Fatal Injury,Cyclist Collisions,Passenger,60 to 64,None,,,,,,,,,,,,,,Yes,Yes,,,,,Yes,,Yes,,,,81,Trinity-Bellwoods,81,Trinity-Bellwoods (81),D14,628247.638521031,4834392.46056332
1612,81242363,,5/15/2019 4:00:00 AM,1559,91 ANNETTE ST,,40 m East of,Minor Arterial,Toronto and East York,43.663405,-79.462817,At/Near Private Drive,No Control,Clear,Daylight,Dry,Non-Fatal Injury,Cyclist Collisions,Driver,25 to 29,None,,North,"Automobile, Station Wagon",Turning Left,Failed to Yield Right of Way,Inattentive,,,,,,,,Yes,Yes,,,,,,,Yes,,,,90,Junction Area,90,Junction Area (90),D11,623937.874750593,4835636.13658205
1613,81242364,,5/15/2019 4:00:00 AM,1559,91 ANNETTE ST,,40 m East of,Minor Arterial,Toronto and East York,43.663405,-79.462817,At/Near Private Drive,No Control,Clear,Daylight,Dry,Non-Fatal Injury,Cyclist Collisions,Cyclist,40 to 44,Major,,East,Bicycle,Going Ahead,,,,,,Motorist turned left across cyclists path.,Driving Properly,Normal,,Yes,Yes,,,,,,,Yes,,,,90,Junction Area,90,Junction Area (90),D11,623937.874750593,4835636.13658205
1614,81262775,,5/24/2019 4:00:00 AM,1100,KING ST E,BRIGHT ST,,Major Arterial,Toronto and East York,43.655188,-79.358905,At Intersection,Stop Sign,Clear,Daylight,Dry,Non-Fatal Injury,Cyclist Collisions,Driver,50 to 54,None,,South,"Automobile, Station Wagon",Turning Right,Failed to Yield Right of Way,Normal,,,,,,,,Yes,Yes,,,,,,,Yes,,,,73,Moss Park,73,Moss Park (73),D51,632334.085801155,4834884.00628109