OBJECTID,INDEX,ACCNUM,DATE,TIME,STREET1,STREET2,OFFSET,ROAD_CLASS,DISTRICT,LATITUDE,LONGITUDE,ACCLOC,TRAFFCTL,VISIBILITY,LIGHT,RDSFCOND,ACCLASS,IMPACTYPE,INVTYPE,INVAGE,INJURY,FATAL_NO,INITDIR,VEHTYPE,MANOEUVER,DRIVACT,DRIVCOND,PEDTYPE,PEDACT,PEDCOND,CYCLISTYPE,CYCACT,CYCCOND,PEDESTRIAN,CYCLIST,AUTOMOBILE,MOTORCYCLE,TRUCK,TRSN_CITY_VEH,EMERG_VEH,PASSENGER,SPEEDING,AG_DRIV,REDLIGHT,ALCOHOL,DISABILITY,HOOD_158,NEIGHBOURHOOD_158,HOOD_140,NEIGHBOURHOOD_140,DIVISION,x,y
1670,81331274,,9/4/2019 4:00:00 AM,800,1750 VICTORIA PARK AVE,,27 m South o,Major Arterial,North York,43.736197,-79.307407,At/Near Private Drive,No Control,Clear,Daylight,Dry,Non-Fatal Injury,Cyclist Collisions,Cyclist,10 to 14,Major,,North,Bicycle,Going Ahead,,,,,,"Motorist turns right at non-signal Inter.(stop, yield, no cont.,and dwy) and strikes cyclist.",Driving Properly,Normal,,Yes,Yes,,,,,,,Yes,,,,43,Victoria Village,43,Victoria Village (43),D33,636303.145074928,4843964.62121505
1671,81478154,,9/7/2019 4:00:00 AM,1244,LAKE PROMENADE,CRYSTAL CRES,20 m West of,Local,Etobicoke York,43.590289,-79.526683,Intersection Related,No Control,Clear,Daylight,Dry,Non-Fatal Injury,Cyclist Collisions,Truck Driver,50 to 54,None,,West,Truck - Open,Overtaking,Driving Properly,Normal,,,,,,,,Yes,,,Yes,,,,,,,,,19,Long Branch,19,Long Branch (19),D22,618932.633899963,4827422.28162116
1672,81478155,,9/7/2019 4:00:00 AM,1244,LAKE PROMENADE,CRYSTAL CRES,20 m West of,Local,Etobicoke York,43.590289,-79.526683,Intersection Related,No Control,Clear,Daylight,Dry,Non-Fatal Injury,Cyclist Collisions,Cyclist,50 to 54,Major,,West,Bicycle,Unknown,,,,,,Cyclist and Driver travelling in same direction. One vehicle sideswipes the other.,Other,Normal,,Yes,,,Yes,,,,,,,,,19,Long Branch,19,Long Branch (19),D22,618932.633899963,4827422.28162116
1673,81333102,,9/8/2019 4:00:00 AM,106,KING ST W,PORTLAND ST,5 m West of,Major Arterial,Toronto and East York,43.644381,-79.400058,At Intersection,Traffic Signal,Clear,Dark,Dry,Non-Fatal Injury,Cyclist Collisions,Driver,20 to 24,None,,East,"Automobile, Station Wagon",Turning Right,Lost control,"Ability Impaired, Alcohol Over .08",,,,,,,,Yes,Yes,,,,,,,,,Yes,,164,Wellington Place,77,Waterfront Communities-The Island (77),D14,629038.709337015,4833618.93817121
1674,81333103,,9/8/2019 4:00:00 AM,106,KING ST W,PORTLAND ST,5 m West of,Major Arterial,Toronto and East York,43.644381,-79.400058,At Intersection,Traffic Signal,Clear,Dark,Dry,Non-Fatal Injury,Cyclist Collisions,Cyclist,45 to 49,Major,,South,Bicycle,Going Ahead,,,,,,Motorist turning right on red at signalized intersection strikes cyclist.,Driving Properly,Normal,,Yes,Yes,,,,,,,,,Yes,,164,Wellington Place,77,Waterfront Communities-The Island (77),D14,629038.709337015,4833618.93817121
1675,81334510,,9/12/2019 4:00:00 AM,2103,MARTIN GROVE RD,EGLINTON AVE W,,Major Arterial,Etobicoke York,43.674407,-79.563129,At Intersection,Traffic Signal,Clear,"Dark, artificial",Dry,Non-Fatal Injury,Cyclist Collisions,Driver,50 to 54,None,,North,"Automobile, Station Wagon",Going Ahead,Driving Properly,Normal,,,,,,,,Yes,Yes,,,,,,,,,,,10,Princess-Rosethorn,10,Princess-Rosethorn (10),D22,615828.828559367,4836713.09364304
1676,81334511,,9/12/2019 4:00:00 AM,2103,MARTIN GROVE RD,EGLINTON AVE W,,Major Arterial,Etobicoke York,43.674407,-79.563129,At Intersection,Traffic Signal,Clear,"Dark, artificial",Dry,Non-Fatal Injury,Cyclist Collisions,Cyclist,25 to 29,Major,,East,Bicycle,Going Ahead,,,,,,"Cyclist without ROW rides into path of motorist at inter, lnwy, dwy-Cyclist not turn.",Wrong Way on One Way Road,"Ability Impaired, Alcohol",,Yes,Yes,,,,,,,,,,,10,Princess-Rosethorn,10,Princess-Rosethorn (10),D22,615828.828559367,4836713.09364304
1677,81424255,,9/14/2019 4:00:00 AM,511,333 SHERBOURNE ST,,,Minor Arterial,Toronto and East York,43.662169,-79.37263,At/Near Private Drive,No Control,Clear,"Daylight, artificial",Dry,Non-Fatal Injury,Cyclist Collisions,Truck Driver,35 to 39,None,,North,Truck-Tractor,Turning Right,Improper Turn,Unknown,,,,,,,,Yes,,,Yes,,,,,,,,,73,Moss Park,73,Moss Park (73),D51,631212.114684208,4835637.54130274
1678,81424256,,9/14/2019 4:00:00 AM,511,333 SHERBOURNE ST,,,Minor Arterial,Toronto and East York,43.662169,-79.37263,At/Near Private Drive,No Control,Clear,"Daylight, artificial",Dry,Non-Fatal Injury,Cyclist Collisions,Cyclist,40 to 44,Major,,North,Bicycle,Going Ahead,,,,,,"Motorist turns right at non-signal Inter.(stop, yield, no cont.,and dwy) and strikes cyclist.",Driving Properly,Normal,,Yes,,,Yes,,,,,,,,,73,Moss Park,73,Moss Park (73),D51,631212.114684208,4835637.54130274
1679,81450744,,9/17/2019 4:00:00 AM,1630,LA ROSE AVE,SCARLETT RD,25 m West of,Collector,Etobicoke York,43.686526,-79.514964,At/Near Private Drive,No Control,Clear,Daylight,Dry,Non-Fatal Injury,Cyclist Collisions,Driver,20 to 24,None,,West,"Automobile, Station Wagon",Turning Left,Failed to Yield Right of Way,Normal,,,,,,,,Yes,Yes,,,,,,,Yes,,,,8,Humber Heights-Westmount,8,Humber Heights-Westmount (8),D23,619687.430172902,4838127.45221026
1680,81450745,,9/17/2019 4:00:00 AM,1630,LA ROSE AVE,SCARLETT RD,25 m West of,Collector,Etobicoke York,43.686526,-79.514964,At/Near Private Drive,No Control,Clear,Daylight,Dry,Non-Fatal Injury,Cyclist Collisions,Cyclist,50 to 54,Major,,East,Bicycle,Going Ahead,,,,,,"Motorist turns right at non-signal Inter.(stop, yield, no cont.,and dwy) and strikes cyclist.",Driving Properly,Normal,,Yes,Yes,,,,,,,Yes,,,,8,Humber Heights-Westmount,8,Humber Heights-Westmount (8),D23,619687.430172902,4838127.45221026
1681,81452137,,9/26/2019 4:00:00 AM,1445,EGLINTON AVE E,WYNFORD DR,60 m East of,Major Arterial,North York,43.724559,-79.324329,Non Intersection,No Control,Clear,Daylight,Dry,Non-Fatal Injury,Cyclist Collisions,Cyclist,50 to 54,Major,,East,Bicycle,Changing Lanes,,,,,,Cyclist and Driver travelling in same direction. One vehicle sideswipes the other.,Lost control,Had Been Drinking,,Yes,Yes,,,,,,,,,,,44,Flemingdon Park,44,Flemingdon Park (44),D55,634966.554319199,4842644.35027186
1682,81452138,,9/26/2019 4:00:00 AM,1445,EGLINTON AVE E,WYNFORD DR,60 m East of,Major Arterial,North York,43.724559,-79.324329,Non Intersection,No Control,Clear,Daylight,Dry,Non-Fatal Injury,Cyclist Collisions,Driver,35 to 39,None,,East,Delivery Van,Going Ahead,Driving Properly,Normal,,,,,,,,Yes,Yes,,,,,,,,,,,44,Flemingdon Park,44,Flemingdon Park (44),D55,634966.554319199,4842644.35027186
1683,81452139,,9/26/2019 4:00:00 AM,1445,EGLINTON AVE E,WYNFORD DR,60 m East of,Major Arterial,North York,43.724559,-79.324329,Non Intersection,No Control,Clear,Daylight,Dry,Non-Fatal Injury,Cyclist Collisions,Driver,25 to 29,None,,East,Delivery Van,Going Ahead,Driving Properly,Normal,,,,,,,,Yes,Yes,,,,,,,,,,,44,Flemingdon Park,44,Flemingdon Park (44),D55,634966.554319199,4842644.35027186
1684,81450433,,10/5/2019 4:00:00 AM,1611,DUPONT ST,BEDFORD RD,,Minor Arterial,Toronto and East York,43.676299,-79.400508,At Intersection,No Control,Clear,Daylight,Dry,Non-Fatal Injury,Cyclist Collisions,Driver,35 to 39,None,,West,"Automobile, Station Wagon",Turning Left,Other,Normal,,,,,,,,Yes,Yes,,,,,,,,,,,95,Annex,95,Annex (95),D53,628934.076653441,4837163.15525621
1685,81450434,,10/5/2019 4:00:00 AM,1611,DUPONT ST,BEDFORD RD,,Minor Arterial,Toronto and East York,43.676299,-79.400508,At Intersection,No Control,Clear,Daylight,Dry,Non-Fatal Injury,Cyclist Collisions,Cyclist,60 to 64,Major,,East,Bicycle,Going Ahead,,,,,,Motorist turned left across cyclists path.,Driving Properly,Normal,,Yes,Yes,,,,,,,,,,,95,Annex,95,Annex (95),D53,628934.076653441,4837163.15525621
1686,81453447,,10/10/2019 4:00:00 AM,1429,CHRISTIE ST,TYRREL AVE,,Minor Arterial,Toronto and East York,43.678145,-79.424236,At Intersection,Stop Sign,Clear,Daylight,Dry,Non-Fatal Injury,Cyclist Collisions,Cyclist,30 to 34,Major,,East,Bicycle,Going Ahead,,,,,,,Failed to Yield Right of Way,Normal,,Yes,Yes,,,,,,,,,,,94,Wychwood,94,Wychwood (94),D13,627017.463298823,4837331.56805851
1687,81453448,,10/10/2019 4:00:00 AM,1429,CHRISTIE ST,TYRREL AVE,,Minor Arterial,Toronto and East York,43.678145,-79.424236,At Intersection,Stop Sign,Clear,Daylight,Dry,Non-Fatal Injury,Cyclist Collisions,Driver,45 to 49,None,,North,"Automobile, Station Wagon",Going Ahead,Driving Properly,Normal,,,,,,,,Yes,Yes,,,,,,,,,,,94,Wychwood,94,Wychwood (94),D13,627017.463298823,4837331.56805851
1688,81450192,,10/15/2019 4:00:00 AM,2216,GERRARD ST E,WEMBLEY DR,,Minor Arterial,Toronto and East York,43.675856,-79.318065,At Intersection,No Control,Clear,"Dark, artificial",Dry,Non-Fatal Injury,Cyclist Collisions,Driver,55 to 59,None,,East,"Automobile, Station Wagon",Turning Left,Improper Turn,Inattentive,,,,,,,,Yes,Yes,,,,,,,,,,,64,Woodbine Corridor,64,Woodbine Corridor (64),D55,635580.827822119,4837245.41271205
1689,81450193,,10/15/2019 4:00:00 AM,2216,GERRARD ST E,WEMBLEY DR,,Minor Arterial,Toronto and East York,43.675856,-79.318065,At Intersection,No Control,Clear,"Dark, artificial",Dry,Non-Fatal Injury,Cyclist Collisions,Cyclist,30 to 34,Major,,West,Bicycle,Going Ahead,,,,,,Motorist turned left across cyclists path.,Driving Properly,Normal,,Yes,Yes,,,,,,,,,,,64,Woodbine Corridor,64,Woodbine Corridor (64),D55,635580.827822119,4837245.41271205
1690,81452948,,10/25/2019 4:00:00 AM,2028,CUMMER AVE,WILLOWDALE AVE,,Minor Arterial,North York,43.788592,-79.409877,At Intersection,Traffic Signal,Clear,"Dark, artificial",Dry,Non-Fatal Injury,Cyclist Collisions,Driver,60 to 64,None,,West,"Automobile, Station Wagon",Turning Left,Failed to Yield Right of Way,Unknown,,,,,,,,Yes,Yes,,,,,,,Yes,,,,50,Newtonbrook East,50,Newtonbrook East (50),D32,627939.503232275,4849620.40229311
1691,81452949,,10/25/2019 4:00:00 AM,2028,CUMMER AVE,WILLOWDALE AVE,,Minor Arterial,North York,43.788592,-79.409877,At Intersection,Traffic Signal,Clear,"Dark, artificial",Dry,Non-Fatal Injury,Cyclist Collisions,Cyclist,20 to 24,Major,,East,Bicycle,Going Ahead,,,,,,,Driving Properly,Normal,,Yes,Yes,,,,,,,Yes,,,,50,Newtonbrook East,50,Newtonbrook East (50),D32,627939.503232275,4849620.40229311
1692,81457376,,11/1/2019 4:00:00 AM,1941,GERRARD ST E,JONES AVE,,Minor Arterial,Toronto and East York,43.669177,-79.335567,At Intersection,Traffic Signal,Clear,"Dark, artificial",Dry,Non-Fatal Injury,Cyclist Collisions,Cyclist,40 to 44,Major,,South,Bicycle,Going Ahead,,,,,,"Cyclist without ROW rides into path of motorist at inter, lnwy, dwy-Cyclist not turn.",Disobeyed Traffic Control,Unknown,,Yes,Yes,,,,,Yes,,,,,,70,South Riverdale,70,South Riverdale (70),D55,634184.859723687,4836475.1584306
1693,81457377,,11/1/2019 4:00:00 AM,1941,GERRARD ST E,JONES AVE,,Minor Arterial,Toronto and East York,43.669177,-79.335567,At Intersection,Traffic Signal,Clear,"Dark, artificial",Dry,Non-Fatal Injury,Cyclist Collisions,Driver,35 to 39,None,,East,"Automobile, Station Wagon",Going Ahead,Driving Properly,Unknown,,,,,,,,Yes,Yes,,,,,Yes,,,,,,70,South Riverdale,70,South Riverdale (70),D55,634184.859723687,4836475.1584306
1694,81457378,,11/1/2019 4:00:00 AM,1941,GERRARD ST E,JONES AVE,,Minor Arterial,Toronto and East York,43.669177,-79.335567,At Intersection,Traffic Signal,Clear,"Dark, artificial",Dry,Non-Fatal Injury,Cyclist Collisions,Passenger,60 to 64,None,,,,,,,,,,,,,,Yes,Yes,,,,,Yes,,,,,,70,South Riverdale,70,South Riverdale (70),D55,634184.859723687,4836475.1584306
1695,81457379,,11/1/2019 4:00:00 AM,1941,GERRARD ST E,JONES AVE,,Minor Arterial,Toronto and East York,43.669177,-79.335567,At Intersection,Traffic Signal,Clear,"Dark, artificial",Dry,Non-Fatal Injury,Cyclist Collisions,Passenger,20 to 24,None,,,,,,,,,,,,,,Yes,Yes,,,,,Yes,,,,,,70,South Riverdale,70,South Riverdale (70),D55,634184.859723687,4836475.1584306
1696,81408981,,11/6/2019 5:00:00 AM,1732,FRONT ST W,WINDSOR ST,28 m East of,Minor Arterial,Toronto and East York,43.64363,-79.389949,At/Near Private Drive,No Control,Clear,"Dark, artificial",Wet,Non-Fatal Injury,Cyclist Collisions,Driver,40 to 44,None,,South,"Automobile, Station Wagon",Turning Left,Failed to Yield Right of Way,Inattentive,,,,,,,,Yes,Yes,,,,,,,Yes,,,,165,Harbourfront-CityPlace,77,Waterfront Communities-The Island (77),D52,629855.648223577,4833551.29713313
1697,81408982,,11/6/2019 5:00:00 AM,1732,FRONT ST W,WINDSOR ST,28 m East of,Minor Arterial,Toronto and East York,43.64363,-79.389949,At/Near Private Drive,No Control,Clear,"Dark, artificial",Wet,Non-Fatal Injury,Cyclist Collisions,Cyclist,50 to 54,Major,,West,Bicycle,Going Ahead,,,,,,Motorist turned left across cyclists path.,Driving Properly,Normal,,Yes,Yes,,,,,,,Yes,,,,165,Harbourfront-CityPlace,77,Waterfront Communities-The Island (77),D52,629855.648223577,4833551.29713313
1698,81450569,,11/7/2019 5:00:00 AM,710,DON MILLS RD W,GOODVIEW RD,168 m South ,Major Arterial,North York,43.782591,-79.352336,At/Near Private Drive,No Control,Clear,"Dawn, artificial",Wet,Non-Fatal Injury,Cyclist Collisions,Cyclist,75 to 79,Major,,South,Bicycle,Changing Lanes,,,,,,Cyclist and Driver travelling in same direction. One vehicle sideswipes the other.,Improper Lane Change,Inattentive,,Yes,Yes,,,,,,,,,,,47,Don Valley Village,47,Don Valley Village (47),D33,632582.497593592,4849044.44422929
1699,81450570,,11/7/2019 5:00:00 AM,710,DON MILLS RD W,GOODVIEW RD,168 m South ,Major Arterial,North York,43.782591,-79.352336,At/Near Private Drive,No Control,Clear,"Dawn, artificial",Wet,Non-Fatal Injury,Cyclist Collisions,Driver,35 to 39,None,,South,"Automobile, Station Wagon",Going Ahead,Driving Properly,Normal,,,,,,,,Yes,Yes,,,,,,,,,,,47,Don Valley Village,47,Don Valley Village (47),D33,632582.497593592,4849044.44422929
1700,81338621,,11/21/2019 5:00:00 AM,1340,MCCOWAN RD,SANDHURST CRCL,,Major Arterial,Scarborough,43.811545,-79.269183,At Intersection,Traffic Signal,Clear,Daylight,Wet,Fatal,Cyclist Collisions,Cyclist,65 to 69,Fatal,57,South,Bicycle,,,,,,,"Cyclist without ROW rides into path of motorist at inter, lnwy, dwy-Cyclist not turn.",Disobeyed Traffic Control,Normal,,Yes,Yes,,,,,,,,,,,129,Agincourt North,129,Agincourt North (129),D42,639206.383357309,4852396.7879045
1701,81338622,,11/21/2019 5:00:00 AM,1340,MCCOWAN RD,SANDHURST CRCL,,Major Arterial,Scarborough,43.811545,-79.269183,At Intersection,Traffic Signal,Clear,Daylight,Wet,Fatal,Cyclist Collisions,Driver,80 to 84,None,,South,"Automobile, Station Wagon",Turning Right,Driving Properly,Unknown,,,,,,,,Yes,Yes,,,,,,,,,,,129,Agincourt North,129,Agincourt North (129),D42,639206.383357309,4852396.7879045
1702,81454473,,11/23/2019 5:00:00 AM,1714,1841 WILSON AVE,,,Major Arterial,Etobicoke York,43.71741,-79.524028,At/Near Private Drive,No Control,Clear,Dusk,Dry,Non-Fatal Injury,Cyclist Collisions,Driver,unknown,None,,East,Passenger Van,Turning Right,Failed to Yield Right of Way,Unknown,,,,,,,,Yes,Yes,,,,,,,Yes,,,,154,Oakdale-Beverley Heights,26,Downsview-Roding-CFB (26),D31,618895.842597569,4841544.50216867
1703,81454474,,11/23/2019 5:00:00 AM,1714,1841 WILSON AVE,,,Major Arterial,Etobicoke York,43.71741,-79.524028,At/Near Private Drive,No Control,Clear,Dusk,Dry,Non-Fatal Injury,Cyclist Collisions,Cyclist,30 to 34,Major,,East,Bicycle,Going Ahead,,,,,,"Motorist turns right at non-signal Inter.(stop, yield, no cont.,and dwy) and strikes cyclist.",Driving Properly,Normal,,Yes,Yes,,,,,,,Yes,,,,154,Oakdale-Beverley Heights,26,Downsview-Roding-CFB (26),D31,618895.842597569,4841544.50216867
1704,81453549,,11/25/2019 5:00:00 AM,1609,QUEENS QUAY W,ROBERTSON CRES,6 m  of,Minor Arterial,Toronto and East York,43.638842,-79.386562,Intersection Related,Traffic Signal,Clear,Daylight,Dry,Non-Fatal Injury,Cyclist Collisions,Cyclist,45 to 49,Major,,North,Bicycle,Going Ahead,,,,,,"Cyclist without ROW rides into path of motorist at inter, lnwy, dwy-Cyclist not turn.",Disobeyed Traffic Control,Normal,,Yes,Yes,,,,,,,,,,,165,Harbourfront-CityPlace,77,Waterfront Communities-The Island (77),D52,630139.160518705,4833024.83278974
1705,81453550,,11/25/2019 5:00:00 AM,1609,QUEENS QUAY W,ROBERTSON CRES,6 m  of,Minor Arterial,Toronto and East York,43.638842,-79.386562,Intersection Related,Traffic Signal,Clear,Daylight,Dry,Non-Fatal Injury,Cyclist Collisions,Driver,25 to 29,None,,East,Pick Up Truck,Going Ahead,Driving Properly,Normal,,,,,,,,Yes,Yes,,,,,,,,,,,165,Harbourfront-CityPlace,77,Waterfront Communities-The Island (77),D52,630139.160518705,4833024.83278974
1706,81453369,,12/13/2019 5:00:00 AM,1653,BLOOR ST W,ABERFOYLE CRES,,Major Arterial,Etobicoke York,43.645594,-79.518939,At Intersection,Traffic Signal,Clear,"Dusk, artificial",Dry,Non-Fatal Injury,Cyclist Collisions,Driver,40 to 44,None,,South,"Automobile, Station Wagon",Turning Right,Failed to Yield Right of Way,Normal,,,,,,,,Yes,Yes,,,,,,,Yes,,,,16,Stonegate-Queensway,16,Stonegate-Queensway (16),D22,619448.214731173,4833575.69038799
1707,81453370,,12/13/2019 5:00:00 AM,1653,BLOOR ST W,ABERFOYLE CRES,,Major Arterial,Etobicoke York,43.645594,-79.518939,At Intersection,Traffic Signal,Clear,"Dusk, artificial",Dry,Non-Fatal Injury,Cyclist Collisions,Cyclist,15 to 19,Major,,East,Bicycle,Going Ahead,,,,,,Motorist turning right on red at signalized intersection strikes cyclist.,Other,Normal,,Yes,Yes,,,,,,,Yes,,,,16,Stonegate-Queensway,16,Stonegate-Queensway (16),D22,619448.214731173,4833575.69038799
1708,81454092,,12/14/2019 5:00:00 AM,1705,YORK MILLS RD,SCARSDALE RD,,Major Arterial,North York,43.753421,-79.357456,At Intersection,Traffic Signal,Rain,"Dark, artificial",Wet,Non-Fatal Injury,Cyclist Collisions,Driver,50 to 54,None,,South,"Automobile, Station Wagon",Turning Right,Failed to Yield Right of Way,Normal,,,,,,,,Yes,Yes,,,,,,,Yes,,,,42,Banbury-Don Mills,42,Banbury-Don Mills (42),D33,632234.767267952,4845796.48251283
1709,81454093,,12/14/2019 5:00:00 AM,1705,YORK MILLS RD,SCARSDALE RD,,Major Arterial,North York,43.753421,-79.357456,At Intersection,Traffic Signal,Rain,"Dark, artificial",Wet,Non-Fatal Injury,Cyclist Collisions,Cyclist,40 to 44,Major,,West,Bicycle,Going Ahead,,,,,,Motorist turning right on red at signalized intersection strikes cyclist.,Driving Properly,Normal,,Yes,Yes,,,,,,,Yes,,,,42,Banbury-Don Mills,42,Banbury-Don Mills (42),D33,632234.767267952,4845796.48251283
1710,81418430,540779,3/15/2020 4:00:00 AM,1523,BRIMLEY RD,KINGSTON RD,,Major Arterial,Scarborough,43.718154,-79.240329,At Intersection,Traffic Signal,Clear,Daylight,Dry,Non-Fatal Injury,Turning Movement,Cyclist,50 to 54,Major,,North,Bicycle,Turning Left,,,,,,Cyclist turned left across motorists path.,Failed to Yield Right of Way,Unknown,,Yes,Yes,,,,,Yes,,,,,,123,Cliffcrest,123,Cliffcrest (123),D43,641747.501256299,4842073.21935966
1711,81418431,540779,3/15/2020 4:00:00 AM,1523,BRIMLEY RD,KINGSTON RD,,Major Arterial,Scarborough,43.718154,-79.240329,At Intersection,Traffic Signal,Clear,Daylight,Dry,Non-Fatal Injury,Turning Movement,Driver,20 to 24,None,,South,"Automobile, Station Wagon",Going Ahead,Driving Properly,Normal,,,,,,,,Yes,Yes,,,,,Yes,,,,,,123,Cliffcrest,123,Cliffcrest (123),D43,641747.501256299,4842073.21935966
1712,81418432,540779,3/15/2020 4:00:00 AM,1523,BRIMLEY RD,KINGSTON RD,,Major Arterial,Scarborough,43.718154,-79.240329,At Intersection,Traffic Signal,Clear,Daylight,Dry,Non-Fatal Injury,Turning Movement,Passenger,20 to 24,None,,,,,,,,,,,,,,Yes,Yes,,,,,Yes,,,,,,123,Cliffcrest,123,Cliffcrest (123),D43,641747.501256299,4842073.21935966
1713,81485075,623949,3/29/2020 4:00:00 AM,1535,MARINE PARADE DR,SHORE BREEZE  DR,47 m East of,Collector,Etobicoke York,43.623797,-79.477939,Non Intersection,No Control,Clear,Daylight,Dry,Non-Fatal Injury,Cyclist Collisions,Driver,25 to 29,None,,East,"Automobile, Station Wagon",Making U Turn,Improper Turn,Inattentive,,,,,,,,Yes,Yes,,,,,,,,,,,161,Humber Bay Shores,17,Mimico (includes Humber Bay Shores) (17),D22,622799.299344172,4831214.68477489
1714,81485076,623949,3/29/2020 4:00:00 AM,1535,MARINE PARADE DR,SHORE BREEZE  DR,47 m East of,Collector,Etobicoke York,43.623797,-79.477939,Non Intersection,No Control,Clear,Daylight,Dry,Non-Fatal Injury,Cyclist Collisions,Cyclist,50 to 54,Major,,East,Bicycle,Going Ahead,,,,,,Cyclist and Driver travelling in same direction. One vehicle sideswipes the other.,Driving Properly,Normal,,Yes,Yes,,,,,,,,,,,161,Humber Bay Shores,17,Mimico (includes Humber Bay Shores) (17),D22,622799.299344172,4831214.68477489
1715,81423280,657926,4/4/2020 4:00:00 AM,715,HINTON RD,HAREFIELD DR,,Local,Etobicoke York,43.726561,-79.569522,At Intersection,No Control,Clear,Daylight,Dry,Non-Fatal Injury,Cyclist Collisions,Driver,25 to 29,None,,East,"Automobile, Station Wagon",Going Ahead,Lost control,Inattentive,,,,,,,,Yes,Yes,,,,,,Yes,Yes,,,,4,Rexdale-Kipling,4,Rexdale-Kipling (4),D23,615213.538615761,4842496.59573095
1716,81423281,657926,4/4/2020 4:00:00 AM,715,HINTON RD,HAREFIELD DR,,Local,Etobicoke York,43.726561,-79.569522,At Intersection,No Control,Clear,Daylight,Dry,Non-Fatal Injury,Cyclist Collisions,Cyclist,55 to 59,Major,,East,Bicycle,Going Ahead,,,,,,Cyclist and Driver travelling in same direction. One vehicle rear-ended the other.,Other,Normal,,Yes,Yes,,,,,,Yes,Yes,,,,4,Rexdale-Kipling,4,Rexdale-Kipling (4),D23,615213.538615761,4842496.59573095
1717,81423282,778481,4/24/2020 4:00:00 AM,1345,347 MORNINGSIDE AVE,,1 m East of,Major Arterial,Scarborough,43.775935,-79.18922,At/Near Private Drive,No Control,Clear,Daylight,Dry,Non-Fatal Injury,Turning Movement,Cyclist,55 to 59,Major,,North,Bicycle,Going Ahead,,,,,,"Cyclist without ROW rides into path of motorist at inter, lnwy, dwy-Cyclist not turn.",Failed to Yield Right of Way,Inattentive,,Yes,Yes,,,,,,,,,,,136,West Hill,136,West Hill (136),D43,645724.268693429,4848579.37086161
1718,81423283,778481,4/24/2020 4:00:00 AM,1345,347 MORNINGSIDE AVE,,1 m East of,Major Arterial,Scarborough,43.775935,-79.18922,At/Near Private Drive,No Control,Clear,Daylight,Dry,Non-Fatal Injury,Turning Movement,Driver,15 to 19,None,,North,"Automobile, Station Wagon",Turning Right,Driving Properly,Normal,,,,,,,,Yes,Yes,,,,,,,,,,,136,West Hill,136,West Hill (136),D43,645724.268693429,4848579.37086161
1719,81486442,825994,5/2/2020 4:00:00 AM,1538,12 QUEENS QUAY W,,,Minor Arterial,Toronto and East York,43.641387,-79.375934,At/Near Private Drive,Stop Sign,Rain,Daylight,Wet,Non-Fatal Injury,Cyclist Collisions,Driver,30 to 34,None,,North,"Automobile, Station Wagon",Turning Right,Failed to Yield Right of Way,Inattentive,,,,,,,,Yes,Yes,,,,,Yes,,Yes,,,,166,St Lawrence-East Bayfront-The Islands,77,Waterfront Communities-The Island (77),D52,630990.888576706,4833324.20673883
1720,81486443,825994,5/2/2020 4:00:00 AM,1538,12 QUEENS QUAY W,,,Minor Arterial,Toronto and East York,43.641387,-79.375934,At/Near Private Drive,Stop Sign,Rain,Daylight,Wet,Non-Fatal Injury,Cyclist Collisions,Cyclist,30 to 34,Major,,East,Bicycle,Going Ahead,,,,,,"Motorist turns right at non-signal Inter.(stop, yield, no cont.,and dwy) and strikes cyclist.",Driving Properly,Normal,,Yes,Yes,,,,,Yes,,Yes,,,,166,St Lawrence-East Bayfront-The Islands,77,Waterfront Communities-The Island (77),D52,630990.888576706,4833324.20673883
1721,81486444,825994,5/2/2020 4:00:00 AM,1538,12 QUEENS QUAY W,,,Minor Arterial,Toronto and East York,43.641387,-79.375934,At/Near Private Drive,Stop Sign,Rain,Daylight,Wet,Non-Fatal Injury,Cyclist Collisions,Passenger,25 to 29,None,,,,,,,,,,,,,,Yes,Yes,,,,,Yes,,Yes,,,,166,St Lawrence-East Bayfront-The Islands,77,Waterfront Communities-The Island (77),D52,630990.888576706,4833324.20673883
1722,81514492,1017235,6/2/2020 4:00:00 AM,1856,777 BLOOR ST W,,9 m South of,Major Arterial,Etobicoke York,43.663226,-79.419696,Non Intersection,No Control,Clear,Daylight,Dry,Non-Fatal Injury,Cyclist Collisions,Driver,65 to 69,None,,West,"Automobile, Station Wagon",Turning Left,Improper Turn,Unknown,,,,,,,,Yes,Yes,,,,,,,,,,,80,Palmerston-Little Italy,80,Palmerston-Little Italy (80),D14,627414.987539811,4835681.57599041