OBJECTID,INDEX,ACCNUM,DATE,TIME,STREET1,STREET2,OFFSET,ROAD_CLASS,DISTRICT,LATITUDE,LONGITUDE,ACCLOC,TRAFFCTL,VISIBILITY,LIGHT,RDSFCOND,ACCLASS,IMPACTYPE,INVTYPE,INVAGE,INJURY,FATAL_NO,INITDIR,VEHTYPE,MANOEUVER,DRIVACT,DRIVCOND,PEDTYPE,PEDACT,PEDCOND,CYCLISTYPE,CYCACT,CYCCOND,PEDESTRIAN,CYCLIST,AUTOMOBILE,MOTORCYCLE,TRUCK,TRSN_CITY_VEH,EMERG_VEH,PASSENGER,SPEEDING,AG_DRIV,REDLIGHT,ALCOHOL,DISABILITY,HOOD_158,NEIGHBOURHOOD_158,HOOD_140,NEIGHBOURHOOD_140,DIVISION,x,y
1723,81514493,1017235,6/2/2020 4:00:00 AM,1856,777 BLOOR ST W,,9 m South of,Major Arterial,Etobicoke York,43.663226,-79.419696,Non Intersection,No Control,Clear,Daylight,Dry,Non-Fatal Injury,Cyclist Collisions,Cyclist,45 to 49,Major,,East,Bicycle,Going Ahead,,,,,,"Motorist without ROW drives into path of cyclist at inter, lnwy, dwy-Driver not turn.",Driving Properly,Normal,,Yes,Yes,,,,,,,,,,,80,Palmerston-Little Italy,80,Palmerston-Little Italy (80),D14,627414.987539811,4835681.57599041
1724,81486914,1055551,6/8/2020 4:00:00 AM,1656,555 WILSON HEIGHTS BLVD,,,Minor Arterial,North York,43.751074,-79.456256,At/Near Private Drive,No Control,Clear,Daylight,Dry,Non-Fatal Injury,Cyclist Collisions,Driver,unknown,None,,West,"Automobile, Station Wagon",Turning Left,Failed to Yield Right of Way,Unknown,,,,,,,,Yes,Yes,,,,,,,Yes,,,,33,Clanton Park,33,Clanton Park (33),D32,624285.5539401,4845382.82406831
1725,81486915,1055551,6/8/2020 4:00:00 AM,1656,555 WILSON HEIGHTS BLVD,,,Minor Arterial,North York,43.751074,-79.456256,At/Near Private Drive,No Control,Clear,Daylight,Dry,Non-Fatal Injury,Cyclist Collisions,Cyclist,10 to 14,Major,,South,Bicycle,Going Ahead,,,,,,Motorist turned left across cyclists path.,Driving Properly,Normal,,Yes,Yes,,,,,,,Yes,,,,33,Clanton Park,33,Clanton Park (33),D32,624285.5539401,4845382.82406831
1726,81514485,1064302,6/9/2020 4:00:00 AM,2148,DUFFERIN ST,BLOOR ST W,20 m South o,Major Arterial,Toronto and East York,43.659812,-79.435321,Intersection Related,No Control,Clear,"Dark, artificial",Dry,Non-Fatal Injury,Cyclist Collisions,Driver,20 to 24,None,,South,"Automobile, Station Wagon",Making U Turn,Improper Turn,Normal,,,,,,,,Yes,Yes,,,,,Yes,,,,,,83,Dufferin Grove,83,Dufferin Grove (83),D14,626162.330879584,4835278.52868093
1727,81514486,1064302,6/9/2020 4:00:00 AM,2148,DUFFERIN ST,BLOOR ST W,20 m South o,Major Arterial,Toronto and East York,43.659812,-79.435321,Intersection Related,No Control,Clear,"Dark, artificial",Dry,Non-Fatal Injury,Cyclist Collisions,Cyclist,50 to 54,Major,,South,Bicycle,Going Ahead,,,,,,Motorist makes u-turn in-front of cyclist.,Driving Properly,Normal,,Yes,Yes,,,,,Yes,,,,,,83,Dufferin Grove,83,Dufferin Grove (83),D14,626162.330879584,4835278.52868093
1728,81514487,1064302,6/9/2020 4:00:00 AM,2148,DUFFERIN ST,BLOOR ST W,20 m South o,Major Arterial,Toronto and East York,43.659812,-79.435321,Intersection Related,No Control,Clear,"Dark, artificial",Dry,Non-Fatal Injury,Cyclist Collisions,Passenger,20 to 24,None,,,,,,,,,,,,,,Yes,Yes,,,,,Yes,,,,,,83,Dufferin Grove,83,Dufferin Grove (83),D14,626162.330879584,4835278.52868093
1729,81503948,1070817,6/10/2020 4:00:00 AM,2115,LAWRENCE AVE W,VARNA DR,,Major Arterial,North York,43.717429,-79.43764,At Intersection,Traffic Signal,Rain,"Dark, artificial",Wet,Non-Fatal Injury,Cyclist Collisions,Cyclist,20 to 24,Major,,North,Bicycle,Going Ahead,,,,,,"Cyclist without ROW rides into path of motorist at inter, lnwy, dwy-Cyclist not turn.",Disobeyed Traffic Control,Inattentive,,Yes,Yes,,,,,Yes,,,,,,32,Englemount-Lawrence,32,Englemount-Lawrence (32),D13,625854.784932626,4841674.16000523
1730,81503949,1070817,6/10/2020 4:00:00 AM,2115,LAWRENCE AVE W,VARNA DR,,Major Arterial,North York,43.717429,-79.43764,At Intersection,Traffic Signal,Rain,"Dark, artificial",Wet,Non-Fatal Injury,Cyclist Collisions,Driver,60 to 64,None,,West,"Automobile, Station Wagon",Going Ahead,Driving Properly,Normal,,,,,,,,Yes,Yes,,,,,Yes,,,,,,32,Englemount-Lawrence,32,Englemount-Lawrence (32),D13,625854.784932626,4841674.16000523
1731,81503950,1070817,6/10/2020 4:00:00 AM,2115,LAWRENCE AVE W,VARNA DR,,Major Arterial,North York,43.717429,-79.43764,At Intersection,Traffic Signal,Rain,"Dark, artificial",Wet,Non-Fatal Injury,Cyclist Collisions,Passenger,55 to 59,None,,,,,,,,,,,,,,Yes,Yes,,,,,Yes,,,,,,32,Englemount-Lawrence,32,Englemount-Lawrence (32),D13,625854.784932626,4841674.16000523
1732,81484975,1086962,6/13/2020 4:00:00 AM,1040,SHERBOURNE ST,QUEEN ST E,,Major Arterial,Toronto and East York,43.654452,-79.369418,At Intersection,Traffic Signal,Clear,Daylight,Dry,Non-Fatal Injury,Cyclist Collisions,Cyclist,55 to 59,Major,,South,Bicycle,Going Ahead,,,,,,"Cyclist without ROW rides into path of motorist at inter, lnwy, dwy-Cyclist not turn.",Disobeyed Traffic Control,Normal,,Yes,Yes,,,,,,,,,,,73,Moss Park,73,Moss Park (73),D51,631487.939029826,4834785.55077254
1733,81484976,1086962,6/13/2020 4:00:00 AM,1040,SHERBOURNE ST,QUEEN ST E,,Major Arterial,Toronto and East York,43.654452,-79.369418,At Intersection,Traffic Signal,Clear,Daylight,Dry,Non-Fatal Injury,Cyclist Collisions,Driver,50 to 54,None,,East,Pick Up Truck,Going Ahead,Driving Properly,Normal,,,,,,,,Yes,Yes,,,,,,,,,,,73,Moss Park,73,Moss Park (73),D51,631487.939029826,4834785.55077254
1734,81483231,1153227,6/23/2020 4:00:00 AM,611,LAWRENCE AVE W,DUPLEX AVE,,Major Arterial,North York,43.724314,-79.405566,At Intersection,Traffic Signal,Clear,Daylight,Dry,Non-Fatal Injury,Cyclist Collisions,Cyclist,20 to 24,Major,,North,Bicycle,Going Ahead,,,,,,"Cyclist without ROW rides into path of motorist at inter, lnwy, dwy-Cyclist not turn.",Disobeyed Traffic Control,Normal,,Yes,Yes,,,,,,,,,,,103,Lawrence Park South,103,Lawrence Park South (103),D53,628423.796247134,4842488.04087426
1735,81483232,1153227,6/23/2020 4:00:00 AM,611,LAWRENCE AVE W,DUPLEX AVE,,Major Arterial,North York,43.724314,-79.405566,At Intersection,Traffic Signal,Clear,Daylight,Dry,Non-Fatal Injury,Cyclist Collisions,Driver,35 to 39,None,,East,"Automobile, Station Wagon",Going Ahead,Driving Properly,Normal,,,,,,,,Yes,Yes,,,,,,,,,,,103,Lawrence Park South,103,Lawrence Park South (103),D53,628423.796247134,4842488.04087426
1736,81515342,1184792,6/27/2020 4:00:00 AM,1643,EGLINTON AVE W,SCARLETT RD,,Major Arterial,Etobicoke York,43.68389,-79.511417,At Intersection,Traffic Signal,Clear,Daylight,Dry,Non-Fatal Injury,Cyclist Collisions,Driver,35 to 39,None,,East,Pick Up Truck,Turning Right,Failed to Yield Right of Way,Normal,,,,,,,,Yes,Yes,,,,,,,Yes,,,,9,Edenbridge-Humber Valley,9,Edenbridge-Humber Valley (9),D22,619978.559984694,4837839.81415601
1737,81515343,1184792,6/27/2020 4:00:00 AM,1643,EGLINTON AVE W,SCARLETT RD,,Major Arterial,Etobicoke York,43.68389,-79.511417,At Intersection,Traffic Signal,Clear,Daylight,Dry,Non-Fatal Injury,Cyclist Collisions,Cyclist,10 to 14,Major,,East,Bicycle,Going Ahead,,,,,,Motorist turning right on green or amber at signalized intersection strikes cyclist.,Driving Properly,Normal,,Yes,Yes,,,,,,,Yes,,,,9,Edenbridge-Humber Valley,9,Edenbridge-Humber Valley (9),D22,619978.559984694,4837839.81415601
1738,81504801,1311242,7/15/2020 4:00:00 AM,950,YONGE ST,EGLINTON AVE E,16 m West of,Major Arterial,North York,43.70666,-79.398326,At Intersection,Traffic Signal,Clear,Daylight,Dry,Non-Fatal Injury,Cyclist Collisions,Cyclist,60 to 64,Major,,East,Bicycle,Going Ahead,,,,,,Cyclist and Driver travelling in same direction. One vehicle sideswipes the other.,Improper Passing,Inattentive,,Yes,,,Yes,,,,,,,,,174,South Eglinton-Davisville,104,Mount Pleasant West (104),D53,629044.836802338,4840538.5577521
1739,81504802,1311242,7/15/2020 4:00:00 AM,950,YONGE ST,EGLINTON AVE E,16 m West of,Major Arterial,North York,43.70666,-79.398326,At Intersection,Traffic Signal,Clear,Daylight,Dry,Non-Fatal Injury,Cyclist Collisions,Truck Driver,35 to 39,None,,East,Truck - Tank,Going Ahead,Driving Properly,Normal,,,,,,,,Yes,,,Yes,,,,,,,,,174,South Eglinton-Davisville,104,Mount Pleasant West (104),D53,629044.836802338,4840538.5577521
1740,81511464,1357752,7/21/2020 4:00:00 AM,1835,CENTRE RD,HIGH PARK BLVD,,Major Arterial,Etobicoke York,43.644133,-79.45827,At Intersection,Stop Sign,Clear,Daylight,Dry,Non-Fatal Injury,Cyclist Collisions,Cyclist,50 to 54,Major,,South,Bicycle,Turning Left,,,,,,Cyclist turned left across motorists path.,Disobeyed Traffic Control,Inattentive,,Yes,Yes,,,,,,,Yes,,,,87,High Park-Swansea,87,High Park-Swansea (87),D11,624344.254462671,4833502.53339963
1741,81511465,1357752,7/21/2020 4:00:00 AM,1835,CENTRE RD,HIGH PARK BLVD,,Major Arterial,Etobicoke York,43.644133,-79.45827,At Intersection,Stop Sign,Clear,Daylight,Dry,Non-Fatal Injury,Cyclist Collisions,Driver,60 to 64,None,,West,"Automobile, Station Wagon",Turning Left,Driving Properly,Normal,,,,,,,,Yes,Yes,,,,,,,Yes,,,,87,High Park-Swansea,87,High Park-Swansea (87),D11,624344.254462671,4833502.53339963
1742,81510807,1419288,7/30/2020 4:00:00 AM,1340,SPADINA AVE,COLLEGE ST,,Major Arterial,Scarborough,43.657874,-79.400012,At Intersection,Traffic Signal,Clear,Daylight,Dry,Non-Fatal Injury,Cyclist Collisions,Cyclist,20 to 24,Major,,North,Bicycle,Changing Lanes,,,,,,Cyclist and Driver travelling in same direction. One vehicle sideswipes the other.,Improper Lane Change,Inattentive,,Yes,Yes,,,,,,,,,,,78,Kensington-Chinatown,78,Kensington-Chinatown (78),D52,629013.525786864,4835117.58383826
1743,81510808,1419288,7/30/2020 4:00:00 AM,1340,SPADINA AVE,COLLEGE ST,,Major Arterial,Scarborough,43.657874,-79.400012,At Intersection,Traffic Signal,Clear,Daylight,Dry,Non-Fatal Injury,Cyclist Collisions,Driver,45 to 49,None,,North,Pick Up Truck,Going Ahead,Driving Properly,Normal,,,,,,,,Yes,Yes,,,,,,,,,,,78,Kensington-Chinatown,78,Kensington-Chinatown (78),D52,629013.525786864,4835117.58383826
1744,81487299,1494344,8/10/2020 4:00:00 AM,1117,OAKWOOD AVE,JESMOND AVE,25 m South o,Minor Arterial,North York,43.689456,-79.439487,At Intersection,Traffic Signal,Clear,Daylight,Dry,Non-Fatal Injury,Cyclist Collisions,Cyclist,15 to 19,Major,,North,Bicycle,Making U Turn,,,,,,,Improper Turn,Normal,,Yes,Yes,,,,,,,,,,,107,Oakwood Village,107,Oakwood Village (107),D13,625764.478252691,4838564.56596199
1745,81487300,1494344,8/10/2020 4:00:00 AM,1117,OAKWOOD AVE,JESMOND AVE,25 m South o,Minor Arterial,North York,43.689456,-79.439487,At Intersection,Traffic Signal,Clear,Daylight,Dry,Non-Fatal Injury,Cyclist Collisions,Driver,65 to 69,None,,North,"Automobile, Station Wagon",Going Ahead,Driving Properly,Normal,,,,,,,,Yes,Yes,,,,,,,,,,,107,Oakwood Village,107,Oakwood Village (107),D13,625764.478252691,4838564.56596199
1746,81505416,1551312,8/18/2020 4:00:00 AM,1235,HILDA AVE,MOORE PARK AVE,,Collector,North York,43.792048,-79.42683,At Intersection,Stop Sign,Clear,Daylight,Dry,Non-Fatal Injury,Cyclist Collisions,Cyclist,10 to 14,Major,,East,Bicycle,Going Ahead,,,,,,"Cyclist without ROW rides into path of motorist at inter, lnwy, dwy-Cyclist not turn.",Disobeyed Traffic Control,Inattentive,,Yes,Yes,,,,,,,,,,,36,Newtonbrook West,36,Newtonbrook West (36),D32,626568.176920549,4849978.18156963
1747,81505417,1551312,8/18/2020 4:00:00 AM,1235,HILDA AVE,MOORE PARK AVE,,Collector,North York,43.792048,-79.42683,At Intersection,Stop Sign,Clear,Daylight,Dry,Non-Fatal Injury,Cyclist Collisions,Driver,80 to 84,None,,South,"Automobile, Station Wagon",Going Ahead,Driving Properly,Normal,,,,,,,,Yes,Yes,,,,,,,,,,,36,Newtonbrook West,36,Newtonbrook West (36),D32,626568.176920549,4849978.18156963
1748,81504033,1584883,8/23/2020 4:00:00 AM,421,ST CLAIR AVE E,KENNEDY RD,,Major Arterial,Scarborough,43.716452,-79.261302,At Intersection,Traffic Signal,Clear,"Dark, artificial",Dry,Non-Fatal Injury,Cyclist Collisions,Driver,unknown,None,,West,,Going Ahead,Other,Unknown,,,,,,,,Yes,,,,,,,,,,,,120,Clairlea-Birchmount,120,Clairlea-Birchmount (120),D41,640061.999646176,4841848.5302547
1749,81504034,1584883,8/23/2020 4:00:00 AM,421,ST CLAIR AVE E,KENNEDY RD,,Major Arterial,Scarborough,43.716452,-79.261302,At Intersection,Traffic Signal,Clear,"Dark, artificial",Dry,Non-Fatal Injury,Cyclist Collisions,Cyclist,40 to 44,Major,,North,Bicycle,Going Ahead,,,,,,"Motorist without ROW drives into path of cyclist at inter, lnwy, dwy-Driver not turn.",Driving Properly,Normal,,Yes,,,,,,,,,,,,120,Clairlea-Birchmount,120,Clairlea-Birchmount (120),D41,640061.999646176,4841848.5302547
1750,81508594,1600299,8/25/2020 4:00:00 AM,1011,ROYAL YORK RD,SIMPSON AVE,,Minor Arterial,Etobicoke York,43.618308,-79.499255,At Intersection,No Control,Clear,Daylight,Dry,Non-Fatal Injury,Cyclist Collisions,Driver,30 to 34,None,,South,"Automobile, Station Wagon",Stopped,Driving Properly,Normal,,,,,,,,Yes,Yes,,,,,,,,,,,160,Mimico-Queensway,17,Mimico (includes Humber Bay Shores) (17),D22,621090.53562651,4830573.7576882
1751,81508595,1600299,8/25/2020 4:00:00 AM,1011,ROYAL YORK RD,SIMPSON AVE,,Minor Arterial,Etobicoke York,43.618308,-79.499255,At Intersection,No Control,Clear,Daylight,Dry,Non-Fatal Injury,Cyclist Collisions,Cyclist,50 to 54,Major,,South,Bicycle,Going Ahead,,,,,,Cyclist and Driver travelling in same direction. One vehicle rear-ended the other.,Driving Properly,Had Been Drinking,,Yes,Yes,,,,,,,,,,,160,Mimico-Queensway,17,Mimico (includes Humber Bay Shores) (17),D22,621090.53562651,4830573.7576882
1752,81508484,1603307,8/25/2020 4:00:00 AM,1736,HOWARD ST,EDGEDALE RD,,Local,Toronto and East York,43.671263,-79.373225,At Intersection,Stop Sign,Clear,Daylight,Dry,Non-Fatal Injury,Cyclist Collisions,Cyclist,30 to 34,Major,,East,Bicycle,Going Ahead,,,,,,"Cyclist without ROW rides into path of motorist at inter, lnwy, dwy-Cyclist not turn.",Wrong Way on One Way Road,Normal,,Yes,Yes,,,,,,,,,,,74,North St.James Town,74,North St.James Town (74),D51,631144.334734645,4836646.61130824
1753,81508485,1603307,8/25/2020 4:00:00 AM,1736,HOWARD ST,EDGEDALE RD,,Local,Toronto and East York,43.671263,-79.373225,At Intersection,Stop Sign,Clear,Daylight,Dry,Non-Fatal Injury,Cyclist Collisions,Driver,25 to 29,None,,North,"Automobile, Station Wagon",Turning Left,Driving Properly,Normal,,,,,,,,Yes,Yes,,,,,,,,,,,74,North St.James Town,74,North St.James Town (74),D51,631144.334734645,4836646.61130824
1754,81577636,1636966,8/30/2020 4:00:00 AM,1340,BRIMLEY RD,BARKDENE HILLS,50 m South o,Collector,Etobicoke York,43.714793,-79.238925,Non Intersection,No Control,Clear,Daylight,Dry,Non-Fatal Injury,Cyclist Collisions,Driver,unknown,None,,North,"Automobile, Station Wagon",Going Ahead,Improper Passing,Unknown,,,,,,,,Yes,Yes,,,,,,,Yes,,,,123,Cliffcrest,123,Cliffcrest (123),D41,641868.531447015,4841702.33325181
1755,81577637,1636966,8/30/2020 4:00:00 AM,1340,BRIMLEY RD,BARKDENE HILLS,50 m South o,Collector,Etobicoke York,43.714793,-79.238925,Non Intersection,No Control,Clear,Daylight,Dry,Non-Fatal Injury,Cyclist Collisions,Cyclist,25 to 29,Major,,North,Bicycle,Going Ahead,,,,,,Cyclist and Driver travelling in same direction. One vehicle rear-ended the other.,Driving Properly,Normal,,Yes,Yes,,,,,,,Yes,,,,123,Cliffcrest,123,Cliffcrest (123),D41,641868.531447015,4841702.33325181
1756,81509748,1650875,9/1/2020 4:00:00 AM,1238,BLOOR ST W,GLADSTONE AVE,9 m South of,Major Arterial,Toronto and East York,43.660174,-79.433826,At Intersection,No Control,Clear,Daylight,Dry,Non-Fatal Injury,Cyclist Collisions,Driver,50 to 54,None,,East,"Automobile, Station Wagon",Slowing or Stopping,Improper Lane Change,Normal,,,,,,,,Yes,Yes,,,,,,,,,,,83,Dufferin Grove,83,Dufferin Grove (83),D14,626282.117144388,4835321.00787035
1757,81509749,1650875,9/1/2020 4:00:00 AM,1238,BLOOR ST W,GLADSTONE AVE,9 m South of,Major Arterial,Toronto and East York,43.660174,-79.433826,At Intersection,No Control,Clear,Daylight,Dry,Non-Fatal Injury,Cyclist Collisions,Cyclist,50 to 54,Major,,East,Bicycle,Going Ahead,,,,,,Cyclist and Driver travelling in same direction. One vehicle sideswipes the other.,Driving Properly,Normal,,Yes,Yes,,,,,,,,,,,83,Dufferin Grove,83,Dufferin Grove (83),D14,626282.117144388,4835321.00787035
1758,81431999,1670339,9/4/2020 4:00:00 AM,551,FINCH AVE W,400 N FINCH E RAMP,,Major Arterial,Etobicoke York,43.755072,-79.527622,Non Intersection,No Control,Clear,"Dark, artificial",Dry,Fatal,Cyclist Collisions,,unknown,,,,"Automobile, Station Wagon",,,,,,,,,,,Yes,Yes,,,,,,,Yes,,,,25,Glenfield-Jane Heights,25,Glenfield-Jane Heights (25),D31,618531.998784349,4845722.25705822
1759,81432000,1670339,9/4/2020 4:00:00 AM,551,FINCH AVE W,400 N FINCH E RAMP,,Major Arterial,Etobicoke York,43.755072,-79.527622,Non Intersection,No Control,Clear,"Dark, artificial",Dry,Fatal,Cyclist Collisions,Cyclist,50 to 54,Fatal,22,West,Bicycle,Going Ahead,,,,,,Cyclist and Driver travelling in same direction. One vehicle rear-ended the other.,Driving Properly,Normal,,Yes,Yes,,,,,,,Yes,,,,25,Glenfield-Jane Heights,25,Glenfield-Jane Heights (25),D31,618531.998784349,4845722.25705822
1760,81432001,1670339,9/4/2020 4:00:00 AM,551,FINCH AVE W,400 N FINCH E RAMP,,Major Arterial,Etobicoke York,43.755072,-79.527622,Non Intersection,No Control,Clear,"Dark, artificial",Dry,Fatal,Cyclist Collisions,Driver,60 to 64,None,,West,"Automobile, Station Wagon",Going Ahead,Following too Close,Unknown,,,,,,,,Yes,Yes,,,,,,,Yes,,,,25,Glenfield-Jane Heights,25,Glenfield-Jane Heights (25),D31,618531.998784349,4845722.25705822
1761,81505984,1717092,9/10/2020 4:00:00 AM,2240,BLOOR ST E,CHURCH ST,,Major Arterial,Toronto and East York,43.670973,-79.383121,Intersection Related,Traffic Signal,Clear,"Dark, artificial",Dry,Non-Fatal Injury,SMV Other,Motorcycle Driver,40 to 44,Major,,East,Motorcycle,Going Ahead,Improper Passing,Inattentive,,,,,,,,Yes,,Yes,,,,Yes,Yes,Yes,,,,167,Church-Wellesley,75,Church-Yonge Corridor (75),D51,630347.176769436,4836598.80520565
1762,81505985,1717092,9/10/2020 4:00:00 AM,2240,BLOOR ST E,CHURCH ST,,Major Arterial,Toronto and East York,43.670973,-79.383121,Intersection Related,Traffic Signal,Clear,"Dark, artificial",Dry,Non-Fatal Injury,SMV Other,Moped Passenger,35 to 39,Major,,,,,,,,,,,,,,Yes,,Yes,,,,Yes,Yes,Yes,,,,167,Church-Wellesley,75,Church-Yonge Corridor (75),D51,630347.176769436,4836598.80520565
1763,81432066,1815972,9/20/2020 4:00:00 AM,1812,DUNDAS ST W,DENISON AVE,,Major Arterial,Toronto and East York,43.651957,-79.402225,At Intersection,Traffic Signal,Clear,Daylight,Dry,Fatal,Cyclist Collisions,Cyclist,35 to 39,Fatal,26,East,Bicycle,Going Ahead,,,,,,"Cyclist loses control and strikes object (pole, ttc track)",Lost control,Unknown,,Yes,Yes,,,,,,,,,,,78,Kensington-Chinatown,78,Kensington-Chinatown (78),D14,628847.734662662,4834456.98463075
1764,81432344,1815972,9/20/2020 4:00:00 AM,1812,DUNDAS ST W,DENISON AVE,,Major Arterial,Toronto and East York,43.651957,-79.402225,At Intersection,Traffic Signal,Clear,Daylight,Dry,Fatal,Cyclist Collisions,Driver,65 to 69,None,,East,"Automobile, Station Wagon",Going Ahead,Driving Properly,Normal,,,,,,,,Yes,Yes,,,,,,,,,,,78,Kensington-Chinatown,78,Kensington-Chinatown (78),D14,628847.734662662,4834456.98463075
1765,81505891,1931088,10/11/2020 4:00:00 AM,1120,WOODBINE AVE,KINGSTON RD,,Major Arterial,Etobicoke York,43.673857,-79.307887,At Intersection,Traffic Signal,Clear,Daylight,Dry,Non-Fatal Injury,Cyclist Collisions,Driver,45 to 49,None,,South,Pick Up Truck,Turning Left,Failed to Yield Right of Way,Inattentive,,,,,,,,Yes,Yes,,,,,,,Yes,,,,63,The Beaches,63,The Beaches (63),D55,636405.815440365,4837040.08385421
1766,81505892,1931088,10/11/2020 4:00:00 AM,1120,WOODBINE AVE,KINGSTON RD,,Major Arterial,Etobicoke York,43.673857,-79.307887,At Intersection,Traffic Signal,Clear,Daylight,Dry,Non-Fatal Injury,Cyclist Collisions,Cyclist,40 to 44,Major,,North,Bicycle,Going Ahead,,,,,,Motorist turned left across cyclists path.,Driving Properly,Normal,,Yes,Yes,,,,,,,Yes,,,,63,The Beaches,63,The Beaches (63),D55,636405.815440365,4837040.08385421
1767,81505326,1934074,10/11/2020 4:00:00 AM,2030,Kingston Road,Glen Everest Road,,Major Arterial,Scarborough,43.697543,-79.256755,At Intersection,Traffic Signal,Clear,"Dusk, artificial",Dry,Non-Fatal Injury,Cyclist Collisions,Cyclist,15 to 19,Major,,North,Bicycle,Going Ahead,,,,,,"Cyclist without ROW rides into path of motorist at inter, lnwy, dwy-Cyclist not turn.",Failed to Yield Right of Way,Inattentive,,Yes,,Yes,,,,,,,,,,122,Birchcliffe-Cliffside,122,Birchcliffe-Cliffside (122),D41,640472.455267982,4839756.10653696
1768,81505327,1934074,10/11/2020 4:00:00 AM,2030,Kingston Road,Glen Everest Road,,Major Arterial,Scarborough,43.697543,-79.256755,At Intersection,Traffic Signal,Clear,"Dusk, artificial",Dry,Non-Fatal Injury,Cyclist Collisions,Motorcycle Driver,30 to 34,Minimal,,West,Motorcycle,Going Ahead,Driving Properly,Normal,,,,,,,,Yes,,Yes,,,,,,,,,,122,Birchcliffe-Cliffside,122,Birchcliffe-Cliffside (122),D41,640472.455267982,4839756.10653696
1769,81504297,2045410,10/28/2020 4:00:00 AM,1241,DUFFERIN ST,BLOOR  ST W,,Major Arterial,Toronto and East York,43.659812,-79.435321,Intersection Related,Traffic Signal,Clear,Daylight,Dry,Non-Fatal Injury,Cyclist Collisions,Cyclist,30 to 34,Major,,North,Bicycle,Going Ahead,,,,,,,Failed to Yield Right of Way,Normal,,Yes,,,Yes,,,,,,,,,83,Dufferin Grove,83,Dufferin Grove (83),D14,626162.330879584,4835278.52868093
1770,81504298,2045410,10/28/2020 4:00:00 AM,1241,DUFFERIN ST,BLOOR  ST W,,Major Arterial,Toronto and East York,43.659812,-79.435321,Intersection Related,Traffic Signal,Clear,Daylight,Dry,Non-Fatal Injury,Cyclist Collisions,Driver,20 to 24,None,,North,"Truck - Closed (Blazer, etc)",Turning Right,Driving Properly,Normal,,,,,,,,Yes,,,Yes,,,,,,,,,83,Dufferin Grove,83,Dufferin Grove (83),D14,626162.330879584,4835278.52868093
1771,81508389,2072729,11/1/2020 4:00:00 AM,1300,BLOOR ST W,MARGUERETTA ST,1 m East of,Major Arterial,Toronto and East York,43.65898,-79.439731,At Intersection,No Control,Clear,Daylight,Dry,Non-Fatal Injury,Cyclist Collisions,Driver,unknown,None,,West,"Automobile, Station Wagon",Turning Left,Improper Turn,Unknown,,,,,,,,Yes,Yes,,,,,,,,,,,83,Dufferin Grove,83,Dufferin Grove (83),D11,625808.480431704,4835179.42793188
1772,81508390,2072729,11/1/2020 4:00:00 AM,1300,BLOOR ST W,MARGUERETTA ST,1 m East of,Major Arterial,Toronto and East York,43.65898,-79.439731,At Intersection,No Control,Clear,Daylight,Dry,Non-Fatal Injury,Cyclist Collisions,Cyclist,45 to 49,Major,,East,Bicycle,Going Ahead,,,,,,"Motorist turns right at non-signal Inter.(stop, yield, no cont.,and dwy) and strikes cyclist.",Driving Properly,Normal,,Yes,Yes,,,,,,,,,,,83,Dufferin Grove,83,Dufferin Grove (83),D11,625808.480431704,4835179.42793188
1773,81504015,2112681,11/7/2020 5:00:00 AM,958,KINGSTON RD,PINE RIDGE DR,,Major Arterial,Scarborough,43.730227,-79.226428,At Intersection,No Control,Clear,Daylight,Dry,Non-Fatal Injury,Cyclist Collisions,Driver,70 to 74,None,,West,"Automobile, Station Wagon",Turning Left,Failed to Yield Right of Way,Inattentive,,,,,,,,Yes,Yes,,,,,,,Yes,,,,123,Cliffcrest,123,Cliffcrest (123),D43,642838.590236934,4843437.97473752
1774,81504016,2112681,11/7/2020 5:00:00 AM,958,KINGSTON RD,PINE RIDGE DR,,Major Arterial,Scarborough,43.730227,-79.226428,At Intersection,No Control,Clear,Daylight,Dry,Non-Fatal Injury,Cyclist Collisions,Cyclist,50 to 54,Major,,East,Bicycle,Going Ahead,,,,,,Motorist turned left across cyclists path.,Driving Properly,Normal,,Yes,Yes,,,,,,,Yes,,,,123,Cliffcrest,123,Cliffcrest (123),D43,642838.590236934,4843437.97473752
1775,81508113,2145844,11/12/2020 5:00:00 AM,747,LAKE SHORE BLVD E,BOOTH AVE,9 m South of,Major Arterial,,43.653449,-79.340747,At Intersection,No Control,Clear,Daylight,Dry,Non-Fatal Injury,Other,Moped Driver,60 to 64,Major,,West,Moped,Going Ahead,Lost control,Fatigue,,,,,,,,Yes,,,,,,,,,,,,70,South Riverdale,70,South Riverdale (70),D55,633802.183216535,4834719.98689057