OBJECTID,INDEX,ACCNUM,DATE,TIME,STREET1,STREET2,OFFSET,ROAD_CLASS,DISTRICT,LATITUDE,LONGITUDE,ACCLOC,TRAFFCTL,VISIBILITY,LIGHT,RDSFCOND,ACCLASS,IMPACTYPE,INVTYPE,INVAGE,INJURY,FATAL_NO,INITDIR,VEHTYPE,MANOEUVER,DRIVACT,DRIVCOND,PEDTYPE,PEDACT,PEDCOND,CYCLISTYPE,CYCACT,CYCCOND,PEDESTRIAN,CYCLIST,AUTOMOBILE,MOTORCYCLE,TRUCK,TRSN_CITY_VEH,EMERG_VEH,PASSENGER,SPEEDING,AG_DRIV,REDLIGHT,ALCOHOL,DISABILITY,HOOD_158,NEIGHBOURHOOD_158,HOOD_140,NEIGHBOURHOOD_140,DIVISION,x,y
1880,81665628,2001712442,9/3/2022 4:00:00 AM,2100,WILSON AVE,CORNELIUS PKWY,,Major Arterial,,43.728224,-79.477031,At Intersection,No Control,Clear,Dark,Dry,Fatal,Cyclist Collisions,Passenger,15 to 19,None,,East,Bicycle,Going Ahead,,,,,,Motorist turned left across cyclists path.,Driving Properly,Normal,,Yes,Yes,,,,,Yes,,Yes,,,,155,Downsview,26,Downsview-Roding-CFB (26),D31,622659.611878072,4842814.03893523
1881,81688472,2001755398,9/9/2022 4:00:00 AM,1752,SHEPPARD AVE W,WILSON HEIGHTS BLVD,100 m West o,Major Arterial,North York,43.751399,-79.457629,Non Intersection,No Control,Clear,Daylight,Dry,Non-Fatal Injury,Cyclist Collisions,Cyclist,65 to 69,Major,,East,Bicycle,Changing Lanes,,,,,,Cyclist and Driver travelling in same direction. One vehicle sideswipes the other.,Improper Lane Change,Inattentive,,Yes,,,,Yes,,,,,,,,33,Clanton Park,33,Clanton Park (33),D32,624174.341795295,4845416.8609364
1882,81688473,2001755398,9/9/2022 4:00:00 AM,1752,SHEPPARD AVE W,WILSON HEIGHTS BLVD,100 m West o,Major Arterial,North York,43.751399,-79.457629,Non Intersection,No Control,Clear,Daylight,Dry,Non-Fatal Injury,Cyclist Collisions,Driver,40 to 44,None,,East,Municipal Transit Bus (TTC),Going Ahead,Driving Properly,Normal,,,,,,,,Yes,,,,Yes,,,,,,,,33,Clanton Park,33,Clanton Park (33),D32,624174.341795295,4845416.8609364
1883,81665285,2001790386,9/14/2022 4:00:00 AM,1436,KING ST E,CHURCH ST,52 m West of,Major Arterial,Toronto and East York,43.649707,-79.374957,Non Intersection,No Control,Clear,Daylight,Dry,Non-Fatal Injury,Cyclist Collisions,Motorcycle Driver,20 to 24,Major,,East,Motorcycle,Going Ahead,Exceeding Speed Limit,Normal,,,,,,,,Yes,,Yes,,,,,Yes,Yes,,,,168,Downtown Yonge East,75,Church-Yonge Corridor (75),D51,631051.596937282,4834249.79371037
1884,81665286,2001790386,9/14/2022 4:00:00 AM,1436,KING ST E,CHURCH ST,52 m West of,Major Arterial,Toronto and East York,43.649707,-79.374957,Non Intersection,No Control,Clear,Daylight,Dry,Non-Fatal Injury,Cyclist Collisions,Cyclist,40 to 44,None,,West,Bicycle,Turning Left,,,,,,Cyclist turned left across motorists path.,Improper Turn,Normal,,Yes,,Yes,,,,,Yes,Yes,,,,168,Downtown Yonge East,75,Church-Yonge Corridor (75),D51,631051.596937282,4834249.79371037
1885,81688409,2001797133,9/15/2022 4:00:00 AM,1257,287 COLLEGE ST,,60 m West of,Major Arterial,Toronto and East York,43.657664,-79.401332,Non Intersection,No Control,Clear,Daylight,Dry,Non-Fatal Injury,Cyclist Collisions,Truck Driver,20 to 24,None,,East,"Truck - Closed (Blazer, etc)",Turning Left,Improper Turn,Normal,,,,,,,,Yes,,,Yes,,,,,,,,,78,Kensington-Chinatown,78,Kensington-Chinatown (78),D14,628907.537113301,4835092.2089588
1886,81688410,2001797133,9/15/2022 4:00:00 AM,1257,287 COLLEGE ST,,60 m West of,Major Arterial,Toronto and East York,43.657664,-79.401332,Non Intersection,No Control,Clear,Daylight,Dry,Non-Fatal Injury,Cyclist Collisions,Cyclist,20 to 24,Major,,West,Bicycle,Going Ahead,,,,,,Cyclist falls off bike - no contact with motorist.,Driving Properly,Normal,,Yes,,,Yes,,,,,,,,,78,Kensington-Chinatown,78,Kensington-Chinatown (78),D14,628907.537113301,4835092.2089588
1887,81704798,2001909311,10/1/2022 4:00:00 AM,956,DUFFERIN ST,PEEL AVE,23 m North o,Minor Arterial,Toronto and East York,43.64379,-79.429195,At Intersection,No Control,Clear,Daylight,Dry,Non-Fatal Injury,Cyclist Collisions,Cyclist,30 to 34,Major,,South,Bicycle,Turning Left,,,,,,Cyclist turned left across motorists path.,Failed to Yield Right of Way,Inattentive,,Yes,Yes,,,,,,,,,,,84,Little Portugal,84,Little Portugal (84),D11,626689.967333918,4833508.41024148
1888,81704799,2001909311,10/1/2022 4:00:00 AM,956,DUFFERIN ST,PEEL AVE,23 m North o,Minor Arterial,Toronto and East York,43.64379,-79.429195,At Intersection,No Control,Clear,Daylight,Dry,Non-Fatal Injury,Cyclist Collisions,Driver,40 to 44,None,,North,"Automobile, Station Wagon",Going Ahead,Driving Properly,Normal,,,,,,,,Yes,Yes,,,,,,,,,,,84,Little Portugal,84,Little Portugal (84),D11,626689.967333918,4833508.41024148
1889,81667214,2001915767,10/2/2022 4:00:00 AM,810,EVANS AVE,ISLINGTON AVE,,Major Arterial,Etobicoke York,43.618312,-79.511256,At Intersection,Traffic Signal,Clear,Daylight,Dry,Non-Fatal Injury,Cyclist Collisions,Driver,60 to 64,None,,West,"Automobile, Station Wagon",Turning Right,Improper Turn,Normal,,,,,,,,Yes,Yes,,,,,,,,,,,160,Mimico-Queensway,17,Mimico (includes Humber Bay Shores) (17),D22,620122.195091208,4830556.77092508
1890,81667215,2001915767,10/2/2022 4:00:00 AM,810,EVANS AVE,ISLINGTON AVE,,Major Arterial,Etobicoke York,43.618312,-79.511256,At Intersection,Traffic Signal,Clear,Daylight,Dry,Non-Fatal Injury,Cyclist Collisions,Cyclist,35 to 39,Major,,South,Bicycle,Going Ahead,,,,,,Motorist turning right on red at signalized intersection strikes cyclist.,Other,Normal,,Yes,Yes,,,,,,,,,,,160,Mimico-Queensway,17,Mimico (includes Humber Bay Shores) (17),D22,620122.195091208,4830556.77092508
1891,81749183,2001952231,10/7/2022 4:00:00 AM,1103,WINONA DR,450,1 m East of,Minor Arterial,Toronto and East York,43.689906,-79.435741,Non Intersection,No Control,Clear,Daylight,Dry,Non-Fatal Injury,Cyclist Collisions,Cyclist,25 to 29,Major,,North,Bicycle,Going Ahead,,,,,,,Lost control,Inattentive,,Yes,Yes,,,,,Yes,,Yes,,,,107,Oakwood Village,107,Oakwood Village (107),D13,626065.435021893,4838620.23257673
1892,81749184,2001952231,10/7/2022 4:00:00 AM,1103,WINONA DR,450,1 m East of,Minor Arterial,Toronto and East York,43.689906,-79.435741,Non Intersection,No Control,Clear,Daylight,Dry,Non-Fatal Injury,Cyclist Collisions,Driver,50 to 54,None,,South,"Automobile, Station Wagon",Going Ahead,Driving Properly,Normal,,,,,,,,Yes,Yes,,,,,Yes,,Yes,,,,107,Oakwood Village,107,Oakwood Village (107),D13,626065.435021893,4838620.23257673
1893,81749185,2001952231,10/7/2022 4:00:00 AM,1103,WINONA DR,450,1 m East of,Minor Arterial,Toronto and East York,43.689906,-79.435741,Non Intersection,No Control,Clear,Daylight,Dry,Non-Fatal Injury,Cyclist Collisions,Passenger,50 to 54,None,,,,,,,,,,,,,,Yes,Yes,,,,,Yes,,Yes,,,,107,Oakwood Village,107,Oakwood Village (107),D13,626065.435021893,4838620.23257673
1894,81706055,2002070997,10/24/2022 4:00:00 AM,1715,BLOOR ST W,OSSINGTON AV,2 m North of,Major Arterial,North York,43.661982,-79.425624,At Intersection,Traffic Signal,Clear,Daylight,Dry,Non-Fatal Injury,Cyclist Collisions,Driver,20 to 24,None,,West,"Automobile, Station Wagon",Turning Left,Disobeyed Traffic Control,Inattentive,,,,,,,,Yes,Yes,,,,,,,Yes,Yes,,,80,Palmerston-Little Italy,80,Palmerston-Little Italy (80),D14,626939.648448796,4835534.32641682
1895,81706056,2002070997,10/24/2022 4:00:00 AM,1715,BLOOR ST W,OSSINGTON AV,2 m North of,Major Arterial,North York,43.661982,-79.425624,At Intersection,Traffic Signal,Clear,Daylight,Dry,Non-Fatal Injury,Cyclist Collisions,Cyclist,20 to 24,Major,,East,Bicycle,Going Ahead,,,,,,Motorist turned left across cyclists path.,Driving Properly,Normal,,Yes,Yes,,,,,,,Yes,Yes,,,80,Palmerston-Little Italy,80,Palmerston-Little Italy (80),D14,626939.648448796,4835534.32641682
1896,81667848,2002100036,10/28/2022 4:00:00 AM,1548,BLOOR ST W,SALEM AVE,,Major Arterial,Toronto and East York,43.66059,-79.431628,At Intersection,No Control,Clear,Daylight,Dry,Non-Fatal Injury,Cyclist Collisions,Driver,55 to 59,Major,,East,"Automobile, Station Wagon",Turning Left,Failed to Yield Right of Way,Inattentive,,,,,,,,Yes,Yes,,,,,,,Yes,,,,83,Dufferin Grove,83,Dufferin Grove (83),D14,626458.472366322,4835370.55789029
1897,81667849,2002100036,10/28/2022 4:00:00 AM,1548,BLOOR ST W,SALEM AVE,,Major Arterial,Toronto and East York,43.66059,-79.431628,At Intersection,No Control,Clear,Daylight,Dry,Non-Fatal Injury,Cyclist Collisions,Cyclist,40 to 44,Minor,,West,Bicycle,Going Ahead,,,,,,Motorist turned left across cyclists path.,Driving Properly,Normal,,Yes,Yes,,,,,,,Yes,,,,83,Dufferin Grove,83,Dufferin Grove (83),D14,626458.472366322,4835370.55789029
1898,81673538,2002133919,11/2/2022 4:00:00 AM,1127,YORK MILLS RD,OLD YONGE ST,,Major Arterial,North York,43.744746,-79.399562,At Intersection,No Control,Clear,"Daylight, artificial",Dry,Non-Fatal Injury,Cyclist Collisions,Driver,65 to 69,None,,East,"Automobile, Station Wagon",Turning Right,Improper Turn,Inattentive,,,,,,,,Yes,Yes,,,,,,,,,,,41,Bridle Path-Sunnybrook-York Mills,41,Bridle Path-Sunnybrook-York Mills (41),D32,628863.561261245,4844766.63409611
1899,81673539,2002133919,11/2/2022 4:00:00 AM,1127,YORK MILLS RD,OLD YONGE ST,,Major Arterial,North York,43.744746,-79.399562,At Intersection,No Control,Clear,"Daylight, artificial",Dry,Non-Fatal Injury,Cyclist Collisions,Cyclist,65 to 69,Major,,West,Bicycle,Going Ahead,,,,,,Motorist turned left across cyclists path.,Driving Properly,Normal,,Yes,Yes,,,,,,,,,,,41,Bridle Path-Sunnybrook-York Mills,41,Bridle Path-Sunnybrook-York Mills (41),D32,628863.561261245,4844766.63409611
1900,81687350,2002188340,11/9/2022 5:00:00 AM,1812,COLLEGE ST,ROXTON RD,1 m West of,Major Arterial,Toronto and East York,43.654647,-79.421451,At Intersection,No Control,Clear,"Dark, artificial",Dry,Non-Fatal Injury,Cyclist Collisions,Cyclist,25 to 29,Major,,West,Bicycle,Turning Left,,,,,,Cyclist turned left across motorists path.,Improper Turn,Inattentive,,Yes,Yes,,,,,,,,,,,81,Trinity-Bellwoods,81,Trinity-Bellwoods (81),D14,627291.613146077,4834726.07132592
1901,81687351,2002188340,11/9/2022 5:00:00 AM,1812,COLLEGE ST,ROXTON RD,1 m West of,Major Arterial,Toronto and East York,43.654647,-79.421451,At Intersection,No Control,Clear,"Dark, artificial",Dry,Non-Fatal Injury,Cyclist Collisions,Driver,15 to 19,None,,West,"Automobile, Station Wagon",Going Ahead,Driving Properly,Normal,,,,,,,,Yes,Yes,,,,,,,,,,,81,Trinity-Bellwoods,81,Trinity-Bellwoods (81),D14,627291.613146077,4834726.07132592
1902,81680183,2002216061,11/13/2022 5:00:00 AM,1838,PEARSON AV,SORAUREN AV,,Collector,Toronto and East York,43.642966,-79.442165,At Intersection,Stop Sign,Clear,"Dusk, artificial",Dry,Non-Fatal Injury,Cyclist Collisions,Driver,65 to 69,None,,East,"Automobile, Station Wagon",Going Ahead,Failed to Yield Right of Way,Inattentive,,,,,,,,Yes,Yes,,,,,,,Yes,,,,86,Roncesvalles,86,Roncesvalles (86),D11,625645.606874954,4833397.17782838
1903,81680184,2002216061,11/13/2022 5:00:00 AM,1838,PEARSON AV,SORAUREN AV,,Collector,Toronto and East York,43.642966,-79.442165,At Intersection,Stop Sign,Clear,"Dusk, artificial",Dry,Non-Fatal Injury,Cyclist Collisions,Cyclist,25 to 29,Major,,South,Bicycle,Going Ahead,,,,,,"Motorist without ROW drives into path of cyclist at inter, lnwy, dwy-Driver not turn.",Driving Properly,Normal,,Yes,Yes,,,,,,,Yes,,,,86,Roncesvalles,86,Roncesvalles (86),D11,625645.606874954,4833397.17782838
1904,81680026,2002271976,11/21/2022 5:00:00 AM,1609,KINGSTON RD,SHEPPARD AVE E,1 m East of,Major Arterial,Scarborough,43.803805,-79.137714,Non Intersection,No Control,Clear,Daylight,Dry,Non-Fatal Injury,Cyclist Collisions,Driver,70 to 74,None,,West,"Automobile, Station Wagon",Going Ahead,Improper Passing,Inattentive,,,,,,,,Yes,Yes,,,,,,,Yes,,,,143,West Rouge,131,Rouge (131),D42,649799.670317073,4851766.73904526
1905,81680027,2002271976,11/21/2022 5:00:00 AM,1609,KINGSTON RD,SHEPPARD AVE E,1 m East of,Major Arterial,Scarborough,43.803805,-79.137714,Non Intersection,No Control,Clear,Daylight,Dry,Non-Fatal Injury,Cyclist Collisions,Cyclist,55 to 59,Major,,West,Bicycle,Going Ahead,,,,,,Cyclist and Driver travelling in same direction. One vehicle rear-ended the other.,Driving Properly,Normal,,Yes,Yes,,,,,,,Yes,,,,143,West Rouge,131,Rouge (131),D42,649799.670317073,4851766.73904526
1906,81679976,2002286735,11/23/2022 5:00:00 AM,1627,ST CLAIR AVE E,YONGE ST,,Major Arterial,Scarborough,43.68801,-79.394099,At Intersection,Traffic Signal,Clear,Daylight,Dry,Fatal,Cyclist Collisions,Cyclist,20 to 24,Fatal,48,East,Bicycle,,,,,,,Motorist turning right on green or amber at signalized intersection strikes cyclist.,Driving Properly,Normal,,Yes,Yes,,,,,,,Yes,,,,98,Rosedale-Moore Park,98,Rosedale-Moore Park (98),D53,629425.5226902,4838473.80418557
1907,81679980,2002286735,11/23/2022 5:00:00 AM,1627,ST CLAIR AVE E,YONGE ST,,Major Arterial,Scarborough,43.68801,-79.394099,At Intersection,Traffic Signal,Clear,Daylight,Dry,Fatal,Cyclist Collisions,Driver,60 to 64,None,,West,Pick Up Truck,Turning Right,Failed to Yield Right of Way,Normal,,,,,,,,Yes,Yes,,,,,,,Yes,,,,98,Rosedale-Moore Park,98,Rosedale-Moore Park (98),D53,629425.5226902,4838473.80418557
1908,81705321,2002373908,12/1/2022 5:00:00 AM,2130,BLUE JAYS WY,FRONT ST W,,Minor Arterial,Toronto and East York,43.643412,-79.391261,At Intersection,Traffic Signal,Clear,Dark,Dry,Non-Fatal Injury,Cyclist Collisions,Driver,unknown,None,,West,"Automobile, Station Wagon",Going Ahead,Disobeyed Traffic Control,Unknown,,,,,,,,Yes,Yes,,,,,,,Yes,Yes,,,165,Harbourfront-CityPlace,77,Waterfront Communities-The Island (77),D52,629750.299514105,4833525.03343867
1909,81705322,2002373908,12/1/2022 5:00:00 AM,2130,BLUE JAYS WY,FRONT ST W,,Minor Arterial,Toronto and East York,43.643412,-79.391261,At Intersection,Traffic Signal,Clear,Dark,Dry,Non-Fatal Injury,Cyclist Collisions,Cyclist,20 to 24,Major,,North,Bicycle,Going Ahead,,,,,,"Motorist without ROW drives into path of cyclist at inter, lnwy, dwy-Driver not turn.",Driving Properly,Normal,,Yes,Yes,,,,,,,Yes,Yes,,,165,Harbourfront-CityPlace,77,Waterfront Communities-The Island (77),D52,629750.299514105,4833525.03343867
1910,81703587,2002473250,12/18/2022 5:00:00 AM,2228,LAKE SHORE BLVD E,LOWER JARVIS ST,1 m West of,Major Arterial,Toronto and East York,43.645507,-79.369792,At Intersection,Traffic Signal,Clear,"Dark, artificial",Dry,Non-Fatal Injury,Cyclist Collisions,Cyclist,40 to 44,Major,,South,Bicycle,Going Ahead,,,,,,"Cyclist without ROW rides into path of motorist at inter, lnwy, dwy-Cyclist not turn.",Disobeyed Traffic Control,Inattentive,,Yes,Yes,,,,,Yes,,,,,,166,St Lawrence-East Bayfront-The Islands,77,Waterfront Communities-The Island (77),D51,631477.296036041,4833791.49840152
1911,81703588,2002473250,12/18/2022 5:00:00 AM,2228,LAKE SHORE BLVD E,LOWER JARVIS ST,1 m West of,Major Arterial,Toronto and East York,43.645507,-79.369792,At Intersection,Traffic Signal,Clear,"Dark, artificial",Dry,Non-Fatal Injury,Cyclist Collisions,Driver,25 to 29,None,,East,"Automobile, Station Wagon",Going Ahead,Driving Properly,Normal,,,,,,,,Yes,Yes,,,,,Yes,,,,,,166,St Lawrence-East Bayfront-The Islands,77,Waterfront Communities-The Island (77),D51,631477.296036041,4833791.49840152
1912,81703589,2002473250,12/18/2022 5:00:00 AM,2228,LAKE SHORE BLVD E,LOWER JARVIS ST,1 m West of,Major Arterial,Toronto and East York,43.645507,-79.369792,At Intersection,Traffic Signal,Clear,"Dark, artificial",Dry,Non-Fatal Injury,Cyclist Collisions,Passenger,25 to 29,None,,,,,,,,,,,,,,Yes,Yes,,,,,Yes,,,,,,166,St Lawrence-East Bayfront-The Islands,77,Waterfront Communities-The Island (77),D51,631477.296036041,4833791.49840152
1913,81703590,2002473250,12/18/2022 5:00:00 AM,2228,LAKE SHORE BLVD E,LOWER JARVIS ST,1 m West of,Major Arterial,Toronto and East York,43.645507,-79.369792,At Intersection,Traffic Signal,Clear,"Dark, artificial",Dry,Non-Fatal Injury,Cyclist Collisions,Passenger,20 to 24,None,,,,,,,,,,,,,,Yes,Yes,,,,,Yes,,,,,,166,St Lawrence-East Bayfront-The Islands,77,Waterfront Communities-The Island (77),D51,631477.296036041,4833791.49840152
1914,81705826,3000237620,1/31/2023 5:00:00 AM,821,BLOOR ST E,Sherbourne St N,100 m West o,Major Arterial,Toronto and East York,43.672064,-79.377925,Non Intersection,No Control,Clear,Daylight,Dry,Non-Fatal Injury,Cyclist Collisions,Cyclist,40 to 44,Major,,West,Bicycle,Changing Lanes,,,,,,,Speed too Fast For Condition,,,Yes,Yes,,Yes,,,,,Yes,,,,74,North St.James Town,74,North St.James Town (74),D51,630763.695255048,4836728.153346
1915,81705827,3000237620,1/31/2023 5:00:00 AM,821,BLOOR ST E,Sherbourne St N,100 m West o,Major Arterial,Toronto and East York,43.672064,-79.377925,Non Intersection,No Control,Clear,Daylight,Dry,Non-Fatal Injury,Cyclist Collisions,Driver,55 to 59,None,,West,"Automobile, Station Wagon",Going Ahead,Driving Properly,Normal,,,,,,,,Yes,Yes,,Yes,,,,,Yes,,,,74,North St.James Town,74,North St.James Town (74),D51,630763.695255048,4836728.153346
1916,81705828,3000237620,1/31/2023 5:00:00 AM,821,BLOOR ST E,Sherbourne St N,100 m West o,Major Arterial,Toronto and East York,43.672064,-79.377925,Non Intersection,No Control,Clear,Daylight,Dry,Non-Fatal Injury,Cyclist Collisions,Truck Driver,unknown,None,,West,Truck - Dump,Stopped,Disobeyed Traffic Control,Unknown,,,,,,,,Yes,Yes,,Yes,,,,,Yes,,,,74,North St.James Town,74,North St.James Town (74),D51,630763.695255048,4836728.153346
1917,81708526,3000702981,3/30/2023 4:00:00 AM,1949,LAKE SHORE BLVD W,SUPERIOR AVE,,Major Arterial,Etobicoke York,43.614958,-79.488635,At Intersection,Traffic Signal,Clear,Dusk,Dry,Non-Fatal Injury,Cyclist Collisions,Driver,50 to 54,None,,West,Pick Up Truck,Turning Left,Failed to Yield Right of Way,Other,,,,,,,,Yes,Yes,,,,,,,Yes,,,,161,Humber Bay Shores,17,Mimico (includes Humber Bay Shores) (17),D22,621954.210507184,4830217.2411629
1918,81708527,3000702981,3/30/2023 4:00:00 AM,1949,LAKE SHORE BLVD W,SUPERIOR AVE,,Major Arterial,Etobicoke York,43.614958,-79.488635,At Intersection,Traffic Signal,Clear,Dusk,Dry,Non-Fatal Injury,Cyclist Collisions,Cyclist,35 to 39,Major,,East,Bicycle,Going Ahead,,,,,,Motorist turned left across cyclists path.,Driving Properly,Normal,,Yes,Yes,,,,,,,Yes,,,,161,Humber Bay Shores,17,Mimico (includes Humber Bay Shores) (17),D22,621954.210507184,4830217.2411629
1919,81708854,3000772392,4/8/2023 4:00:00 AM,1319,DUNDAS ST W,DUFFERIN ST,70 m West of,Major Arterial,Toronto and East York,43.649623,-79.432254,Non Intersection,No Control,Clear,Daylight,Dry,Non-Fatal Injury,Other,Driver,30 to 34,None,,East,"Automobile, Station Wagon",Stopped,Failed to Yield Right of Way,Other,,,,,,,,Yes,Yes,,,Yes,,,,Yes,,,,84,Little Portugal,84,Little Portugal (84),D11,626431.009900374,4834151.57528783
1920,81708855,3000772392,4/8/2023 4:00:00 AM,1319,DUNDAS ST W,DUFFERIN ST,70 m West of,Major Arterial,Toronto and East York,43.649623,-79.432254,Non Intersection,No Control,Clear,Daylight,Dry,Non-Fatal Injury,Other,Driver,60 to 64,None,,East,Street Car,Going Ahead,Driving Properly,Normal,,,,,,,,Yes,Yes,,,Yes,,,,Yes,,,,84,Little Portugal,84,Little Portugal (84),D11,626431.009900374,4834151.57528783
1921,81708856,3000772392,4/8/2023 4:00:00 AM,1319,DUNDAS ST W,DUFFERIN ST,70 m West of,Major Arterial,Toronto and East York,43.649623,-79.432254,Non Intersection,No Control,Clear,Daylight,Dry,Non-Fatal Injury,Other,Cyclist,35 to 39,Major,,East,Bicycle,Going Ahead,,,,,,Cyclist struck opened vehicle door,Driving Properly,Normal,,Yes,Yes,,,Yes,,,,Yes,,,,84,Little Portugal,84,Little Portugal (84),D11,626431.009900374,4834151.57528783
1922,81747790,3001181189,5/26/2023 4:00:00 AM,50,STEELES AV WEST,JANE ST,,Major Shoreline,North York,43.775332,-79.521732,Intersection Related,Traffic Signal,Clear,"Dark, artificial",Dry,Non-Fatal Injury,Cyclist Collisions,Cyclist,55 to 59,Major,,East,Bicycle,Going Ahead,,,,,,Motorist turned left across cyclists path.,,Unknown,,Yes,,,,,,,,,,,,24,Black Creek,24,Black Creek (24),D31,618966.00312087,4847980.87663063
1923,81731846,3001205970,5/28/2023 4:00:00 AM,1927,SCARLETT RD,LOCKHEED BLVD,,Major Arterial,Etobicoke York,43.699637,-79.525035,At Intersection,No Control,Clear,Daylight,Dry,Fatal,Cyclist Collisions,Driver,20 to 24,None,,North,"Automobile, Station Wagon",Changing Lanes,Other,Normal,,,,,,,,Yes,Yes,,,,,Yes,,,,,,8,Humber Heights-Westmount,8,Humber Heights-Westmount (8),D23,618849.844269145,4839569.12106819
1924,81731847,3001205970,5/28/2023 4:00:00 AM,1927,SCARLETT RD,LOCKHEED BLVD,,Major Arterial,Etobicoke York,43.699637,-79.525035,At Intersection,No Control,Clear,Daylight,Dry,Fatal,Cyclist Collisions,Passenger,20 to 24,None,,North,"Automobile, Station Wagon",,,,,,,,,,,Yes,Yes,,,,,Yes,,,,,,8,Humber Heights-Westmount,8,Humber Heights-Westmount (8),D23,618849.844269145,4839569.12106819
1925,81738097,3001205970,5/28/2023 4:00:00 AM,1927,SCARLETT RD,LOCKHEED BLVD,,Major Arterial,Etobicoke York,43.699637,-79.525035,At Intersection,No Control,Clear,Daylight,Dry,Fatal,Cyclist Collisions,Cyclist,30 to 34,Fatal,14,North,Bicycle,Turning Left,,,,,,Cyclist and Driver travelling in same direction. One vehicle sideswipes the other.,Other,Normal,,Yes,Yes,,,,,Yes,,,,,,8,Humber Heights-Westmount,8,Humber Heights-Westmount (8),D23,618849.844269145,4839569.12106819
1926,81738952,3001211034,5/29/2023 4:00:00 AM,1126,BLOOR ST E,SHERBOURNE ST,25 m West of,Major Arterial,Toronto and East York,43.672305,-79.377116,Intersection Related,Traffic Signal,Clear,Daylight,Dry,Non-Fatal Injury,Other,Driver,75 to 79,None,,East,"Automobile, Station Wagon",Changing Lanes,Improper Lane Change,Other,,,,,,,,Yes,Yes,,,,,,,,,,,74,North St.James Town,98,Rosedale-Moore Park (98),D51,630828.389870378,4836756.19528356
1927,81738953,3001211034,5/29/2023 4:00:00 AM,1126,BLOOR ST E,SHERBOURNE ST,25 m West of,Major Arterial,Toronto and East York,43.672305,-79.377116,Intersection Related,Traffic Signal,Clear,Daylight,Dry,Non-Fatal Injury,Other,Cyclist,45 to 49,Major,,East,Bicycle,Going Ahead,,,,,,Cyclist and Driver travelling in same direction. One vehicle sideswipes the other.,Driving Properly,Normal,,Yes,Yes,,,,,,,,,,,74,North St.James Town,98,Rosedale-Moore Park (98),D51,630828.389870378,4836756.19528356
1928,81739124,3001224496,5/30/2023 4:00:00 AM,1723,DANFORTH AV,VICTORIA PARK AV,22 m North o,Major Arterial,Toronto and East York,43.691229,-79.288364,Intersection Related,Traffic Signal,Clear,Daylight,Dry,Non-Fatal Injury,,Driver,30 to 34,None,,North,Municipal Transit Bus (TTC),Going Ahead,Other,Normal,,,,,,,,Yes,,,,Yes,,,,,,,,61,Taylor-Massey,61,Taylor-Massey (61),D55,637939.815678279,4839001.77789995
1929,81739125,3001224496,5/30/2023 4:00:00 AM,1723,DANFORTH AV,VICTORIA PARK AV,22 m North o,Major Arterial,Toronto and East York,43.691229,-79.288364,Intersection Related,Traffic Signal,Clear,Daylight,Dry,Non-Fatal Injury,,Cyclist,60 to 64,Major,,North,Bicycle,Going Ahead,,,,,,Cyclist and Driver travelling in same direction. One vehicle sideswipes the other.,Other,Unknown,,Yes,,,,Yes,,,,,,,,61,Taylor-Massey,61,Taylor-Massey (61),D55,637939.815678279,4839001.77789995
1930,81806466,3001255637,6/2/2023 4:00:00 AM,1615,CHUDLEIGH AV,DUPLEX AV,2 m East of,,,43.723582,-79.405277,Intersection Related,Stop Sign,Clear,Daylight,Dry,Non-Fatal Injury,Cyclist Collisions,Driver,65 to 69,None,,South,"Automobile, Station Wagon",Going Ahead,Driving Properly,Normal,,,,,,,,Yes,Yes,,,,,,,,,,,103,Lawrence Park South,103,Lawrence Park South (103),D53,628448.638419308,4842407.18964191
1931,81806467,3001255637,6/2/2023 4:00:00 AM,1615,CHUDLEIGH AV,DUPLEX AV,2 m East of,,,43.723582,-79.405277,Intersection Related,Stop Sign,Clear,Daylight,Dry,Non-Fatal Injury,Cyclist Collisions,Cyclist,45 to 49,Major,,West,Bicycle,Going Ahead,,,,,,,Failed to Yield Right of Way,,,Yes,Yes,,,,,,,,,,,103,Lawrence Park South,103,Lawrence Park South (103),D53,628448.638419308,4842407.18964191
1932,81806201,3001266525,6/3/2023 4:00:00 AM,1809,DUNDAS ST E,LOGAN AV,2 m East of,,,43.663932,-79.34383,Intersection Related,Traffic Signal,Clear,Daylight,Dry,Non-Fatal Injury,Cyclist Collisions,Driver,60 to 64,None,,East,"Automobile, Station Wagon",Turning Left,Improper Turn,,,,,,,,,Yes,Yes,,,,,,,,,,,70,South Riverdale,70,South Riverdale (70),D55,633530.32725643,4835879.29741679